path,predicted_label
0_1034.jpeg,elefante
0_1045.jpeg,gallina
0_1085.jpeg,gatto
0_110.jpeg,cane
0_1104.jpeg,ragno
0_1115.jpeg,farfalla
0_1124.jpeg,farfalla
0_1184.jpeg,elefante
0_1216.jpeg,scoiattolo
0_1218.jpeg,elefante
0_1224.jpeg,cane
0_1236.jpeg,elefante
0_134.jpeg,gallina
0_148.jpeg,elefante
0_153.jpeg,elefante
0_162.jpeg,elefante
0_163.jpeg,cane
0_194.jpeg,cane
0_2.jpeg,elefante
0_204.jpeg,elefante
0_230.jpeg,mucca
0_267.jpeg,mucca
0_30.jpeg,elefante
0_350.jpeg,elefante
0_356.jpeg,elefante
0_421.jpeg,elefante
0_431.jpeg,elefante
0_456.jpeg,gatto
0_465.jpeg,cane
0_468.jpeg,elefante
0_471.jpeg,elefante
0_487.jpeg,cane
0_489.jpeg,gatto
0_494.jpeg,cane
0_511.jpeg,cane
0_532.jpeg,scoiattolo
0_542.jpeg,cane
0_557.jpeg,elefante
0_566.jpeg,mucca
0_568.jpeg,elefante
0_671.jpeg,mucca
0_696.jpeg,elefante
0_714.jpeg,gallina
0_746.jpeg,gatto
0_771.jpeg,elefante
0_785.jpeg,farfalla
0_798.jpeg,ragno
0_808.jpeg,cane
0_849.jpeg,gallina
0_886.jpeg,pecora
0_895.jpeg,pecora
0_899.jpeg,elefante
0_92.jpeg,elefante
0_933.jpeg,gatto
0_941.jpeg,gallina
0_962.jpeg,gallina
0_984.jpeg,pecora
0_991.jpeg,ragno
1.jpeg,elefante
10.jpeg,gallina
1001.jpeg,gallina
1002.jpeg,elefante
1004.jpeg,farfalla
1007.jpeg,elefante
1014.jpeg,farfalla
1016.jpeg,gatto
1018.jpeg,gallina
102.jpeg,gallina
1021.jpeg,elefante
1026.jpeg,elefante
1027.jpeg,gallina
1028.jpeg,scoiattolo
1029.jpeg,elefante
103.jpeg,scoiattolo
1030.jpeg,elefante
1034.jpeg,elefante
1037.jpeg,elefante
104.jpeg,cane
1040.jpeg,elefante
1045.jpeg,ragno
1046.jpeg,ragno
1047.jpeg,ragno
1054.jpeg,gatto
1057.jpeg,ragno
106.jpeg,gatto
1060.jpeg,pecora
1061.jpeg,scoiattolo
1068.jpeg,cane
1072.jpeg,scoiattolo
1074.jpeg,elefante
1076.jpeg,elefante
1085.jpeg,ragno
1087.jpeg,gallina
109.jpeg,elefante
1091.jpeg,elefante
1093.jpeg,gallina
1094.jpeg,pecora
1098.jpeg,gallina
1099.jpeg,mucca
110.jpeg,gallina
1100.jpeg,mucca
1103.jpeg,gallina
1104.jpeg,scoiattolo
1107.jpeg,pecora
1112.jpeg,mucca
1113.jpeg,pecora
1114.jpeg,scoiattolo
1115.jpeg,elefante
1116.jpeg,gallina
1117.jpeg,gallina
112.jpeg,elefante
1124.jpeg,elefante
1130.jpeg,pecora
1131.jpeg,gallina
1132.jpeg,ragno
1135.jpeg,ragno
1142.jpeg,cane
1144.jpeg,ragno
115.jpeg,elefante
1150.jpeg,gallina
1158.jpeg,gallina
1159.jpeg,gallina
1163.jpeg,ragno
1164.jpeg,elefante
1165.jpeg,gallina
117.jpeg,elefante
1171.jpeg,mucca
1174.jpeg,ragno
1175.jpeg,elefante
1183.jpeg,gallina
1184.jpeg,pecora
1185.jpeg,elefante
1186.jpeg,elefante
119.jpeg,pecora
1192.jpeg,elefante
1194.jpeg,pecora
1198.jpeg,scoiattolo
1199.jpeg,gallina
12.jpeg,gallina
1200.jpeg,scoiattolo
1201.jpeg,ragno
1203.jpeg,elefante
1207.jpeg,elefante
121.jpeg,scoiattolo
1214.jpeg,ragno
1215.jpeg,cane
1216.jpeg,elefante
1218.jpeg,gallina
122.jpeg,elefante
1220.jpeg,gatto
1224.jpeg,gallina
1225.jpeg,elefante
1226.jpeg,pecora
1227.jpeg,elefante
1228.jpeg,farfalla
1232.jpeg,elefante
1236.jpeg,gallina
1239.jpeg,gallina
124.jpeg,pecora
1241.jpeg,cane
1243.jpeg,mucca
1250.jpeg,elefante
1255.jpeg,farfalla
1257.jpeg,cavallo
1258.jpeg,scoiattolo
126.jpeg,elefante
1264.jpeg,ragno
1273.jpeg,cane
128.jpeg,mucca
1285.jpeg,elefante
1292.jpeg,elefante
1294.jpeg,elefante
1295.jpeg,elefante
1299.jpeg,cane
13.jpeg,cane
1302.jpeg,cane
1303.jpeg,ragno
1304.jpeg,elefante
1305.jpeg,scoiattolo
1307.jpeg,scoiattolo
1308.jpeg,cane
1310.jpeg,gatto
1323.jpeg,elefante
1328.jpeg,gatto
134.jpeg,gallina
1349.jpeg,cane
1359.jpeg,cane
1372.jpeg,gatto
1376.jpeg,elefante
138.jpeg,elefante
1381.jpeg,cane
139.jpeg,gallina
14.jpeg,gallina
1410.jpeg,elefante
142.jpeg,elefante
1425.jpeg,cane
1426.jpeg,scoiattolo
143.jpeg,gatto
1439.jpeg,gatto
144.jpeg,cane
1440.jpeg,gatto
1442.jpeg,mucca
1446.jpeg,elefante
1449.jpeg,gatto
1451.jpeg,farfalla
1453.jpeg,gallina
1455.jpeg,elefante
1456.jpeg,gatto
1457.jpeg,mucca
1459.jpeg,gatto
1461.jpeg,farfalla
1462.jpeg,gatto
1465.jpeg,gatto
1469.jpeg,elefante
1470.jpeg,elefante
1471.jpeg,cane
1472.jpeg,gatto
1478.jpeg,elefante
148.jpeg,elefante
1481.jpeg,mucca
1485.jpeg,pecora
1492.jpeg,gatto
1493.jpeg,elefante
1494.jpeg,cane
1496.jpeg,cane
1500.jpeg,cane
1503.jpeg,cane
151.jpeg,elefante
1512.jpeg,elefante
1514.jpeg,gallina
1518.jpeg,cane
1525.jpeg,elefante
1527.jpeg,cane
153.jpeg,elefante
1530.jpeg,elefante
1533.jpeg,pecora
1534.jpeg,cane
1537.jpeg,ragno
1540.jpeg,elefante
1541.jpeg,elefante
1545.jpeg,elefante
1546.jpeg,mucca
1548.jpeg,scoiattolo
155.jpeg,cane
1550.jpeg,elefante
1552.jpeg,elefante
1554.jpeg,cane
1556.jpeg,cane
1558.jpeg,gatto
1563.jpeg,gatto
1566.jpeg,elefante
1567.jpeg,gatto
1573.jpeg,cane
1575.jpeg,gatto
1579.jpeg,gatto
158.jpeg,gallina
1580.jpeg,elefante
1591.jpeg,cane
1592.jpeg,cane
1593.jpeg,elefante
16.jpeg,elefante
160.jpeg,elefante
1604.jpeg,cane
1606.jpeg,gatto
161.jpeg,elefante
1612.jpeg,pecora
1613.jpeg,gallina
1614.jpeg,elefante
1615.jpeg,cane
1616.jpeg,cavallo
162.jpeg,elefante
1624.jpeg,gatto
1629.jpeg,scoiattolo
163.jpeg,gallina
1631.jpeg,elefante
1637.jpeg,scoiattolo
1638.jpeg,gatto
1641.jpeg,cavallo
1643.jpeg,elefante
1647.jpeg,pecora
1648.jpeg,scoiattolo
166.jpeg,elefante
1661.jpeg,ragno
1662.jpeg,cane
1666.jpeg,elefante
167.jpeg,cavallo
1672.jpeg,pecora
1673.jpeg,gallina
1676.jpeg,cane
168.jpeg,scoiattolo
1682.jpeg,gatto
1685.jpeg,ragno
1687.jpeg,cane
1688.jpeg,elefante
1690.jpeg,elefante
1693.jpeg,cane
1694.jpeg,scoiattolo
1695.jpeg,elefante
1703.jpeg,elefante
1704.jpeg,elefante
1705.jpeg,elefante
1707.jpeg,cane
1710.jpeg,cane
1711.jpeg,cane
1714.jpeg,ragno
1718.jpeg,elefante
172.jpeg,gallina
1721.jpeg,gatto
1726.jpeg,elefante
1730.jpeg,cavallo
1732.jpeg,elefante
1733.jpeg,elefante
1734.jpeg,gallina
1739.jpeg,gatto
1742.jpeg,elefante
1744.jpeg,scoiattolo
1745.jpeg,elefante
1747.jpeg,elefante
1753.jpeg,elefante
1755.jpeg,elefante
1756.jpeg,elefante
1757.jpeg,elefante
1758.jpeg,elefante
176.jpeg,ragno
1769.jpeg,gatto
1771.jpeg,cane
178.jpeg,gallina
1783.jpeg,pecora
1786.jpeg,elefante
1789.jpeg,cane
1790.jpeg,gatto
1795.jpeg,elefante
1799.jpeg,gatto
180.jpeg,elefante
1800.jpeg,gatto
1806.jpeg,gatto
1811.jpeg,mucca
1812.jpeg,cane
1813.jpeg,cane
1819.jpeg,cane
1820.jpeg,cane
1821.jpeg,cane
1823.jpeg,cane
1825.jpeg,gatto
1829.jpeg,gatto
1830.jpeg,scoiattolo
1834.jpeg,cane
1837.jpeg,gatto
1839.jpeg,gatto
184.jpeg,cane
1846.jpeg,mucca
1848.jpeg,mucca
185.jpeg,ragno
1850.jpeg,gatto
1854.jpeg,cane
186.jpeg,farfalla
1865.jpeg,gallina
187.jpeg,elefante
188.jpeg,gallina
1880.jpeg,gatto
1882.jpeg,gatto
1889.jpeg,cane
1890.jpeg,elefante
190.jpeg,pecora
1903.jpeg,cane
1909.jpeg,cane
191.jpeg,gatto
1919.jpeg,cane
1921.jpeg,cane
1931.jpeg,farfalla
1937.jpeg,scoiattolo
1938.jpeg,gallina
194.jpeg,gallina
1944.jpeg,gatto
1947.jpeg,elefante
2.jpeg,gallina
202.jpeg,ragno
204.jpeg,gallina
205.jpeg,ragno
215.jpeg,elefante
221.jpeg,gallina
224.jpeg,gallina
225.jpeg,cane
227.jpeg,gallina
230.jpeg,elefante
235.jpeg,elefante
237.jpeg,cavallo
239.jpeg,gallina
247.jpeg,elefante
255.jpeg,gallina
256.jpeg,pecora
259.jpeg,gallina
262.jpeg,ragno
264.jpeg,cane
267.jpeg,ragno
272.jpeg,ragno
274.jpeg,gallina
275.jpeg,ragno
280.jpeg,cane
283.jpeg,cane
284.jpeg,gallina
291.jpeg,elefante
297.jpeg,gallina
30.jpeg,gallina
300.jpeg,elefante
302.jpeg,scoiattolo
303.jpeg,ragno
307.jpeg,elefante
309.jpeg,elefante
312.jpeg,scoiattolo
315.jpeg,gatto
317.jpeg,pecora
319.jpeg,scoiattolo
325.jpeg,elefante
326.jpeg,elefante
328.jpeg,cane
33.jpeg,scoiattolo
330.jpeg,mucca
332.jpeg,cane
335.jpeg,elefante
339.jpeg,elefante
34.jpeg,cane
341.jpeg,elefante
344.jpeg,scoiattolo
348.jpeg,pecora
35.jpeg,gallina
350.jpeg,elefante
353.jpeg,scoiattolo
355.jpeg,elefante
356.jpeg,elefante
357.jpeg,elefante
359.jpeg,gallina
360.jpeg,elefante
362.jpeg,elefante
363.jpeg,gatto
365.jpeg,gallina
367.jpeg,mucca
374.jpeg,elefante
376.jpeg,gallina
377.jpeg,gallina
378.jpeg,cane
379.jpeg,cane
381.jpeg,pecora
383.jpeg,farfalla
386.jpeg,gallina
387.jpeg,gallina
391.jpeg,gallina
392.jpeg,ragno
395.jpeg,cane
403.jpeg,pecora
405.jpeg,cavallo
407.jpeg,farfalla
410.jpeg,gallina
411.jpeg,elefante
414.jpeg,mucca
415.jpeg,elefante
417.jpeg,scoiattolo
42.jpeg,cane
421.jpeg,elefante
431.jpeg,elefante
434.jpeg,elefante
435.jpeg,cavallo
44.jpeg,elefante
442.jpeg,elefante
444.jpeg,scoiattolo
448.jpeg,gallina
450.jpeg,elefante
451.jpeg,cane
453.jpeg,cane
454.jpeg,gallina
455.jpeg,gallina
456.jpeg,elefante
459.jpeg,elefante
460.jpeg,gallina
465.jpeg,pecora
466.jpeg,elefante
467.jpeg,gallina
468.jpeg,gallina
471.jpeg,elefante
476.jpeg,cane
478.jpeg,pecora
482.jpeg,elefante
484.jpeg,scoiattolo
485.jpeg,elefante
486.jpeg,cane
487.jpeg,pecora
489.jpeg,gatto
49.jpeg,gallina
490.jpeg,gallina
493.jpeg,cane
494.jpeg,gallina
495.jpeg,elefante
499.jpeg,gallina
5.jpeg,cane
50.jpeg,gallina
500.jpeg,elefante
501.jpeg,elefante
504.jpeg,pecora
511.jpeg,elefante
514.jpeg,elefante
521.jpeg,elefante
522.jpeg,elefante
523.jpeg,elefante
526.jpeg,pecora
531.jpeg,scoiattolo
532.jpeg,gallina
540.jpeg,gallina
541.jpeg,farfalla
542.jpeg,gallina
543.jpeg,elefante
546.jpeg,gatto
547.jpeg,elefante
552.jpeg,gatto
555.jpeg,elefante
556.jpeg,gatto
557.jpeg,elefante
560.jpeg,pecora
566.jpeg,elefante
568.jpeg,elefante
572.jpeg,gallina
578.jpeg,elefante
579.jpeg,pecora
581.jpeg,mucca
583.jpeg,elefante
584.jpeg,elefante
586.jpeg,gallina
588.jpeg,mucca
590.jpeg,gatto
591.jpeg,elefante
592.jpeg,pecora
595.jpeg,cane
599.jpeg,gallina
6.jpeg,elefante
600.jpeg,mucca
601.jpeg,elefante
602.jpeg,pecora
603.jpeg,gallina
604.jpeg,gallina
607.jpeg,gallina
609.jpeg,gallina
610.jpeg,elefante
613.jpeg,gatto
615.jpeg,mucca
616.jpeg,elefante
619.jpeg,elefante
62.jpeg,elefante
622.jpeg,elefante
627.jpeg,elefante
629.jpeg,cane
631.jpeg,elefante
635.jpeg,ragno
637.jpeg,elefante
638.jpeg,pecora
643.jpeg,cane
646.jpeg,cavallo
647.jpeg,elefante
652.jpeg,gatto
655.jpeg,elefante
659.jpeg,elefante
661.jpeg,gallina
669.jpeg,elefante
670.jpeg,elefante
671.jpeg,gallina
677.jpeg,pecora
687.jpeg,gallina
690.jpeg,elefante
691.jpeg,cavallo
692.jpeg,gatto
695.jpeg,mucca
696.jpeg,elefante
70.jpeg,elefante
700.jpeg,ragno
704.jpeg,gallina
705.jpeg,pecora
708.jpeg,gallina
709.jpeg,cane
713.jpeg,pecora
714.jpeg,mucca
721.jpeg,cane
722.jpeg,cane
727.jpeg,elefante
728.jpeg,cane
729.jpeg,pecora
732.jpeg,gatto
737.jpeg,elefante
738.jpeg,elefante
74.jpeg,elefante
740.jpeg,elefante
742.jpeg,elefante
746.jpeg,elefante
75.jpeg,farfalla
753.jpeg,gatto
76.jpeg,gallina
762.jpeg,elefante
77.jpeg,gallina
771.jpeg,elefante
772.jpeg,gallina
775.jpeg,elefante
778.jpeg,gallina
779.jpeg,gallina
781.jpeg,gallina
785.jpeg,elefante
790.jpeg,elefante
797.jpeg,gallina
798.jpeg,pecora
801.jpeg,elefante
805.jpeg,elefante
806.jpeg,ragno
807.jpeg,gatto
808.jpeg,gallina
809.jpeg,gallina
810.jpeg,farfalla
814.jpeg,gallina
815.jpeg,elefante
817.jpeg,elefante
820.jpeg,ragno
827.jpeg,elefante
828.jpeg,gatto
836.jpeg,gallina
838.jpeg,gatto
84.jpeg,elefante
847.jpeg,elefante
849.jpeg,elefante
852.jpeg,gallina
856.jpeg,scoiattolo
857.jpeg,pecora
858.jpeg,elefante
859.jpeg,elefante
861.jpeg,gallina
869.jpeg,elefante
870.jpeg,gallina
874.jpeg,elefante
88.jpeg,gatto
885.jpeg,cavallo
886.jpeg,elefante
887.jpeg,elefante
889.jpeg,pecora
89.jpeg,elefante
895.jpeg,gallina
899.jpeg,gallina
9.jpeg,gatto
900.jpeg,ragno
902.jpeg,gatto
903.jpeg,elefante
905.jpeg,elefante
907.jpeg,gatto
910.jpeg,gallina
916.jpeg,elefante
919.jpeg,elefante
92.jpeg,cavallo
922.jpeg,cane
923.jpeg,mucca
926.jpeg,elefante
933.jpeg,scoiattolo
941.jpeg,mucca
942.jpeg,gallina
945.jpeg,elefante
946.jpeg,elefante
948.jpeg,elefante
949.jpeg,scoiattolo
950.jpeg,pecora
951.jpeg,scoiattolo
953.jpeg,cane
955.jpeg,scoiattolo
956.jpeg,gallina
958.jpeg,elefante
96.jpeg,gallina
961.jpeg,scoiattolo
962.jpeg,gallina
963.jpeg,pecora
964.jpeg,gallina
965.jpeg,cane
967.jpeg,gallina
972.jpeg,gallina
977.jpeg,gallina
979.jpeg,elefante
980.jpeg,gallina
984.jpeg,elefante
985.jpeg,gallina
989.jpeg,elefante
991.jpeg,elefante
992.jpeg,gallina
abdu-rahman-2934-unsplash.jpg,gatto
anete-lusina-609858-unsplash.jpg,mucca
cat-mapper-max-ogden-204436-unsplash.jpg,elefante
christian-wright-386668-unsplash.jpg,elefante
e030b20929e90021d85a5854ee454296eb70e3c818b413449df6c87ca3ed_640.jpg,elefante
e030b2092be90021d85a5854ee454296eb70e3c818b413449df6c87ca3ed_640.jpg,elefante
e030b2092ce90021d85a5854ee454296eb70e3c818b413449df6c87ca3ed_640.jpg,elefante
e030b2092de90021d85a5854ee454296eb70e3c818b413449df6c87ca3ed_640.jpg,elefante
e030b20a20e90021d85a5854ee454296eb70e3c818b413449df6c87ca3ed_640.jpg,elefante
e032b10b2df21c22d2524518b7444f92e37fe5d404b0144390f8c07aa5ecb6_640.jpg,cane
e034b50e29f41c22d2524518b7444f92e37fe5d404b0144390f8c079a4e5b6_640.jpg,mucca
e03db20a21e90021d85a5854ee454296eb70e3c818b413449df1c17ca5e9_640.jpg,ragno
e130b5072af71c22d2524518b7444f92e37fe5d404b0144390f8c078a0eabd_640.jpg,scoiattolo
e130b80b2ef11c22d2524518b7444f92e37fe5d404b0144390f8c07aa4e5b0_640.jpg,mucca
e132b10a2bf51c22d2524518b7444f92e37fe5d404b0144390f8c07aa4e5b0_640.jpg,scoiattolo
e133b10d2bf21c22d2524518b7444f92e37fe5d404b0144390f8c07aa4e5b0_640.jpg,pecora
e133b50c20f01c22d2524518b7444f92e37fe5d404b0144390f8c078a0eabd_640.jpg,gallina
e135b0062efc1c22d2524518b7444f92e37fe5d404b0144390f8c07aa4e5b0_640.jpg,gatto
e13cb60a2bf31c22d2524518b7444f92e37fe5d404b0144390f8c078a0eabd_640.jpg,elefante
e13cb60a2bfc1c22d2524518b7444f92e37fe5d404b0144390f8c078a1ebb2_640.jpg,elefante
e830b10b2df5003ed1584d05fb1d4e9fe777ead218ac104497f5c978a6eab2b0_640.jpg,pecora
e830b2062dfc023ed1584d05fb1d4e9fe777ead218ac104497f5c97ca5ecb5b1_640.jpg,ragno
e830b30a20f6033ed1584d05fb1d4e9fe777ead218ac104497f5c97faeebb5bb_640.png,farfalla
e830b30a20f6053ed1584d05fb1d4e9fe777ead218ac104497f5c97faeebb5bb_640.png,ragno
e830b4062ff3053ed1584d05fb1d4e9fe777ead218ac104497f5c978a6eab2b0_640.jpg,elefante
e830b40e2ffc023ed1584d05fb1d4e9fe777ead218ac104497f5c979aee4b1bf_640.jpg,pecora
e830b5072df2063ed1584d05fb1d4e9fe777ead218ac104497f5c97ca5ecb3b9_640.jpg,elefante
e830b5082ff6013ed1584d05fb1d4e9fe777ead218ac104497f5c978a6ebb3bf_640.jpg,pecora
e830b60820f1063ed1584d05fb1d4e9fe777ead218ac104497f5c97ca5ecb3b9_640.jpg,gallina
e830b8062ff2023ed1584d05fb1d4e9fe777ead218ac104497f5c978a4eebdbd_640.jpg,ragno
e830b90728f4033ed1584d05fb1d4e9fe777ead218ac104497f5c978a6ebb3bf_640.jpg,elefante
e830b90d2bfc053ed1584d05fb1d4e9fe777ead218ac104497f5c978a7eebdbb_640.jpg,gallina
e830b90f20f5043ed1584d05fb1d4e9fe777ead218ac104497f5c97ca5ecb5b1_640.jpg,gallina
e831b0092bf1023ed1584d05fb1d4e9fe777ead218ac104497f5c97ca5ecb3b9_640.jpg,ragno
e831b00c2ef3093ed1584d05fb1d4e9fe777ead218ac104497f5c97faee9bdba_640.jpg,farfalla
e831b30a28f21c22d2524518b7444f92e37fe5d404b0144390f8c770a3e5b7_640.jpg,pecora
e831b30c2ef6063ed1584d05fb1d4e9fe777ead218ac104497f5c978a6ebb3bf_640.jpg,elefante
e831b4082cf0063ed1584d05fb1d4e9fe777ead218ac104497f5c978a4eebdbd_640.jpg,cane
e831b40a2cf2093ed1584d05fb1d4e9fe777ead218ac104497f5c978a7eebdbb_640.jpg,elefante
e832b00a2df11c22d2524518b7444f92e37fe5d404b0144390f8c770a2e9b5_640.jpg,gallina
e832b00d29f7013ed1584d05fb1d4e9fe777ead218ac104497f5c97ca5ecb5b1_640.jpg,pecora
e832b10c2ef41c22d2524518b7444f92e37fe5d404b0144390f8c078a1ebb2_640.jpg,pecora
e832b10d2ef7013ed1584d05fb1d4e9fe777ead218ac104497f5c97ca5ecb3b9_640.jpg,gatto
e832b40821fc1c22d2524518b7444f92e37fe5d404b0144390f8c07aa5ecb6_640.jpg,elefante
e832b4082df5003ed1584d05fb1d4e9fe777ead218ac104497f5c97faee9bdba_640.jpg,gallina
e832b40a20f61c22d2524518b7444f92e37fe5d404b0144390f8c47ba6edbc_640.jpg,gallina
e832b6092bf4023ed1584d05fb1d4e9fe777ead218ac104497f5c978a6eab2b0_640.jpg,gallina
e832b60d2ff2083ed1584d05fb1d4e9fe777ead218ac104497f5c97ca5edb3bd_640.jpg,farfalla
e832b60d2ff3023ed1584d05fb1d4e9fe777ead218ac104497f5c97ca5ecb3b9_640.jpg,ragno
e832b7062ff6093ed1584d05fb1d4e9fe777ead218ac104497f5c97faeebb5bb_640.png,farfalla
e832b7092ff6033ed1584d05fb1d4e9fe777ead218ac104497f5c978a6eab2b0_640.jpg,scoiattolo
e832b70c2bf3073ed1584d05fb1d4e9fe777ead218ac104497f5c978a6ebb3bf_640.jpg,elefante
e833b10728f7033ed1584d05fb1d4e9fe777ead218ac104497f5c978a6eab2b0_640.jpg,gallina
e833b10a2dfd073ed1584d05fb1d4e9fe777ead218ac104497f5c978a6eab2b0_640.jpg,gallina
e833b10a2dfd093ed1584d05fb1d4e9fe777ead218ac104497f5c978a6eab2b0_640.jpg,elefante
e833b20820f4073ed1584d05fb1d4e9fe777ead218ac104497f5c97ca5ecb5b1_640.jpg,elefante
e833b20b2bf2083ed1584d05fb1d4e9fe777ead218ac104497f5c978a7eebdbb_640.jpg,scoiattolo
e833b4062ef1023ed1584d05fb1d4e9fe777ead218ac104497f5c978a4eebdbd_640.jpg,gallina
e833b40a28fd093ed1584d05fb1d4e9fe777ead218ac104497f5c97faee9bdba_640.jpg,gallina
e833b40a2ff6053ed1584d05fb1d4e9fe777ead218ac104497f5c97faee9bdba_640.jpg,elefante
e833b40d20f6033ed1584d05fb1d4e9fe777ead218ac104497f5c978a7eebdbb_640.jpg,elefante
e833b40e28f01c22d2524518b7444f92e37fe5d404b0144390f8c770a1edb6_640.jpg,gallina
e833b5092bf0013ed1584d05fb1d4e9fe777ead218ac104497f5c97ca5edb3bd_640.jpg,gallina
e833b50b29fc083ed1584d05fb1d4e9fe777ead218ac104497f5c97faee9bdba_640.jpg,gallina
e833b80b2ff5053ed1584d05fb1d4e9fe777ead218ac104497f5c978a6eab2b0_640.jpg,pecora
e833b80c2afc003ed1584d05fb1d4e9fe777ead218ac104497f5c978a4eebdbd_640.jpg,elefante
e833b80c2afc033ed1584d05fb1d4e9fe777ead218ac104497f5c978a4efbcb0_640.jpg,cavallo
e833b80f21f11c22d2524518b7444f92e37fe5d404b0144390f8c079a1e8b6_640.jpg,elefante
e834b00921f11c22d2524518b7444f92e37fe5d404b0144390f8c07aa5ecb6_640.jpg,elefante
e834b20f28fd003ed1584d05fb1d4e9fe777ead218ac104497f5c978a4eebdbd_640.jpg,gallina
e834b3072af6033ed1584d05fb1d4e9fe777ead218ac104497f5c978a6eab2b0_640.jpg,pecora
e834b3082ef2073ed1584d05fb1d4e9fe777ead218ac104497f5c97faee9bdba_640.jpg,mucca
e834b40c21f3053ed1584d05fb1d4e9fe777ead218ac104497f5c97ca5ecb5b1_640.jpg,elefante
e834b50721fd083ed1584d05fb1d4e9fe777ead218ac104497f5c978a6eab2b0_640.jpg,ragno
e834b60f29f4063ed1584d05fb1d4e9fe777ead218ac104497f5c978a4efbcb0_640.jpg,cane
e834b60f29f4093ed1584d05fb1d4e9fe777ead218ac104497f5c978a4efb4bb_640.jpg,scoiattolo
e834b60f29f5013ed1584d05fb1d4e9fe777ead218ac104497f5c978a4eebdbd_640.jpg,scoiattolo
e834b70e2efc063ed1584d05fb1d4e9fe777ead218ac104497f5c97ca5ecb3b9_640.jpg,farfalla
e835b2082bf7093ed1584d05fb1d4e9fe777ead218ac104497f5c978a4eebdbd_640.jpg,gallina
e835b20b29f0083ed1584d05fb1d4e9fe777ead218ac104497f5c978a6eab2b0_640.jpg,pecora
e835b20b2bf7093ed1584d05fb1d4e9fe777ead218ac104497f5c97ca5ecb3b9_640.jpg,gallina
e835b20b2bfc033ed1584d05fb1d4e9fe777ead218ac104497f5c978a4efbcb0_640.jpg,elefante
e835b20c2cf6013ed1584d05fb1d4e9fe777ead218ac104497f5c978a4efbcb0_640.jpg,gallina
e835b30d2ef0063ed1584d05fb1d4e9fe777ead218ac104497f5c978a6eab2b0_640.jpg,scoiattolo
e835b4082cf2043ed1584d05fb1d4e9fe777ead218ac104497f5c978a4eebdbd_640.jpg,elefante
e835b4082ff2093ed1584d05fb1d4e9fe777ead218ac104497f5c97faee9bdba_640.jpg,gallina
e835b50620f0013ed1584d05fb1d4e9fe777ead218ac104497f5c978a4efbcb0_640.png,gallina
e835b50620f7093ed1584d05fb1d4e9fe777ead218ac104497f5c978a4eebdbd_640.png,elefante
e835b50b21f5053ed1584d05fb1d4e9fe777ead218ac104497f5c978a7e8b7bc_640.jpg,elefante
e835b80d2df4093ed1584d05fb1d4e9fe777ead218ac104497f5c978a4efb4bb_640.jpg,elefante
e835b90929f21c22d2524518b7444f92e37fe5d404b0144390f8c770a3e5b7_640.jpg,cavallo
e835b90e21f1013ed1584d05fb1d4e9fe777ead218ac104497f5c978a6ebb3bf_640.jpg,pecora
e835b90e2ff0083ed1584d05fb1d4e9fe777ead218ac104497f5c978a4eebdbd_640.jpg,cavallo
e836b10a2ef5023ed1584d05fb1d4e9fe777ead218ac104497f5c978a6eab2b0_640.jpg,pecora
e836b20b21f3013ed1584d05fb1d4e9fe777ead218ac104497f5c978a7eebdbb_640.jpg,elefante
e836b30d2df1003ed1584d05fb1d4e9fe777ead218ac104497f5c978a4eebdbd_640.jpg,elefante
e836b40c2af2073ed1584d05fb1d4e9fe777ead218ac104497f5c978a6e8b0b1_640.jpg,pecora
e836b80729fd083ed1584d05fb1d4e9fe777ead218ac104497f5c978a6ebb3bf_640.jpg,pecora
e837b10620fd073ed1584d05fb1d4e9fe777ead218ac104497f5c978a4eebdbd_640.jpg,elefante
e837b10a2af2013ed1584d05fb1d4e9fe777ead218ac104497f5c978a4efb4bb_640.jpg,gallina
e837b10f2df7083ed1584d05fb1d4e9fe777ead218ac104497f5c978a6eab2b0_640.jpg,elefante
e837b20c2cf71c22d2524518b7444f92e37fe5d404b0144390f8c079a1e8b6_640.jpg,elefante
e837b30920f3023ed1584d05fb1d4e9fe777ead218ac104497f5c97faee9bdba_640.jpg,elefante
e837b5092af3093ed1584d05fb1d4e9fe777ead218ac104497f5c978a4eebdbd_640.jpg,elefante
e837b9082af1053ed1584d05fb1d4e9fe777ead218ac104497f5c97ca5ecb3b9_640.jpg,ragno
e837b90a29fd083ed1584d05fb1d4e9fe777ead218ac104497f5c978a4eebdbd_640.jpg,cane
e837b90b2afc043ed1584d05fb1d4e9fe777ead218ac104497f5c978a4eebdbd_640.jpg,elefante
e83cb0062ff5073ed1584d05fb1d4e9fe777ead218ac104497f5c97ca5ecb3b9_640.jpg,ragno
e83cb00a2bf0053ed1584d05fb1d4e9fe777ead218ac104497f5c97ca5ecb3b9_640.jpg,elefante
e83cb00a2ef1053ed1584d05fb1d4e9fe777ead218ac104497f5c978a4efbcb0_640.jpg,elefante
e83cb10620f2073ed1584d05fb1d4e9fe777ead218ac104497f5c978a4eebdbd_640.jpg,elefante
e83cb20721f3093ed1584d05fb1d4e9fe777ead218ac104497f5c97faeebb5bb_640.jpg,gallina
e83cb2072af51c22d2524518b7444f92e37fe5d404b0144390f8c078a2e8bc_640.jpg,elefante
e83cb20a28f2023ed1584d05fb1d4e9fe777ead218ac104497f5c97ca5ecb3b9_640.jpg,scoiattolo
e83cb3082df5043ed1584d05fb1d4e9fe777ead218ac104497f5c978a4efbcb0_640.jpg,scoiattolo
e83cb40728f1073ed1584d05fb1d4e9fe777ead218ac104497f5c97ca5ecb3b9_640.jpg,scoiattolo
e83cb4072bf21c22d2524518b7444f92e37fe5d404b0144390f8c47ba7ebb0_640.jpg,mucca
e83cb50f2cfc063ed1584d05fb1d4e9fe777ead218ac104497f5c978a7eebdbb_640.jpg,gallina
e83cb60c2df1033ed1584d05fb1d4e9fe777ead218ac104497f5c978a6eab2b0_640.jpg,scoiattolo
e83cb80d29f0013ed1584d05fb1d4e9fe777ead218ac104497f5c978a7eebdbb_640.jpg,elefante
e83db20a2ff1093ed1584d05fb1d4e9fe777ead218ac104497f5c978a6eab2b0_640.jpg,ragno
e83db3082bfd1c22d2524518b7444f92e37fe5d404b0144390f8c47ba7ebb0_640.jpg,gallina
e83db30d2cfd033ed1584d05fb1d4e9fe777ead218ac104497f5c978a4efb4bb_640.jpg,elefante
e83db30d2cfd053ed1584d05fb1d4e9fe777ead218ac104497f5c978a4efbcb0_640.jpg,elefante
e83db30d2df6053ed1584d05fb1d4e9fe777ead218ac104497f5c978a4eebdbd_640.jpg,elefante
e83db30d2df7053ed1584d05fb1d4e9fe777ead218ac104497f5c978a4eebdbd_640.jpg,elefante
e83db30d2ef7083ed1584d05fb1d4e9fe777ead218ac104497f5c978a4efb4bb_640.jpg,pecora
e83db4072cf1063ed1584d05fb1d4e9fe777ead218ac104497f5c97ca5ecb3b9_640.jpg,ragno
e83db40e2af5003ed1584d05fb1d4e9fe777ead218ac104497f5c978a6eab2b0_640.jpg,gallina
e83db50920f4013ed1584d05fb1d4e9fe777ead218ac104497f5c978a4eebdbd_640.jpg,pecora
e83db6082cf7013ed1584d05fb1d4e9fe777ead218ac104497f5c978a6ebb3bf_640.jpg,cane
e83db7072bf7043ed1584d05fb1d4e9fe777ead218ac104497f5c978a6eab2b0_640.jpg,scoiattolo
e83db70828f1053ed1584d05fb1d4e9fe777ead218ac104497f5c978a6eab2b0_640.jpg,pecora
e83db70d28f31c22d2524518b7444f92e37fe5d404b0144390f8c770a2e9b5_640.jpg,ragno
e83db70f21fc033ed1584d05fb1d4e9fe777ead218ac104497f5c978a4efbcb0_640.jpg,gallina
e83db80628f01c22d2524518b7444f92e37fe5d404b0144390f8c47ba6edbc_640.jpg,elefante
e83db90a21f4053ed1584d05fb1d4e9fe777ead218ac104497f5c97ca5ecb3b9_640.jpg,elefante
ea30b0062af21c22d2524518b7444f92e37fe5d404b0144390f8c079a4e5b6_640.jpg,gatto
ea30b50a2afc1c22d2524518b7444f92e37fe5d404b0144390f8c770a3e5b7_640.jpg,gallina
ea31b30e2ef41c22d2524518b7444f92e37fe5d404b0144390f8c770a2e9b5_640.jpg,gallina
ea31b40921f51c22d2524518b7444f92e37fe5d404b0144390f8c078a0eabd_640.jpg,gallina
ea31b90820fc1c22d2524518b7444f92e37fe5d404b0144390f8c47ba6ebb4_640.jpg,ragno
ea31b90821f41c22d2524518b7444f92e37fe5d404b0144390f8c47ba6ebb4_640.jpg,ragno
ea32b6062af31c22d2524518b7444f92e37fe5d404b0144390f8c770a1edb6_640.jpg,pecora
ea33b20c2cf11c22d2524518b7444f92e37fe5d404b0144390f8c770a1edb6_640.jpg,elefante
ea34b00c2df5023ed1584d05fb1d4e9fe777ead218ac104497f5c978a7eebdbb_640.jpg,elefante
ea34b00d29f5083ed1584d05fb1d4e9fe777ead218ac104497f5c978a7ebb0bb_640.jpg,gallina
ea34b00d2ef4053ed1584d05fb1d4e9fe777ead218ac104497f5c978a7ebb0bb_640.jpg,elefante
ea34b00f2ff5033ed1584d05fb1d4e9fe777ead218ac104497f5c978a7ebb0bb_640.jpg,gatto
ea34b1092af5023ed1584d05fb1d4e9fe777ead218ac104497f5c978a7eebdbb_640.jpg,elefante
ea34b1092bfd013ed1584d05fb1d4e9fe777ead218ac104497f5c97ca5edb3bd_640.jpg,elefante
ea34b1092cf3023ed1584d05fb1d4e9fe777ead218ac104497f5c978a7e8b7bc_640.jpg,elefante
ea34b10a2ff1003ed1584d05fb1d4e9fe777ead218ac104497f5c978a4efb4bb_640.jpg,pecora
ea34b10b21f5083ed1584d05fb1d4e9fe777ead218ac104497f5c978a4efb4bb_640.jpg,elefante
ea34b10c2ff2013ed1584d05fb1d4e9fe777ead218ac104497f5c97ca5ecb5b1_640.jpg,farfalla
ea34b10f2cfc043ed1584d05fb1d4e9fe777ead218ac104497f5c97ca5edb3bd_640.jpg,pecora
ea34b20a2bf4003ed1584d05fb1d4e9fe777ead218ac104497f5c978a7e8b7bc_640.jpg,ragno
ea34b20a2bf4083ed1584d05fb1d4e9fe777ead218ac104497f5c978a7ebb0bb_640.jpg,gatto
ea34b20a2cf4043ed1584d05fb1d4e9fe777ead218ac104497f5c978a4efb4bb_640.jpg,pecora
ea34b20b2ef5053ed1584d05fb1d4e9fe777ead218ac104497f5c97ca5ecb5b1_640.jpg,scoiattolo
ea34b20c2dfd033ed1584d05fb1d4e9fe777ead218ac104497f5c978a7e8b7bc_640.jpg,gallina
ea34b20c2ef6013ed1584d05fb1d4e9fe777ead218ac104497f5c978a7e8b7bc_640.jpg,elefante
ea34b20e21f1073ed1584d05fb1d4e9fe777ead218ac104497f5c978a7ebb0bb_640.jpg,elefante
ea34b20e29fc1c22d2524518b7444f92e37fe5d404b0144390f8c47ba7ebb0_640.jpg,elefante
ea34b3082bf7073ed1584d05fb1d4e9fe777ead218ac104497f5c97faeebb5bb_640.jpg,mucca
ea34b3092cf5073ed1584d05fb1d4e9fe777ead218ac104497f5c97ca5edb3bd_640.jpg,farfalla
ea34b30b2bf4063ed1584d05fb1d4e9fe777ead218ac104497f5c978a7ebb0bb_640.jpg,elefante
ea34b30e2cf3043ed1584d05fb1d4e9fe777ead218ac104497f5c978a4efbcb0_640.jpg,elefante
ea34b30f29f5063ed1584d05fb1d4e9fe777ead218ac104497f5c97ca5edb3bd_640.jpg,elefante
ea34b40628f2043ed1584d05fb1d4e9fe777ead218ac104497f5c97faee8b1b8_640.jpg,pecora
ea34b4062cf6043ed1584d05fb1d4e9fe777ead218ac104497f5c97ca5edb3bd_640.jpg,ragno
ea34b4072bf0033ed1584d05fb1d4e9fe777ead218ac104497f5c978a7eebdbb_640.jpg,elefante
ea34b4072efd003ed1584d05fb1d4e9fe777ead218ac104497f5c97faeebb5bb_640.jpg,farfalla
ea34b40a2ef7003ed1584d05fb1d4e9fe777ead218ac104497f5c97faeebb5bb_640.jpg,farfalla
ea34b40a2ff1053ed1584d05fb1d4e9fe777ead218ac104497f5c978a7e8b7bc_640.jpg,elefante
ea34b40b28f4043ed1584d05fb1d4e9fe777ead218ac104497f5c978a7ebb0bb_640.jpg,elefante
ea34b5072afd003ed1584d05fb1d4e9fe777ead218ac104497f5c978a7eebdbb_640.jpg,gallina
ea34b50c2bf1083ed1584d05fb1d4e9fe777ead218ac104497f5c978a6e8b0b1_640.jpg,gallina
ea34b60820f6043ed1584d05fb1d4e9fe777ead218ac104497f5c978a7e8b7bc_640.jpg,gatto
ea34b6082af0083ed1584d05fb1d4e9fe777ead218ac104497f5c978a4efb4bb_640.jpg,elefante
ea34b6082ef7073ed1584d05fb1d4e9fe777ead218ac104497f5c978a6ebb3bf_640.jpg,gallina
ea34b60d20f3033ed1584d05fb1d4e9fe777ead218ac104497f5c97faeebb5bb_640.jpg,pecora
ea34b60e21f5043ed1584d05fb1d4e9fe777ead218ac104497f5c97faeebb5bb_640.jpg,gallina
ea34b7062af1053ed1584d05fb1d4e9fe777ead218ac104497f5c978a7ebb0bb_640.jpg,gatto
ea34b70729f3093ed1584d05fb1d4e9fe777ead218ac104497f5c97ca5edb3bd_640.jpg,pecora
ea34b70829f0093ed1584d05fb1d4e9fe777ead218ac104497f5c97ca5edb3bd_640.jpg,elefante
ea34b7082cf41c22d2524518b7444f92e37fe5d404b0144390f8c770a2e9b5_640.jpg,gallina
ea34b70a21f1053ed1584d05fb1d4e9fe777ead218ac104497f5c978a7ebb0bb_640.jpg,elefante
ea34b70a2bf0013ed1584d05fb1d4e9fe777ead218ac104497f5c978a7e8b7bc_640.jpg,ragno
ea34b70e2efc053ed1584d05fb1d4e9fe777ead218ac104497f5c97faeebb5bb_640.jpg,gallina
ea34b70f2cf3003ed1584d05fb1d4e9fe777ead218ac104497f5c97ca5edb3bd_640.jpg,farfalla
ea34b80620f5013ed1584d05fb1d4e9fe777ead218ac104497f5c978a7ebb0bb_640.jpg,cane
ea34b80629f5013ed1584d05fb1d4e9fe777ead218ac104497f5c978a6ebb3bf_640.jpg,gallina
ea34b80920f7093ed1584d05fb1d4e9fe777ead218ac104497f5c97faee8b1b8_640.jpg,scoiattolo
ea34b8092df3003ed1584d05fb1d4e9fe777ead218ac104497f5c97ca5edb3bd_640.jpg,gallina
ea34b80b2cfc093ed1584d05fb1d4e9fe777ead218ac104497f5c97faee8b1b8_640.jpg,farfalla
ea34b80c20f1093ed1584d05fb1d4e9fe777ead218ac104497f5c978a7e8b7bc_640.jpg,scoiattolo
ea34b80c2cf2013ed1584d05fb1d4e9fe777ead218ac104497f5c97ca5edb3bd_640.jpg,elefante
ea34b9062cf5003ed1584d05fb1d4e9fe777ead218ac104497f5c978a6ebb3bf_640.jpg,gallina
ea34b90728f2093ed1584d05fb1d4e9fe777ead218ac104497f5c978a6ebb3bf_640.jpg,pecora
ea34b90b21f7063ed1584d05fb1d4e9fe777ead218ac104497f5c978a4efb4bb_640.jpg,farfalla
ea34b90b28fd093ed1584d05fb1d4e9fe777ead218ac104497f5c97faee8b1b8_640.jpg,farfalla
ea34b90b29f7053ed1584d05fb1d4e9fe777ead218ac104497f5c97faee8b1b8_640.jpg,farfalla
ea34b90b29fd073ed1584d05fb1d4e9fe777ead218ac104497f5c97faeebb5bb_640.jpg,farfalla
ea34b90b2bf7063ed1584d05fb1d4e9fe777ead218ac104497f5c97faee9bdba_640.jpg,mucca
ea34b90c28f4013ed1584d05fb1d4e9fe777ead218ac104497f5c978a7ebb0bb_640.jpg,ragno
ea34b90c2ff7003ed1584d05fb1d4e9fe777ead218ac104497f5c978a7e8b7bc_640.jpg,scoiattolo
ea34b90e20f1063ed1584d05fb1d4e9fe777ead218ac104497f5c97faeebb5bb_640.jpg,elefante
ea34b90e20f6073ed1584d05fb1d4e9fe777ead218ac104497f5c97faee9bdba_640.jpg,farfalla
ea34b90e2ef0063ed1584d05fb1d4e9fe777ead218ac104497f5c97ca5edb3bd_640.jpg,gallina
ea34b90e2ef0073ed1584d05fb1d4e9fe777ead218ac104497f5c97ca5edb3bd_640.jpg,elefante
ea34b90e2ffd093ed1584d05fb1d4e9fe777ead218ac104497f5c978a7ebb0bb_640.jpg,cane
ea34b90f2efc013ed1584d05fb1d4e9fe777ead218ac104497f5c978a7e8b7bc_640.jpg,farfalla
ea34b90f2efd083ed1584d05fb1d4e9fe777ead218ac104497f5c978a7ebb0bb_640.jpg,scoiattolo
ea35b0082df7033ed1584d05fb1d4e9fe777ead218ac104497f5c978a7ebb0bb_640.jpg,elefante
ea35b00d2cf7043ed1584d05fb1d4e9fe777ead218ac104497f5c97ca5edb3bd_640.jpg,elefante
ea35b00d2df5043ed1584d05fb1d4e9fe777ead218ac104497f5c978a7eebdbb_640.jpg,gallina
ea35b10a2ff61c22d2524518b7444f92e37fe5d404b0144390f8c079a4e5b6_640.jpg,gallina
ea35b10c2cf7053ed1584d05fb1d4e9fe777ead218ac104497f5c978a7ebb0bb_640.jpg,elefante
ea35b10f29f1013ed1584d05fb1d4e9fe777ead218ac104497f5c97ca5edb3bd_640.jpg,elefante
ea35b10f2bf5073ed1584d05fb1d4e9fe777ead218ac104497f5c978a7e8b7bc_640.jpg,scoiattolo
ea35b2072af1053ed1584d05fb1d4e9fe777ead218ac104497f5c978a7e8b7bc_640.jpg,elefante
ea35b20929f4023ed1584d05fb1d4e9fe777ead218ac104497f5c97ca5ecb5b1_640.jpg,pecora
ea35b20a2bf7023ed1584d05fb1d4e9fe777ead218ac104497f5c978a4efb4bb_640.jpg,elefante
ea35b20a2bf7053ed1584d05fb1d4e9fe777ead218ac104497f5c978a4efbcb0_640.jpg,elefante
ea35b20a2bf7063ed1584d05fb1d4e9fe777ead218ac104497f5c978a4efbcb0_640.jpg,elefante
ea35b30a20f2073ed1584d05fb1d4e9fe777ead218ac104497f5c978a6e8b0b1_640.jpg,cane
ea35b30d2ffd013ed1584d05fb1d4e9fe777ead218ac104497f5c978a4efbcb0_640.jpg,elefante
ea35b30e2ff5033ed1584d05fb1d4e9fe777ead218ac104497f5c978a4eebdbd_640.jpg,elefante
ea35b40628f3043ed1584d05fb1d4e9fe777ead218ac104497f5c978a7ebb0bb_640.jpg,pecora
ea35b40a2af4083ed1584d05fb1d4e9fe777ead218ac104497f5c97ca5ecb5b1_640.jpg,gallina
ea35b40a2af6073ed1584d05fb1d4e9fe777ead218ac104497f5c97ca5edb3bd_640.jpg,gallina
ea35b40b2ff7073ed1584d05fb1d4e9fe777ead218ac104497f5c97faee9bdba_640.jpg,gatto
ea35b40c2cf0013ed1584d05fb1d4e9fe777ead218ac104497f5c97ca5ecb5b1_640.jpg,elefante
ea35b40e2cfd043ed1584d05fb1d4e9fe777ead218ac104497f5c97ca5ecb5b1_640.jpg,scoiattolo
ea35b40f2ef6013ed1584d05fb1d4e9fe777ead218ac104497f5c97faeebb5bb_640.jpg,elefante
ea35b5082af4013ed1584d05fb1d4e9fe777ead218ac104497f5c978a4efbcb0_640.jpg,gallina
ea35b50d2df2093ed1584d05fb1d4e9fe777ead218ac104497f5c978a6ebb3bf_640.jpg,elefante
ea35b50f2bf0043ed1584d05fb1d4e9fe777ead218ac104497f5c978a7ebb0bb_640.jpg,cane
ea35b60821f5083ed1584d05fb1d4e9fe777ead218ac104497f5c978a4efb4bb_640.jpg,elefante
ea35b6092cfd043ed1584d05fb1d4e9fe777ead218ac104497f5c978a7ebb0bb_640.jpg,elefante
ea35b6092ef2003ed1584d05fb1d4e9fe777ead218ac104497f5c97ca5ecb5b1_640.jpg,farfalla
ea35b60a2ff7073ed1584d05fb1d4e9fe777ead218ac104497f5c978a4efbcb0_640.jpg,gallina
ea35b60c21f4073ed1584d05fb1d4e9fe777ead218ac104497f5c97ca5ecb5b1_640.jpg,elefante
ea35b60d20f3013ed1584d05fb1d4e9fe777ead218ac104497f5c97ca5edb3bd_640.jpg,elefante
ea35b60e21fd063ed1584d05fb1d4e9fe777ead218ac104497f5c978a7e8b7bc_640.jpg,ragno
ea35b60e2bfc043ed1584d05fb1d4e9fe777ead218ac104497f5c978a4efbcb0_640.jpg,mucca
ea35b70721f4023ed1584d05fb1d4e9fe777ead218ac104497f5c978a7ebb0bb_640.jpg,cane
ea35b7072bf5043ed1584d05fb1d4e9fe777ead218ac104497f5c97ca5ecb5b1_640.jpg,pecora
ea35b7072bfc033ed1584d05fb1d4e9fe777ead218ac104497f5c978a6ebb3bf_640.jpg,pecora
ea35b7082bf2003ed1584d05fb1d4e9fe777ead218ac104497f5c97ca5edb3bd_640.jpg,gallina
ea35b7082bfc013ed1584d05fb1d4e9fe777ead218ac104497f5c97ca5ecb5b1_640.jpg,elefante
ea35b70c2af2053ed1584d05fb1d4e9fe777ead218ac104497f5c97ca5edb3bd_640.jpg,ragno
ea35b70c2af6003ed1584d05fb1d4e9fe777ead218ac104497f5c97ca5ecb5b1_640.jpg,farfalla
ea35b70d21f2073ed1584d05fb1d4e9fe777ead218ac104497f5c978a7e8b7bc_640.jpg,gatto
ea35b70d2ef0063ed1584d05fb1d4e9fe777ead218ac104497f5c978a7eebdbb_640.jpg,gallina
ea35b70e2efc053ed1584d05fb1d4e9fe777ead218ac104497f5c978a7e8b7bc_640.jpg,elefante
ea35b70e2ff3073ed1584d05fb1d4e9fe777ead218ac104497f5c978a7e8b7bc_640.jpg,elefante
ea35b70f20f2023ed1584d05fb1d4e9fe777ead218ac104497f5c978a6eab2b0_640.jpg,pecora
ea35b70f2bf2083ed1584d05fb1d4e9fe777ead218ac104497f5c97ca5ecb5b1_640.jpg,elefante
ea35b70f2ff0063ed1584d05fb1d4e9fe777ead218ac104497f5c978a6e8b0b1_640.jpg,cavallo
ea35b80a2df1033ed1584d05fb1d4e9fe777ead218ac104497f5c978a4efb4bb_640.png,farfalla
ea35b80a2df1053ed1584d05fb1d4e9fe777ead218ac104497f5c978a4efb4bb_640.png,farfalla
ea35b80a2ef1043ed1584d05fb1d4e9fe777ead218ac104497f5c97faeebb5bb_640.jpg,farfalla
ea35b80c28f3003ed1584d05fb1d4e9fe777ead218ac104497f5c978a4efbcb0_640.jpg,elefante
ea35b80c28f3013ed1584d05fb1d4e9fe777ead218ac104497f5c978a4efbcb0_640.jpg,elefante
ea35b80c2df2073ed1584d05fb1d4e9fe777ead218ac104497f5c978a4efbcb0_640.jpg,elefante
ea35b80d2cf6013ed1584d05fb1d4e9fe777ead218ac104497f5c978a6ebb3bf_640.jpg,pecora
ea35b9082bf5053ed1584d05fb1d4e9fe777ead218ac104497f5c978a4efbcb0_640.jpg,elefante
ea35b90a2cf4093ed1584d05fb1d4e9fe777ead218ac104497f5c978a4eebdbd_640.jpg,cane
ea35b90b29fd073ed1584d05fb1d4e9fe777ead218ac104497f5c978a4efb4bb_640.jpg,elefante
ea35b90f21f2073ed1584d05fb1d4e9fe777ead218ac104497f5c978a7e8b7bc_640.jpg,gallina
ea35b90f21f3043ed1584d05fb1d4e9fe777ead218ac104497f5c978a6e8b0b1_640.jpg,elefante
ea36b0062af0023ed1584d05fb1d4e9fe777ead218ac104497f5c978a7e8b7bc_640.jpg,gallina
ea36b00729fc033ed1584d05fb1d4e9fe777ead218ac104497f5c97faee8b1b8_640.jpg,elefante
ea36b0072ef6053ed1584d05fb1d4e9fe777ead218ac104497f5c97faee8b1b8_640.jpg,gallina
ea36b00829f0043ed1584d05fb1d4e9fe777ead218ac104497f5c97faee9bdba_640.jpg,elefante
ea36b00829f1033ed1584d05fb1d4e9fe777ead218ac104497f5c978a7e8b7bc_640.jpg,ragno
ea36b00829f2013ed1584d05fb1d4e9fe777ead218ac104497f5c978a7eebdbb_640.jpg,ragno
ea36b00b2ff6043ed1584d05fb1d4e9fe777ead218ac104497f5c978a4efb4bb_640.jpg,gallina
ea36b00c21f3073ed1584d05fb1d4e9fe777ead218ac104497f5c978a7ebb0bb_640.jpg,farfalla
ea36b00e20f1013ed1584d05fb1d4e9fe777ead218ac104497f5c978a4efb4bb_640.jpg,gallina
ea36b00f2ffd083ed1584d05fb1d4e9fe777ead218ac104497f5c978a7ebb0bb_640.jpg,elefante
ea36b1072df6073ed1584d05fb1d4e9fe777ead218ac104497f5c97faee8b1b8_640.jpg,elefante
ea36b1072df7013ed1584d05fb1d4e9fe777ead218ac104497f5c97faee8b1b8_640.jpg,farfalla
ea36b10821f31c22d2524518b7444f92e37fe5d404b0144390f8c078a2e8bc_640.jpg,gallina
ea36b10821f6043ed1584d05fb1d4e9fe777ead218ac104497f5c97faee9bdba_640.jpg,elefante
ea36b1082cf4023ed1584d05fb1d4e9fe777ead218ac104497f5c978a7e8b7bc_640.jpg,cavallo
ea36b1082cf4063ed1584d05fb1d4e9fe777ead218ac104497f5c978a7eebdbb_640.jpg,gatto
ea36b1082cf4073ed1584d05fb1d4e9fe777ead218ac104497f5c978a7ebb0bb_640.jpg,ragno
ea36b10920f7093ed1584d05fb1d4e9fe777ead218ac104497f5c978a4efb4bb_640.jpg,elefante
ea36b10928fd013ed1584d05fb1d4e9fe777ead218ac104497f5c97faeebb5bb_640.jpg,elefante
ea36b10a29f4083ed1584d05fb1d4e9fe777ead218ac104497f5c978a6e8b0b1_640.jpg,cane
ea36b10a2af0053ed1584d05fb1d4e9fe777ead218ac104497f5c978a4efb4bb_640.jpg,gallina
ea36b10a2bf5063ed1584d05fb1d4e9fe777ead218ac104497f5c978a6ebb3bf_640.jpg,pecora
ea36b10a2bf5093ed1584d05fb1d4e9fe777ead218ac104497f5c978a6e8b0b1_640.jpg,elefante
ea36b10b20f3003ed1584d05fb1d4e9fe777ead218ac104497f5c978a7eebdbb_640.jpg,cane
ea36b10b2df3043ed1584d05fb1d4e9fe777ead218ac104497f5c97faee9bdba_640.jpg,farfalla
ea36b10b2df3053ed1584d05fb1d4e9fe777ead218ac104497f5c97faee9bdba_640.jpg,gallina
ea36b10b2df3073ed1584d05fb1d4e9fe777ead218ac104497f5c97faee9bdba_640.jpg,gallina
ea36b10c20fd073ed1584d05fb1d4e9fe777ead218ac104497f5c97faee8b1b8_640.jpg,gallina
ea36b10c2cf1023ed1584d05fb1d4e9fe777ead218ac104497f5c978a7eebdbb_640.jpg,mucca
ea36b10c2cf1053ed1584d05fb1d4e9fe777ead218ac104497f5c978a7e8b7bc_640.jpg,mucca
ea36b10c2cf1073ed1584d05fb1d4e9fe777ead218ac104497f5c978a7e8b7bc_640.jpg,gallina
ea36b10d21f6053ed1584d05fb1d4e9fe777ead218ac104497f5c97faee8b1b8_640.jpg,elefante
ea36b10d2af4063ed1584d05fb1d4e9fe777ead218ac104497f5c97faeebb5bb_640.jpg,elefante
ea36b10d2df3023ed1584d05fb1d4e9fe777ead218ac104497f5c978a6e8b0b1_640.jpg,elefante
ea36b10d2df3043ed1584d05fb1d4e9fe777ead218ac104497f5c978a6e8b0b1_640.jpg,pecora
ea36b10e29fc073ed1584d05fb1d4e9fe777ead218ac104497f5c978a7e8b7bc_640.jpg,elefante
ea36b10f21f3083ed1584d05fb1d4e9fe777ead218ac104497f5c978a7eebdbb_640.jpg,cane
ea36b10f2af6043ed1584d05fb1d4e9fe777ead218ac104497f5c97faee8b1b8_640.jpg,gallina
ea36b10f2afd063ed1584d05fb1d4e9fe777ead218ac104497f5c97ca5edb3bd_640.jpg,elefante
ea36b20621f0013ed1584d05fb1d4e9fe777ead218ac104497f5c978a6e8b0b1_640.jpg,cavallo
ea36b20621f7003ed1584d05fb1d4e9fe777ead218ac104497f5c97faee8b1b8_640.jpg,elefante
ea36b2062cf1043ed1584d05fb1d4e9fe777ead218ac104497f5c978a7eebdbb_640.jpg,pecora
ea36b20828f6063ed1584d05fb1d4e9fe777ead218ac104497f5c978a7eebdbb_640.jpg,mucca
ea36b2092df3083ed1584d05fb1d4e9fe777ead218ac104497f5c979aee4b1bf_640.jpg,elefante
ea36b2092ffc013ed1584d05fb1d4e9fe777ead218ac104497f5c978a7eebdbb_640.jpg,ragno
ea36b20b28f2063ed1584d05fb1d4e9fe777ead218ac104497f5c978a7e8b7bc_640.jpg,ragno
ea36b20b28f6073ed1584d05fb1d4e9fe777ead218ac104497f5c97faee9bdba_640.jpg,elefante
ea36b20b2ff5013ed1584d05fb1d4e9fe777ead218ac104497f5c97faee8b1b8_640.jpg,ragno
ea36b20c28f3083ed1584d05fb1d4e9fe777ead218ac104497f5c978a7ebb0bb_640.jpg,gatto
ea36b20c28f4043ed1584d05fb1d4e9fe777ead218ac104497f5c978a7e8b7bc_640.jpg,pecora
ea36b20c29f3083ed1584d05fb1d4e9fe777ead218ac104497f5c97faee9bdba_640.jpg,gallina
ea36b20d2bf6083ed1584d05fb1d4e9fe777ead218ac104497f5c97faeebb5bb_640.jpg,gallina
ea36b20e20f5023ed1584d05fb1d4e9fe777ead218ac104497f5c97faee9bdba_640.jpg,farfalla
ea36b20e29f1083ed1584d05fb1d4e9fe777ead218ac104497f5c97faee8b1b8_640.jpg,mucca
ea36b20e2cf2093ed1584d05fb1d4e9fe777ead218ac104497f5c978a7e8b7bc_640.jpg,elefante
ea36b20f20f1033ed1584d05fb1d4e9fe777ead218ac104497f5c978a7e8b7bc_640.jpg,elefante
ea36b20f2ef5093ed1584d05fb1d4e9fe777ead218ac104497f5c978a7e8b7bc_640.jpg,elefante
ea36b20f2ff7023ed1584d05fb1d4e9fe777ead218ac104497f5c97ca5edb3bd_640.jpg,pecora
ea36b30828f4033ed1584d05fb1d4e9fe777ead218ac104497f5c978a7e8b7bc_640.jpg,gallina
ea36b30921f3053ed1584d05fb1d4e9fe777ead218ac104497f5c978a4efb4bb_640.jpg,cane
ea36b30928f7003ed1584d05fb1d4e9fe777ead218ac104497f5c978a7e8b7bc_640.jpg,elefante
ea36b3092afd093ed1584d05fb1d4e9fe777ead218ac104497f5c97ca5edb3bd_640.jpg,ragno
ea36b30a20f0033ed1584d05fb1d4e9fe777ead218ac104497f5c97faee9bdba_640.jpg,farfalla
ea36b30a21f3043ed1584d05fb1d4e9fe777ead218ac104497f5c978a4efb4bb_640.jpg,elefante
ea36b30a2af3053ed1584d05fb1d4e9fe777ead218ac104497f5c978a4efb4bb_640.jpg,cavallo
ea36b30a2bf5033ed1584d05fb1d4e9fe777ead218ac104497f5c978a4efb4bb_640.jpg,elefante
ea36b30a2ff2013ed1584d05fb1d4e9fe777ead218ac104497f5c978a7e8b7bc_640.jpg,gatto
ea36b30b21f0093ed1584d05fb1d4e9fe777ead218ac104497f5c97faee8b1b8_640.jpg,elefante
ea36b30c2ef2053ed1584d05fb1d4e9fe777ead218ac104497f5c97faee8b1b8_640.jpg,elefante
ea36b30e29fc033ed1584d05fb1d4e9fe777ead218ac104497f5c978a7e8b7bc_640.jpg,gatto
ea36b30e2cfd093ed1584d05fb1d4e9fe777ead218ac104497f5c978a6e8b0b1_640.jpg,scoiattolo
ea36b40821f7053ed1584d05fb1d4e9fe777ead218ac104497f5c97ca5edb3bd_640.jpg,elefante
ea36b4082df01c22d2524518b7444f92e37fe5d404b0144390f8c07aa4e5b0_640.jpg,elefante
ea36b4092bf0003ed1584d05fb1d4e9fe777ead218ac104497f5c978a4efb4bb_640.jpg,pecora
ea36b4092ef6083ed1584d05fb1d4e9fe777ead218ac104497f5c97ca5edb3bd_640.jpg,gallina
ea36b4092ef7013ed1584d05fb1d4e9fe777ead218ac104497f5c97ca5edb3bd_640.jpg,pecora
ea36b40a21f6043ed1584d05fb1d4e9fe777ead218ac104497f5c97faee9bdba_640.jpg,farfalla
ea36b40a2af4073ed1584d05fb1d4e9fe777ead218ac104497f5c97ca5edb3bd_640.jpg,elefante
ea36b40a2ff0063ed1584d05fb1d4e9fe777ead218ac104497f5c97faeebb5bb_640.jpg,farfalla
ea36b40c28f0003ed1584d05fb1d4e9fe777ead218ac104497f5c978a7eebdbb_640.jpg,cane
ea36b40c28f2033ed1584d05fb1d4e9fe777ead218ac104497f5c97ca5edb3bd_640.jpg,pecora
ea36b40c29f4083ed1584d05fb1d4e9fe777ead218ac104497f5c97ca5edb3bd_640.jpg,elefante
ea36b40d20f0033ed1584d05fb1d4e9fe777ead218ac104497f5c978a7eebdbb_640.jpg,elefante
ea36b40d2ef5053ed1584d05fb1d4e9fe777ead218ac104497f5c97faee9bdba_640.jpg,elefante
ea36b40f2bfd033ed1584d05fb1d4e9fe777ead218ac104497f5c97faee9bdba_640.jpg,elefante
ea36b40f2ef5013ed1584d05fb1d4e9fe777ead218ac104497f5c978a7e8b7bc_640.jpg,elefante
ea36b50720f6043ed1584d05fb1d4e9fe777ead218ac104497f5c97ca5edb3bd_640.jpg,elefante
ea36b50721f0053ed1584d05fb1d4e9fe777ead218ac104497f5c978a6e8b0b1_640.jpg,pecora
ea36b50721f1073ed1584d05fb1d4e9fe777ead218ac104497f5c978a6e8b0b1_640.jpg,pecora
ea36b50821fd093ed1584d05fb1d4e9fe777ead218ac104497f5c978a6ebb3bf_640.jpg,scoiattolo
ea36b50828fd013ed1584d05fb1d4e9fe777ead218ac104497f5c97faee9bdba_640.jpg,farfalla
ea36b50928fc023ed1584d05fb1d4e9fe777ead218ac104497f5c97ca5edb3bd_640.jpg,gallina
ea36b50a29f4003ed1584d05fb1d4e9fe777ead218ac104497f5c978a7e8b7bc_640.jpg,cane
ea36b50a2ef1063ed1584d05fb1d4e9fe777ead218ac104497f5c97faee9bdba_640.jpg,elefante
ea36b50b2ff6073ed1584d05fb1d4e9fe777ead218ac104497f5c978a7ebb0bb_640.jpg,cane
ea36b50c2af0013ed1584d05fb1d4e9fe777ead218ac104497f5c97faee8b1b8_640.jpg,gallina
ea36b50c2df3023ed1584d05fb1d4e9fe777ead218ac104497f5c97faee8b1b8_640.jpg,gallina
ea36b50e2ef5033ed1584d05fb1d4e9fe777ead218ac104497f5c978a6e8b0b1_640.jpg,pecora
ea36b50e2ef5093ed1584d05fb1d4e9fe777ead218ac104497f5c978a6e8b0b1_640.jpg,cane
ea36b50f2cfc063ed1584d05fb1d4e9fe777ead218ac104497f5c97faee9bdba_640.png,gallina
ea36b50f2df4063ed1584d05fb1d4e9fe777ead218ac104497f5c978a7eebdbb_640.jpg,pecora
ea36b60721fd093ed1584d05fb1d4e9fe777ead218ac104497f5c97faee9bdba_640.jpg,gallina
ea36b60a2bf2053ed1584d05fb1d4e9fe777ead218ac104497f5c978a4efb4bb_640.jpg,elefante
ea36b60a2bf6063ed1584d05fb1d4e9fe777ead218ac104497f5c978a6e8b0b1_640.jpg,elefante
ea36b60b21f5033ed1584d05fb1d4e9fe777ead218ac104497f5c97faee9bdba_640.jpg,elefante
ea36b60b2af3003ed1584d05fb1d4e9fe777ead218ac104497f5c978a7eebdbb_640.jpg,gallina
ea36b60b2af3073ed1584d05fb1d4e9fe777ead218ac104497f5c979aee4b1bf_640.jpg,cane
ea36b60b2bf4063ed1584d05fb1d4e9fe777ead218ac104497f5c978a7eebdbb_640.jpg,cane
ea36b60b2bf4083ed1584d05fb1d4e9fe777ead218ac104497f5c97faee9bdba_640.jpg,gallina
ea36b60b2cf5093ed1584d05fb1d4e9fe777ead218ac104497f5c978a7eebdbb_640.jpg,farfalla
ea36b60b2cf6033ed1584d05fb1d4e9fe777ead218ac104497f5c978a7eebdbb_640.jpg,pecora
ea36b60c20f7033ed1584d05fb1d4e9fe777ead218ac104497f5c978a7eebdbb_640.jpg,elefante
ea36b60c2af1043ed1584d05fb1d4e9fe777ead218ac104497f5c97faee9bdba_640.jpg,farfalla
ea36b60c2cf7083ed1584d05fb1d4e9fe777ead218ac104497f5c979aee4b1bf_640.jpg,pecora
ea36b60d21f0093ed1584d05fb1d4e9fe777ead218ac104497f5c978a7eebdbb_640.jpg,scoiattolo
ea36b60e2af1083ed1584d05fb1d4e9fe777ead218ac104497f5c978a7eebdbb_640.jpg,mucca
ea36b60e2ef4033ed1584d05fb1d4e9fe777ead218ac104497f5c97faee9bdba_640.jpg,elefante
ea36b60f21f7003ed1584d05fb1d4e9fe777ead218ac104497f5c97ca5edb3bd_640.jpg,ragno
ea36b60f2af4013ed1584d05fb1d4e9fe777ead218ac104497f5c97faee9bdba_640.jpg,pecora
ea36b70629f6063ed1584d05fb1d4e9fe777ead218ac104497f5c978a7eebdbb_640.jpg,pecora
ea36b7072ef5003ed1584d05fb1d4e9fe777ead218ac104497f5c97faee9bdba_640.jpg,gallina
ea36b7072ff0013ed1584d05fb1d4e9fe777ead218ac104497f5c97faee9bdba_640.jpg,pecora
ea36b7072ff0073ed1584d05fb1d4e9fe777ead218ac104497f5c97faeebb5bb_640.jpg,pecora
ea36b7072ff7063ed1584d05fb1d4e9fe777ead218ac104497f5c97faee8b1b8_640.jpg,pecora
ea36b7082bf7093ed1584d05fb1d4e9fe777ead218ac104497f5c978a4efb4bb_640.jpg,pecora
ea36b7082ef6043ed1584d05fb1d4e9fe777ead218ac104497f5c97faee8b1b8_640.jpg,gallina
ea36b7092af5073ed1584d05fb1d4e9fe777ead218ac104497f5c97ca5edb3bd_640.jpg,elefante
ea36b70c20f3093ed1584d05fb1d4e9fe777ead218ac104497f5c978a4efb4bb_640.jpg,elefante
ea36b70c21f4023ed1584d05fb1d4e9fe777ead218ac104497f5c978a4efb4bb_640.jpg,elefante
ea36b70c21f4033ed1584d05fb1d4e9fe777ead218ac104497f5c978a4efb4bb_640.jpg,ragno
ea36b70c2cfd043ed1584d05fb1d4e9fe777ead218ac104497f5c978a6e8b0b1_640.jpg,scoiattolo
ea36b70d2af1033ed1584d05fb1d4e9fe777ead218ac104497f5c978a7e8b7bc_640.jpg,elefante
ea36b70e21f1023ed1584d05fb1d4e9fe777ead218ac104497f5c978a7eebdbb_640.jpg,pecora
ea36b70f2bf1093ed1584d05fb1d4e9fe777ead218ac104497f5c97ca5edb3bd_640.jpg,elefante
ea36b70f2bfd063ed1584d05fb1d4e9fe777ead218ac104497f5c979aee4b1bf_640.jpg,gallina
ea36b80b28f41c22d2524518b7444f92e37fe5d404b0144390f8c079a4e5b6_640.jpg,elefante
ea36b90c2cf3013ed1584d05fb1d4e9fe777ead218ac104497f5c97faee9bdba_640.jpg,mucca
ea36b90c2cf3053ed1584d05fb1d4e9fe777ead218ac104497f5c97faee9bdba_640.jpg,elefante
ea36b90c2ef6013ed1584d05fb1d4e9fe777ead218ac104497f5c978a7eebdbb_640.jpg,pecora
ea36b90d2bf1033ed1584d05fb1d4e9fe777ead218ac104497f5c978a4efb4bb_640.jpg,farfalla
ea36b90d2cf5093ed1584d05fb1d4e9fe777ead218ac104497f5c97faee9bdba_640.jpg,elefante
ea36b90d2cf6013ed1584d05fb1d4e9fe777ead218ac104497f5c97faee9bdba_640.jpg,gallina
ea36b90d2df3083ed1584d05fb1d4e9fe777ead218ac104497f5c978a4efb4bb_640.jpg,elefante
ea36b90d2ff1093ed1584d05fb1d4e9fe777ead218ac104497f5c97faee9bdba_640.jpg,elefante
ea37b00629f3033ed1584d05fb1d4e9fe777ead218ac104497f5c978a6e8b0b1_640.jpg,gallina
ea37b0062bfc093ed1584d05fb1d4e9fe777ead218ac104497f5c97faeebb5bb_640.jpg,cane
ea37b00720f1043ed1584d05fb1d4e9fe777ead218ac104497f5c97faeebb5bb_640.jpg,gallina
ea37b0072bf1043ed1584d05fb1d4e9fe777ead218ac104497f5c978a6ebb3bf_640.jpg,gallina
ea37b0072ff4063ed1584d05fb1d4e9fe777ead218ac104497f5c978a7ebb0bb_640.jpg,pecora
ea37b0082af3013ed1584d05fb1d4e9fe777ead218ac104497f5c978a6e8b0b1_640.jpg,scoiattolo
ea37b0082bf0093ed1584d05fb1d4e9fe777ead218ac104497f5c97faee8b1b8_640.jpg,gallina
ea37b0092df5083ed1584d05fb1d4e9fe777ead218ac104497f5c97faee8b1b8_640.jpg,gallina
ea37b00a2ff6043ed1584d05fb1d4e9fe777ead218ac104497f5c978a7ebb0bb_640.jpg,elefante
ea37b00b28f3043ed1584d05fb1d4e9fe777ead218ac104497f5c978a7eebdbb_640.jpg,elefante
ea37b00c21f2023ed1584d05fb1d4e9fe777ead218ac104497f5c978a7ebb0bb_640.jpg,elefante
ea37b00d28f6033ed1584d05fb1d4e9fe777ead218ac104497f5c978a7ebb0bb_640.jpg,pecora
ea37b00f21f0003ed1584d05fb1d4e9fe777ead218ac104497f5c97faee8b1b8_640.jpg,farfalla
ea37b00f28f1023ed1584d05fb1d4e9fe777ead218ac104497f5c978a7ebb0bb_640.jpg,gatto
ea37b10720f3083ed1584d05fb1d4e9fe777ead218ac104497f5c978a6e8b0b1_640.jpg,gallina
ea37b1072cf5033ed1584d05fb1d4e9fe777ead218ac104497f5c978a7eebdbb_640.jpg,scoiattolo
ea37b10821f5093ed1584d05fb1d4e9fe777ead218ac104497f5c978a4efbcb0_640.jpg,pecora
ea37b1082bfc043ed1584d05fb1d4e9fe777ead218ac104497f5c978a7ebb0bb_640.jpg,elefante
ea37b1082bfc093ed1584d05fb1d4e9fe777ead218ac104497f5c97faee9bdba_640.jpg,pecora
ea37b1082cf6063ed1584d05fb1d4e9fe777ead218ac104497f5c97faeebb5bb_640.jpg,farfalla
ea37b10a20f0043ed1584d05fb1d4e9fe777ead218ac104497f5c97ca5edb3bd_640.jpg,elefante
ea37b10a21f5003ed1584d05fb1d4e9fe777ead218ac104497f5c97faee9bdba_640.jpg,gallina
ea37b10a28f7093ed1584d05fb1d4e9fe777ead218ac104497f5c97faee9bdba_640.jpg,elefante
ea37b10a2cfd023ed1584d05fb1d4e9fe777ead218ac104497f5c97faeebb5bb_640.jpg,gallina
ea37b10d20f7053ed1584d05fb1d4e9fe777ead218ac104497f5c97ca5edb3bd_640.jpg,ragno
ea37b10d28fc043ed1584d05fb1d4e9fe777ead218ac104497f5c97faeebb5bb_640.jpg,pecora
ea37b10d2bf4073ed1584d05fb1d4e9fe777ead218ac104497f5c97faee8b1b8_640.jpg,mucca
ea37b10e21f2013ed1584d05fb1d4e9fe777ead218ac104497f5c97ca5ecb5b1_640.jpg,elefante
ea37b10e21fd003ed1584d05fb1d4e9fe777ead218ac104497f5c97faeebb5bb_640.jpg,gallina
ea37b2062ff4073ed1584d05fb1d4e9fe777ead218ac104497f5c978a7ebb0bb_640.jpg,scoiattolo
ea37b2062ff4083ed1584d05fb1d4e9fe777ead218ac104497f5c978a7ebb0bb_640.jpg,pecora
ea37b2072bf6083ed1584d05fb1d4e9fe777ead218ac104497f5c97faeebb5bb_640.jpg,pecora
ea37b20829f0093ed1584d05fb1d4e9fe777ead218ac104497f5c978a7e8b7bc_640.jpg,elefante
ea37b20920f5033ed1584d05fb1d4e9fe777ead218ac104497f5c97faeebb5bb_640.jpg,pecora
ea37b20c20f5053ed1584d05fb1d4e9fe777ead218ac104497f5c97faee9bdba_640.jpg,gallina
ea37b20c2df6043ed1584d05fb1d4e9fe777ead218ac104497f5c978a4efb4bb_640.jpg,elefante
ea37b20d2df3053ed1584d05fb1d4e9fe777ead218ac104497f5c978a7ebb0bb_640.jpg,elefante
ea37b20e2ff5033ed1584d05fb1d4e9fe777ead218ac104497f5c97faeebb5bb_640.jpg,elefante
ea37b20f2ef01c22d2524518b7444f92e37fe5d404b0144390f8c078a1ebb2_640.jpg,elefante
ea37b30929f6093ed1584d05fb1d4e9fe777ead218ac104497f5c97faee9bdba_640.jpg,farfalla
ea37b3092df1073ed1584d05fb1d4e9fe777ead218ac104497f5c97faeebb5bb_640.jpg,cane
ea37b3092df3043ed1584d05fb1d4e9fe777ead218ac104497f5c97faee8b1b8_640.jpg,elefante
ea37b30a29f0093ed1584d05fb1d4e9fe777ead218ac104497f5c978a4efb4bb_640.jpg,elefante
ea37b30d28fd003ed1584d05fb1d4e9fe777ead218ac104497f5c97faee8b1b8_640.jpg,mucca
ea37b30e2dfc023ed1584d05fb1d4e9fe777ead218ac104497f5c978a4efb4bb_640.jpg,elefante
ea37b30f2af3083ed1584d05fb1d4e9fe777ead218ac104497f5c97faeebb5bb_640.jpg,farfalla
ea37b40721f7003ed1584d05fb1d4e9fe777ead218ac104497f5c978a7ebb0bb_640.jpg,mucca
ea37b40729f2073ed1584d05fb1d4e9fe777ead218ac104497f5c978a7e8b7bc_640.jpg,elefante
ea37b4072af2093ed1584d05fb1d4e9fe777ead218ac104497f5c97faee9bdba_640.png,farfalla
ea37b4072bfc013ed1584d05fb1d4e9fe777ead218ac104497f5c978a6e8b0b1_640.jpg,pecora
ea37b4082af1023ed1584d05fb1d4e9fe777ead218ac104497f5c978a7ebb0bb_640.jpg,ragno
ea37b4082bf3093ed1584d05fb1d4e9fe777ead218ac104497f5c978a7e8b7bc_640.jpg,ragno
ea37b40b2cf0073ed1584d05fb1d4e9fe777ead218ac104497f5c97faeebb5bb_640.jpg,pecora
ea37b40b2cf3003ed1584d05fb1d4e9fe777ead218ac104497f5c978a7eebdbb_640.jpg,pecora
ea37b40b2ef5013ed1584d05fb1d4e9fe777ead218ac104497f5c978a6e8b0b1_640.jpg,gallina
ea37b40b2ef6053ed1584d05fb1d4e9fe777ead218ac104497f5c97faee8b1b8_640.jpg,gallina
ea37b40d20fd023ed1584d05fb1d4e9fe777ead218ac104497f5c97faee9bdba_640.jpg,farfalla
ea37b40d2af0093ed1584d05fb1d4e9fe777ead218ac104497f5c978a7e8b7bc_640.jpg,cavallo
ea37b40d2af1003ed1584d05fb1d4e9fe777ead218ac104497f5c978a7eebdbb_640.jpg,gatto
ea37b40d2bfd073ed1584d05fb1d4e9fe777ead218ac104497f5c97faeebb5bb_640.jpg,elefante
ea37b40d2ffd093ed1584d05fb1d4e9fe777ead218ac104497f5c978a4efb4bb_640.jpg,gallina
ea37b40e2cf4003ed1584d05fb1d4e9fe777ead218ac104497f5c978a6e8b0b1_640.jpg,elefante
ea37b50628f1033ed1584d05fb1d4e9fe777ead218ac104497f5c97faee8b1b8_640.jpg,pecora
ea37b50628f1073ed1584d05fb1d4e9fe777ead218ac104497f5c97faee8b1b8_640.jpg,pecora
ea37b50628fd053ed1584d05fb1d4e9fe777ead218ac104497f5c97faeebb5bb_640.jpg,pecora
ea37b5092dfd033ed1584d05fb1d4e9fe777ead218ac104497f5c97faee8b1b8_640.jpg,elefante
ea37b5092ff6013ed1584d05fb1d4e9fe777ead218ac104497f5c978a6ebb3bf_640.jpg,elefante
ea37b50a29f2053ed1584d05fb1d4e9fe777ead218ac104497f5c978a6e8b0b1_640.jpg,cane
ea37b50b2ff1003ed1584d05fb1d4e9fe777ead218ac104497f5c97faee9bdba_640.jpg,gallina
ea37b50c2ff6093ed1584d05fb1d4e9fe777ead218ac104497f5c97faee8b1b8_640.jpg,elefante
ea37b50d2bf0063ed1584d05fb1d4e9fe777ead218ac104497f5c97faee9bdba_640.jpg,gallina
ea37b50d2ff1073ed1584d05fb1d4e9fe777ead218ac104497f5c978a7ebb0bb_640.jpg,ragno
ea37b60628f2053ed1584d05fb1d4e9fe777ead218ac104497f5c978a7eebdbb_640.jpg,gallina
ea37b60629f6083ed1584d05fb1d4e9fe777ead218ac104497f5c97faee8b1b8_640.jpg,elefante
ea37b6062ffd043ed1584d05fb1d4e9fe777ead218ac104497f5c97faee8b1b8_640.jpg,gallina
ea37b60928f6003ed1584d05fb1d4e9fe777ead218ac104497f5c978a4efb4bb_640.jpg,elefante
ea37b6092cf5053ed1584d05fb1d4e9fe777ead218ac104497f5c978a4efbcb0_640.jpg,elefante
ea37b60a29f4083ed1584d05fb1d4e9fe777ead218ac104497f5c978a4efb4bb_640.jpg,elefante
ea37b60c2ffc033ed1584d05fb1d4e9fe777ead218ac104497f5c978a7e8b7bc_640.jpg,elefante
ea37b60c2ffc083ed1584d05fb1d4e9fe777ead218ac104497f5c978a7eebdbb_640.jpg,elefante
ea37b60d2bf7043ed1584d05fb1d4e9fe777ead218ac104497f5c97faee8b1b8_640.jpg,elefante
ea37b60d2cf2063ed1584d05fb1d4e9fe777ead218ac104497f5c978a6e8b0b1_640.jpg,elefante
ea37b60e29f3093ed1584d05fb1d4e9fe777ead218ac104497f5c97faeebb5bb_640.jpg,gallina
ea37b60e2af6083ed1584d05fb1d4e9fe777ead218ac104497f5c97faeebb5bb_640.jpg,elefante
ea37b60f2ef2083ed1584d05fb1d4e9fe777ead218ac104497f5c97faee8b1b8_640.jpg,pecora
ea37b60f2ef6043ed1584d05fb1d4e9fe777ead218ac104497f5c978a7eebdbb_640.jpg,elefante
ea37b7062ff2043ed1584d05fb1d4e9fe777ead218ac104497f5c978a7eebdbb_640.jpg,elefante
ea37b70728f0063ed1584d05fb1d4e9fe777ead218ac104497f5c97faeebb5bb_640.jpg,pecora
ea37b7082dfd033ed1584d05fb1d4e9fe777ead218ac104497f5c978a7eebdbb_640.jpg,gatto
ea37b7082dfd053ed1584d05fb1d4e9fe777ead218ac104497f5c978a7eebdbb_640.jpg,gatto
ea37b70b20fd003ed1584d05fb1d4e9fe777ead218ac104497f5c97faeebb5bb_640.jpg,gallina
ea37b70c2af4093ed1584d05fb1d4e9fe777ead218ac104497f5c978a6e8b0b1_640.jpg,scoiattolo
ea37b70c2af5043ed1584d05fb1d4e9fe777ead218ac104497f5c978a6e8b0b1_640.jpg,pecora
ea37b70c2df2023ed1584d05fb1d4e9fe777ead218ac104497f5c978a7e8b7bc_640.jpg,gatto
ea37b70d2df1093ed1584d05fb1d4e9fe777ead218ac104497f5c978a7ebb0bb_640.jpg,pecora
ea37b70e28fd023ed1584d05fb1d4e9fe777ead218ac104497f5c978a7e8b7bc_640.jpg,cane
ea37b70f2bf2013ed1584d05fb1d4e9fe777ead218ac104497f5c978a7ebb0bb_640.jpg,gatto
ea37b80629f0063ed1584d05fb1d4e9fe777ead218ac104497f5c978a7ebb0bb_640.jpg,gallina
ea37b80629f1013ed1584d05fb1d4e9fe777ead218ac104497f5c978a7ebb0bb_640.jpg,gallina
ea37b80629f7023ed1584d05fb1d4e9fe777ead218ac104497f5c97ca5edb3bd_640.jpg,gallina
ea37b8062af6073ed1584d05fb1d4e9fe777ead218ac104497f5c97faee8b1b8_640.jpg,gallina
ea37b8062afd053ed1584d05fb1d4e9fe777ead218ac104497f5c97faee8b1b8_640.jpg,mucca
ea37b80921f1023ed1584d05fb1d4e9fe777ead218ac104497f5c978a7e8b7bc_640.jpg,cane
ea37b80a28f6083ed1584d05fb1d4e9fe777ead218ac104497f5c97faee8b1b8_640.jpg,elefante
ea37b80a2cf3033ed1584d05fb1d4e9fe777ead218ac104497f5c978a6e8b0b1_640.jpg,gatto
ea37b80b2ef2023ed1584d05fb1d4e9fe777ead218ac104497f5c97faeebb5bb_640.jpg,gallina
ea37b80b2ef7063ed1584d05fb1d4e9fe777ead218ac104497f5c978a7eebdbb_640.jpg,gatto
ea37b80b2ff4053ed1584d05fb1d4e9fe777ead218ac104497f5c97faee8b1b8_640.jpg,gallina
ea37b80c2ff5083ed1584d05fb1d4e9fe777ead218ac104497f5c97faee8b1b8_640.jpg,elefante
ea37b80d20f0043ed1584d05fb1d4e9fe777ead218ac104497f5c978a7ebb0bb_640.jpg,elefante
ea37b80d2ff1033ed1584d05fb1d4e9fe777ead218ac104497f5c978a4efb4bb_640.jpg,mucca
ea37b80e28f0093ed1584d05fb1d4e9fe777ead218ac104497f5c97faeebb5bb_640.jpg,gallina
ea37b80f2bf1013ed1584d05fb1d4e9fe777ead218ac104497f5c97ca5edb3bd_640.jpg,gallina
ea37b80f2bf6073ed1584d05fb1d4e9fe777ead218ac104497f5c97faee8b1b8_640.jpg,ragno
ea37b9072af4013ed1584d05fb1d4e9fe777ead218ac104497f5c978a7eebdbb_640.jpg,gallina
ea37b9072af7043ed1584d05fb1d4e9fe777ead218ac104497f5c97ca5edb3bd_640.jpg,gallina
ea37b9072bf1033ed1584d05fb1d4e9fe777ead218ac104497f5c97faee9bdba_640.jpg,gallina
ea37b90821f0013ed1584d05fb1d4e9fe777ead218ac104497f5c97ca5edb3bd_640.jpg,elefante
ea37b90821fd023ed1584d05fb1d4e9fe777ead218ac104497f5c978a7eebdbb_640.jpg,elefante
ea37b90a2cf2093ed1584d05fb1d4e9fe777ead218ac104497f5c978a7e8b7bc_640.jpg,elefante
ea37b90b2bf0013ed1584d05fb1d4e9fe777ead218ac104497f5c978a7ebb0bb_640.jpg,mucca
ea37b90b2dfd063ed1584d05fb1d4e9fe777ead218ac104497f5c978a6e8b0b1_640.jpg,gatto
ea37b90b2dfd083ed1584d05fb1d4e9fe777ead218ac104497f5c978a6e8b0b1_640.jpg,scoiattolo
ea37b90b2ef4073ed1584d05fb1d4e9fe777ead218ac104497f5c978a6e8b0b1_640.jpg,pecora
ea37b90c20f0033ed1584d05fb1d4e9fe777ead218ac104497f5c978a7eebdbb_640.jpg,gallina
ea37b90c28f7083ed1584d05fb1d4e9fe777ead218ac104497f5c97faeebb5bb_640.jpg,gallina
ea37b90f2bf5083ed1584d05fb1d4e9fe777ead218ac104497f5c97faee9bdba_640.jpg,gallina
ea37b90f2bf6043ed1584d05fb1d4e9fe777ead218ac104497f5c97faee9bdba_640.jpg,farfalla
ea37b90f2df0033ed1584d05fb1d4e9fe777ead218ac104497f5c978a7ebb0bb_640.jpg,elefante
ea37b90f2df2043ed1584d05fb1d4e9fe777ead218ac104497f5c978a7e8b7bc_640.jpg,elefante
ea37b90f2df2083ed1584d05fb1d4e9fe777ead218ac104497f5c978a7e8b7bc_640.jpg,elefante
ea37b90f2df2093ed1584d05fb1d4e9fe777ead218ac104497f5c978a7e8b7bc_640.jpg,elefante
ea37b90f2df6003ed1584d05fb1d4e9fe777ead218ac104497f5c978a7eebdbb_640.jpg,scoiattolo
ea37b90f2df6043ed1584d05fb1d4e9fe777ead218ac104497f5c978a7ebb0bb_640.jpg,elefante
ea37b90f2df7013ed1584d05fb1d4e9fe777ead218ac104497f5c978a7e8b7bc_640.jpg,mucca
ea37b90f2df7063ed1584d05fb1d4e9fe777ead218ac104497f5c978a7e8b7bc_640.jpg,farfalla
ea37b90f2df7073ed1584d05fb1d4e9fe777ead218ac104497f5c978a7ebb0bb_640.jpg,cavallo
eb30b0092af1043ed1584d05fb1d4e9fe777ead218ac104497f5c978a4efbcb0_640.jpg,pecora
eb30b0092bf0003ed1584d05fb1d4e9fe777ead218ac104497f5c978a4efbcb0_640.jpg,elefante
eb30b20d20f4023ed1584d05fb1d4e9fe777ead218ac104497f5c978a4efbcb0_640.jpg,scoiattolo
eb30b3082bf1033ed1584d05fb1d4e9fe777ead218ac104497f5c978a6ebb3bf_640.jpg,gallina
eb30b30920f3063ed1584d05fb1d4e9fe777ead218ac104497f5c97ca5ecb5b1_640.jpg,gallina
eb30b30b21f1073ed1584d05fb1d4e9fe777ead218ac104497f5c978a6ebb3bf_640.jpg,scoiattolo
eb30b5062ef3043ed1584d05fb1d4e9fe777ead218ac104497f5c97faeebb5bb_640.jpg,gallina
eb30b50a20f7093ed1584d05fb1d4e9fe777ead218ac104497f5c978a6ebb3bf_640.jpg,gallina
eb30b50a2dfc043ed1584d05fb1d4e9fe777ead218ac104497f5c978a4eebdbd_640.jpg,elefante
eb30b50e21f4063ed1584d05fb1d4e9fe777ead218ac104497f5c978a4efbcb0_640.jpg,gallina
eb30b6082ff0083ed1584d05fb1d4e9fe777ead218ac104497f5c978a4efbcb0_640.jpg,elefante
eb30b70d28fd013ed1584d05fb1d4e9fe777ead218ac104497f5c978a6eab2b0_640.jpg,elefante
eb30b90d29fc043ed1584d05fb1d4e9fe777ead218ac104497f5c978a4efbcb0_640.jpg,mucca
eb30b90f20fc073ed1584d05fb1d4e9fe777ead218ac104497f5c978a4eebdbd_640.jpg,elefante
eb31b0092af01c22d2524518b7444f92e37fe5d404b0144390f8c07aa5ecb6_640.jpg,mucca
eb31b00e21fd043ed1584d05fb1d4e9fe777ead218ac104497f5c97ca5ecb3b9_640.jpg,gallina
eb31b10c2df1083ed1584d05fb1d4e9fe777ead218ac104497f5c978a6eab2b0_640.jpg,elefante
eb31b10e2ff7013ed1584d05fb1d4e9fe777ead218ac104497f5c978a6eab2b0_640.jpg,gallina
eb31b2092bfd043ed1584d05fb1d4e9fe777ead218ac104497f5c97faeebb5bb_640.png,farfalla
eb31b20a28f6003ed1584d05fb1d4e9fe777ead218ac104497f5c978a7ebb0bb_640.jpg,ragno
eb31b30c29f2043ed1584d05fb1d4e9fe777ead218ac104497f5c978a6eab2b0_640.jpg,scoiattolo
eb31b30f29f3063ed1584d05fb1d4e9fe777ead218ac104497f5c978a6ebb3bf_640.jpg,gallina
eb31b40c2bf4033ed1584d05fb1d4e9fe777ead218ac104497f5c978a6ebb3bf_640.jpg,gallina
eb31b40d2ff0023ed1584d05fb1d4e9fe777ead218ac104497f5c978a4efbcb0_640.jpg,elefante
eb31b40d2ff7093ed1584d05fb1d4e9fe777ead218ac104497f5c978a4eebdbd_640.jpg,scoiattolo
eb31b40e2cf6003ed1584d05fb1d4e9fe777ead218ac104497f5c97ca5ecb3b9_640.jpg,pecora
eb31b40e2cf6013ed1584d05fb1d4e9fe777ead218ac104497f5c97ca5ecb3b9_640.jpg,elefante
eb31b40e2ffc033ed1584d05fb1d4e9fe777ead218ac104497f5c978a4eebdbd_640.jpg,gatto
eb31b50d2af0053ed1584d05fb1d4e9fe777ead218ac104497f5c97faeebb5bb_640.jpg,gallina
eb31b60a2af4023ed1584d05fb1d4e9fe777ead218ac104497f5c978a6eab2b0_640.jpg,elefante
eb31b60e2afc053ed1584d05fb1d4e9fe777ead218ac104497f5c978a4efbcb0_640.jpg,gallina
eb31b7062bf71c22d2524518b7444f92e37fe5d404b0144390f8c079a1e8b6_640.jpg,scoiattolo
eb31b8062ff2063ed1584d05fb1d4e9fe777ead218ac104497f5c978a6eab2b0_640.jpg,gallina
eb31b80e20f1093ed1584d05fb1d4e9fe777ead218ac104497f5c97ca5ecb5b1_640.jpg,ragno
eb31b80e20f2083ed1584d05fb1d4e9fe777ead218ac104497f5c97ca5ecb5b1_640.jpg,gatto
eb31b90e2bf7033ed1584d05fb1d4e9fe777ead218ac104497f5c978a4efbcb0_640.jpg,elefante
eb32b1072cf4093ed1584d05fb1d4e9fe777ead218ac104497f5c97ca5ecb5b1_640.jpg,gallina
eb32b1072cfc043ed1584d05fb1d4e9fe777ead218ac104497f5c97ca5ecb3b9_640.jpg,pecora
eb32b20a2ff21c22d2524518b7444f92e37fe5d404b0144390f8c47ba7ebb0_640.jpg,pecora
eb32b20c2afc053ed1584d05fb1d4e9fe777ead218ac104497f5c978a6ebb3bf_640.jpg,gallina
eb32b20d20f1003ed1584d05fb1d4e9fe777ead218ac104497f5c978a4eebdbd_640.jpg,elefante
eb32b20e2afc043ed1584d05fb1d4e9fe777ead218ac104497f5c97ca5ecb5b1_640.jpg,elefante
eb32b20e2cf0093ed1584d05fb1d4e9fe777ead218ac104497f5c97ca5ecb3b9_640.jpg,gatto
eb32b20e2cfd003ed1584d05fb1d4e9fe777ead218ac104497f5c97ca5ecb3b9_640.jpg,elefante
eb32b20e2cfd023ed1584d05fb1d4e9fe777ead218ac104497f5c97ca5ecb3b9_640.jpg,mucca
eb32b3062cf5043ed1584d05fb1d4e9fe777ead218ac104497f5c978a4efb4bb_640.jpg,gallina
eb32b3082ef1053ed1584d05fb1d4e9fe777ead218ac104497f5c978a4efbcb0_640.jpg,elefante
eb32b30c2af7003ed1584d05fb1d4e9fe777ead218ac104497f5c97ca5ecb5b1_640.jpg,gatto
eb32b30d28f3023ed1584d05fb1d4e9fe777ead218ac104497f5c978a6ebb3bf_640.jpg,gallina
eb32b50d28f1083ed1584d05fb1d4e9fe777ead218ac104497f5c978a4eebdbd_640.jpg,elefante
eb32b50f20fd063ed1584d05fb1d4e9fe777ead218ac104497f5c97ca5ecb5b1_640.jpg,elefante
eb32b50f21fd063ed1584d05fb1d4e9fe777ead218ac104497f5c97ca5edb3bd_640.jpg,elefante
eb32b6072cfc073ed1584d05fb1d4e9fe777ead218ac104497f5c97faee8b1b8_640.png,farfalla
eb32b6092afd033ed1584d05fb1d4e9fe777ead218ac104497f5c97faeebb5bb_640.png,farfalla
eb32b6092afd043ed1584d05fb1d4e9fe777ead218ac104497f5c97faeebb5bb_640.png,farfalla
eb32b60c20f0093ed1584d05fb1d4e9fe777ead218ac104497f5c97faee8b1b8_640.jpg,mucca
eb32b60d2ef4013ed1584d05fb1d4e9fe777ead218ac104497f5c97ca5ecb5b1_640.jpg,elefante
eb32b60e21fc063ed1584d05fb1d4e9fe777ead218ac104497f5c97faeebb5bb_640.jpg,elefante
eb32b7092af1023ed1584d05fb1d4e9fe777ead218ac104497f5c978a7ebb0bb_640.jpg,gatto
eb32b7092ef4063ed1584d05fb1d4e9fe777ead218ac104497f5c97ca5ecb3b9_640.jpg,elefante
eb32b70c29f5013ed1584d05fb1d4e9fe777ead218ac104497f5c978a6ebb3bf_640.jpg,elefante
eb32b70d29f1073ed1584d05fb1d4e9fe777ead218ac104497f5c978a7ebb0bb_640.jpg,scoiattolo
eb32b70f21f2033ed1584d05fb1d4e9fe777ead218ac104497f5c97faee8b1b8_640.png,farfalla
eb32b80628f4073ed1584d05fb1d4e9fe777ead218ac104497f5c97ca5ecb3b9_640.jpg,ragno
eb32b80721f6033ed1584d05fb1d4e9fe777ead218ac104497f5c978a4eebdbd_640.jpg,elefante
eb32b80721f7003ed1584d05fb1d4e9fe777ead218ac104497f5c978a4eebdbd_640.jpg,gallina
eb32b8072bfd033ed1584d05fb1d4e9fe777ead218ac104497f5c97faee8b1b8_640.png,pecora
eb32b8082cf4003ed1584d05fb1d4e9fe777ead218ac104497f5c978a7ebb0bb_640.jpg,ragno
eb32b8092df5003ed1584d05fb1d4e9fe777ead218ac104497f5c978a4efb4bb_640.jpg,ragno
eb32b90d2af7083ed1584d05fb1d4e9fe777ead218ac104497f5c97ca5ecb3b9_640.jpg,farfalla
eb32b90f28f0053ed1584d05fb1d4e9fe777ead218ac104497f5c978a7ebb0bb_640.jpg,elefante
eb32b90f2bf0013ed1584d05fb1d4e9fe777ead218ac104497f5c978a6eab2b0_640.jpg,pecora
eb32b90f2df7063ed1584d05fb1d4e9fe777ead218ac104497f5c978a7ebb0bb_640.jpg,elefante
eb33b00f29f0003ed1584d05fb1d4e9fe777ead218ac104497f5c978a6eab2b0_640.jpg,pecora
eb33b2082bf5083ed1584d05fb1d4e9fe777ead218ac104497f5c978a4efb4bb_640.jpg,gallina
eb33b2082bf6003ed1584d05fb1d4e9fe777ead218ac104497f5c978a4efbcb0_640.jpg,elefante
eb33b20b2bf7093ed1584d05fb1d4e9fe777ead218ac104497f5c97ca5edb3bd_640.jpg,gallina
eb33b20d2dfc043ed1584d05fb1d4e9fe777ead218ac104497f5c978a4eebdbd_640.jpg,gallina
eb33b20e2df7003ed1584d05fb1d4e9fe777ead218ac104497f5c978a6ebb3bf_640.jpg,elefante
eb33b30a2bf0063ed1584d05fb1d4e9fe777ead218ac104497f5c978a6e8b0b1_640.jpg,scoiattolo
eb33b5062cf4083ed1584d05fb1d4e9fe777ead218ac104497f5c978a6eab2b0_640.jpg,gallina
eb33b5062df2003ed1584d05fb1d4e9fe777ead218ac104497f5c978a4eebdbd_640.jpg,gallina
eb33b5062df3073ed1584d05fb1d4e9fe777ead218ac104497f5c978a4eebdbd_640.jpg,scoiattolo
eb33b50721f5023ed1584d05fb1d4e9fe777ead218ac104497f5c97ca5ecb3b9_640.jpg,elefante
eb33b50828f5013ed1584d05fb1d4e9fe777ead218ac104497f5c978a4efbcb0_640.jpg,elefante
eb33b50e29f3033ed1584d05fb1d4e9fe777ead218ac104497f5c978a6e8b0b1_640.jpg,pecora
eb33b50e2af5073ed1584d05fb1d4e9fe777ead218ac104497f5c978a6e8b0b1_640.jpg,pecora
eb33b6092ef6093ed1584d05fb1d4e9fe777ead218ac104497f5c978a6e8b0b1_640.jpg,mucca
eb33b60c21f3073ed1584d05fb1d4e9fe777ead218ac104497f5c978a6ebb3bf_640.jpg,elefante
eb33b60e21f4023ed1584d05fb1d4e9fe777ead218ac104497f5c978a7eebdbb_640.jpg,mucca
eb33b7072af0073ed1584d05fb1d4e9fe777ead218ac104497f5c978a4efbcb0_640.jpg,elefante
eb33b70828f1043ed1584d05fb1d4e9fe777ead218ac104497f5c978a4efbcb0_640.jpg,gallina
eb33b70828f3013ed1584d05fb1d4e9fe777ead218ac104497f5c978a4efbcb0_640.jpg,gallina
eb33b7082af7073ed1584d05fb1d4e9fe777ead218ac104497f5c97ca5ecb3b9_640.jpg,ragno
eb33b7092af2003ed1584d05fb1d4e9fe777ead218ac104497f5c97ca5ecb3b9_640.jpg,ragno
eb33b7092af6053ed1584d05fb1d4e9fe777ead218ac104497f5c978a4eebdbd_640.jpg,scoiattolo
eb33b70c2bf3043ed1584d05fb1d4e9fe777ead218ac104497f5c978a4efbcb0_640.jpg,ragno
eb33b8082ff0083ed1584d05fb1d4e9fe777ead218ac104497f5c97ca5ecb5b1_640.jpg,gallina
eb33b80a2ff4053ed1584d05fb1d4e9fe777ead218ac104497f5c978a4efbcb0_640.jpg,elefante
eb33b9072bf3033ed1584d05fb1d4e9fe777ead218ac104497f5c97ca5ecb3b9_640.jpg,elefante
eb33b90921f0013ed1584d05fb1d4e9fe777ead218ac104497f5c978a4eebdbd_640.jpg,scoiattolo
eb33b9092bfd003ed1584d05fb1d4e9fe777ead218ac104497f5c978a6e8b0b1_640.jpg,pecora
eb33b9092bfd093ed1584d05fb1d4e9fe777ead218ac104497f5c978a6e8b0b1_640.jpg,pecora
eb33b9092cf6073ed1584d05fb1d4e9fe777ead218ac104497f5c978a6e8b0b1_640.jpg,gallina
eb34b00b2cf1003ed1584d05fb1d4e9fe777ead218ac104497f5c978a4eebdbd_640.jpg,cavallo
eb34b10720f1043ed1584d05fb1d4e9fe777ead218ac104497f5c978a4efbcb0_640.jpg,elefante
eb34b10721f3013ed1584d05fb1d4e9fe777ead218ac104497f5c978a4eebdbd_640.jpg,cane
eb34b10f2bfd073ed1584d05fb1d4e9fe777ead218ac104497f5c978a6ebb3bf_640.jpg,elefante
eb34b20829f0053ed1584d05fb1d4e9fe777ead218ac104497f5c978a6ebb3bf_640.jpg,cavallo
eb34b30a2bf4073ed1584d05fb1d4e9fe777ead218ac104497f5c978a6ebb3bf_640.jpg,gatto
eb34b40f2ef6073ed1584d05fb1d4e9fe777ead218ac104497f5c978a6ebb3bf_640.jpg,ragno
eb34b40f2ef6083ed1584d05fb1d4e9fe777ead218ac104497f5c978a6ebb3bf_640.jpg,ragno
eb34b40f2ef7003ed1584d05fb1d4e9fe777ead218ac104497f5c978a6ebb3bf_640.jpg,ragno
eb34b50820f5033ed1584d05fb1d4e9fe777ead218ac104497f5c97faeebb5bb_640.jpg,farfalla
eb34b50921f2003ed1584d05fb1d4e9fe777ead218ac104497f5c978a6ebb3bf_640.jpg,pecora
eb34b70928fd083ed1584d05fb1d4e9fe777ead218ac104497f5c97faee8b1b8_640.jpg,ragno
eb34b7092efc023ed1584d05fb1d4e9fe777ead218ac104497f5c978a6ebb3bf_640.jpg,gatto
eb34b80f2ef2023ed1584d05fb1d4e9fe777ead218ac104497f5c97ca5ecb3b9_640.jpg,elefante
eb34b90b2efc033ed1584d05fb1d4e9fe777ead218ac104497f5c978a7eebdbb_640.jpg,elefante
eb35b00628f1063ed1584d05fb1d4e9fe777ead218ac104497f5c97faeebb5bb_640.jpg,cavallo
eb35b1072bf7053ed1584d05fb1d4e9fe777ead218ac104497f5c97ca5ecb5b1_640.jpg,elefante
eb35b20a2cfc003ed1584d05fb1d4e9fe777ead218ac104497f5c978a4efb4bb_640.jpg,gallina
eb35b3062ef3083ed1584d05fb1d4e9fe777ead218ac104497f5c97faee8b1b8_640.png,farfalla
eb35b30729f1073ed1584d05fb1d4e9fe777ead218ac104497f5c97faeebb5bb_640.png,gatto
eb35b50921f01c22d2524518b7444f92e37fe5d404b0144390f8c078a2e8bc_640.jpg,gallina
eb35b50d20f7003ed1584d05fb1d4e9fe777ead218ac104497f5c978a4efb4bb_640.jpg,cavallo
eb35b60a20f71c22d2524518b7444f92e37fe5d404b0144390f8c079a1e8b6_640.jpg,pecora
eb35b60f2ef6043ed1584d05fb1d4e9fe777ead218ac104497f5c978a4efb4bb_640.jpg,scoiattolo
eb35b70c2dfd033ed1584d05fb1d4e9fe777ead218ac104497f5c978a4efbcb0_640.jpg,elefante
eb35b80a2ff3033ed1584d05fb1d4e9fe777ead218ac104497f5c978a4efbcb0_640.jpg,ragno
eb35b80e29f51c22d2524518b7444f92e37fe5d404b0144390f8c770a2e9b5_640.jpg,gallina
eb35b90620f1023ed1584d05fb1d4e9fe777ead218ac104497f5c978a4efb4bb_640.jpg,gallina
eb35b9062cf6043ed1584d05fb1d4e9fe777ead218ac104497f5c978a4efbcb0_640.jpg,cane
eb35b90a2ff31c22d2524518b7444f92e37fe5d404b0144390f8c47ba7ebb0_640.jpg,pecora
eb36b00b2ff6013ed1584d05fb1d4e9fe777ead218ac104497f5c978a6ebb3bf_640.jpg,pecora
eb36b10e2df1043ed1584d05fb1d4e9fe777ead218ac104497f5c978a6ebb3bf_640.jpg,gallina
eb36b20c29fd083ed1584d05fb1d4e9fe777ead218ac104497f5c97ca5ecb5b1_640.jpg,farfalla
eb36b40d2cf7063ed1584d05fb1d4e9fe777ead218ac104497f5c978a6eab2b0_640.jpg,scoiattolo
eb36b40e21f4053ed1584d05fb1d4e9fe777ead218ac104497f5c97ca5ecb5b1_640.jpg,farfalla
eb36b50c2ef4073ed1584d05fb1d4e9fe777ead218ac104497f5c978a6ebb3bf_640.jpg,ragno
eb36b6082ef3013ed1584d05fb1d4e9fe777ead218ac104497f5c978a4efbcb0_640.jpg,farfalla
eb36b70620f1083ed1584d05fb1d4e9fe777ead218ac104497f5c978a6ebb3bf_640.jpg,elefante
eb36b70d2efd073ed1584d05fb1d4e9fe777ead218ac104497f5c978a4efb4bb_640.png,ragno
eb37b00620f7073ed1584d05fb1d4e9fe777ead218ac104497f5c978a6e8b0b1_640.jpg,gallina
eb37b00929f2013ed1584d05fb1d4e9fe777ead218ac104497f5c978a6e8b0b1_640.jpg,mucca
eb37b00929f3073ed1584d05fb1d4e9fe777ead218ac104497f5c978a6eab2b0_640.jpg,gallina
eb37b00e28f5043ed1584d05fb1d4e9fe777ead218ac104497f5c978a6e8b0b1_640.jpg,gallina
eb37b20620e90021d85a5854ee454296eb70e3c818b413449df6c87fa7ee_640.jpg,gallina
eb37b2082bf5033ed1584d05fb1d4e9fe777ead218ac104497f5c978a6eab2b0_640.jpg,gallina
eb37b2082bf5093ed1584d05fb1d4e9fe777ead218ac104497f5c978a6ebb3bf_640.jpg,gallina
eb37b2082bf6053ed1584d05fb1d4e9fe777ead218ac104497f5c978a6eab2b0_640.jpg,cane
eb37b20c2bf2093ed1584d05fb1d4e9fe777ead218ac104497f5c978a4efbcb0_640.jpg,gallina
eb37b30c2af3043ed1584d05fb1d4e9fe777ead218ac104497f5c978a6eab2b0_640.jpg,scoiattolo
eb37b50628fc053ed1584d05fb1d4e9fe777ead218ac104497f5c978a6ebb3bf_640.jpg,mucca
eb37b50628fd093ed1584d05fb1d4e9fe777ead218ac104497f5c978a6ebb3bf_640.jpg,elefante
eb37b50b2ff61c22d2524518b7444f92e37fe5d404b0144390f8c770a2e9b5_640.jpg,elefante
eb37b50e2bf2013ed1584d05fb1d4e9fe777ead218ac104497f5c978a4efbcb0_640.jpg,elefante
eb37b70a28f5013ed1584d05fb1d4e9fe777ead218ac104497f5c97faee8b1b8_640.jpg,gatto
eb37b8072bf2073ed1584d05fb1d4e9fe777ead218ac104497f5c978a6ebb3bf_640.jpg,cane
eb37b9092cf2093ed1584d05fb1d4e9fe777ead218ac104497f5c978a6ebb3bf_640.jpg,elefante
eb3cb00d20f3053ed1584d05fb1d4e9fe777ead218ac104497f5c978a6e8b0b1_640.jpg,elefante
eb3cb00f2afd073ed1584d05fb1d4e9fe777ead218ac104497f5c978a4eebdbd_640.jpg,scoiattolo
eb3cb1072afc073ed1584d05fb1d4e9fe777ead218ac104497f5c978a7ebb0bb_640.jpg,elefante
eb3cb10820fd093ed1584d05fb1d4e9fe777ead218ac104497f5c978a6eab2b0_640.jpg,elefante
eb3cb1092af7003ed1584d05fb1d4e9fe777ead218ac104497f5c978a6e8b0b1_640.jpg,gallina
eb3cb10d2dfd083ed1584d05fb1d4e9fe777ead218ac104497f5c978a7ebb0bb_640.jpg,cane
eb3cb20628f1053ed1584d05fb1d4e9fe777ead218ac104497f5c978a4eebdbd_640.jpg,elefante
eb3cb20728f3093ed1584d05fb1d4e9fe777ead218ac104497f5c97ca5ecb3b9_640.jpg,elefante
eb3cb20b2ff6013ed1584d05fb1d4e9fe777ead218ac104497f5c978a7eebdbb_640.jpg,elefante
eb3cb20c28f4053ed1584d05fb1d4e9fe777ead218ac104497f5c978a4eebdbd_640.jpg,elefante
eb3cb30c21f5023ed1584d05fb1d4e9fe777ead218ac104497f5c978a4efbcb0_640.jpg,elefante
eb3cb30c21f5033ed1584d05fb1d4e9fe777ead218ac104497f5c978a4efb4bb_640.jpg,cane
eb3cb30c21f6043ed1584d05fb1d4e9fe777ead218ac104497f5c978a4efbcb0_640.jpg,scoiattolo
eb3cb40b2afd033ed1584d05fb1d4e9fe777ead218ac104497f5c978a6ebb3bf_640.jpg,elefante
eb3cb40e2df7063ed1584d05fb1d4e9fe777ead218ac104497f5c978a6ebb3bf_640.jpg,elefante
eb3cb5072cf4053ed1584d05fb1d4e9fe777ead218ac104497f5c979aee4b1bf_640.jpg,elefante
eb3cb50b2df3043ed1584d05fb1d4e9fe777ead218ac104497f5c978a6e8b0b1_640.jpg,gallina
eb3cb60a2efc033ed1584d05fb1d4e9fe777ead218ac104497f5c978a4efbcb0_640.jpg,gallina
eb3cb70621f7033ed1584d05fb1d4e9fe777ead218ac104497f5c978a7e8b7bc_640.jpg,cane
eb3cb70c28f1063ed1584d05fb1d4e9fe777ead218ac104497f5c978a7e8b7bc_640.jpg,gatto
eb3cb70f28f0053ed1584d05fb1d4e9fe777ead218ac104497f5c97ca5ecb5b1_640.jpg,elefante
eb3cb8062ef3053ed1584d05fb1d4e9fe777ead218ac104497f5c978a4eebdbd_640.jpg,gatto
eb3cb80d2ef1083ed1584d05fb1d4e9fe777ead218ac104497f5c978a6e8b0b1_640.jpg,gallina
eb3db00e2cfd033ed1584d05fb1d4e9fe777ead218ac104497f5c978a4efbcb0_640.jpg,elefante
eb3db00f2bfc023ed1584d05fb1d4e9fe777ead218ac104497f5c978a7e8b7bc_640.jpg,mucca
eb3db10629f0043ed1584d05fb1d4e9fe777ead218ac104497f5c978a4efbcb0_640.jpg,elefante
eb3db10828f0023ed1584d05fb1d4e9fe777ead218ac104497f5c978a7ebb0bb_640.jpg,scoiattolo
eb3db10a28f1023ed1584d05fb1d4e9fe777ead218ac104497f5c978a6ebb3bf_640.jpg,gallina
eb3db10f29fc083ed1584d05fb1d4e9fe777ead218ac104497f5c978a6e8b0b1_640.jpg,elefante
eb3db2082dfc083ed1584d05fb1d4e9fe777ead218ac104497f5c97faee9bdba_640.jpg,elefante
eb3db20b28f3093ed1584d05fb1d4e9fe777ead218ac104497f5c97faee8b1b8_640.png,farfalla
eb3db20b28fc043ed1584d05fb1d4e9fe777ead218ac104497f5c97faee8b1b8_640.png,farfalla
eb3db20b28fc053ed1584d05fb1d4e9fe777ead218ac104497f5c97faee8b1b8_640.png,farfalla
eb3db20c2af3033ed1584d05fb1d4e9fe777ead218ac104497f5c978a4eebdbd_640.jpg,gallina
eb3db20f2df4013ed1584d05fb1d4e9fe777ead218ac104497f5c978a6eab2b0_640.jpg,mucca
eb3db3082bfc083ed1584d05fb1d4e9fe777ead218ac104497f5c97ca5ecb3b9_640.jpg,gallina
eb3db4062dfc073ed1584d05fb1d4e9fe777ead218ac104497f5c978a4efbcb0_640.jpg,elefante
eb3db40a21f4043ed1584d05fb1d4e9fe777ead218ac104497f5c978a6e8b0b1_640.jpg,pecora
eb3db40b2ef1053ed1584d05fb1d4e9fe777ead218ac104497f5c978a6eab2b0_640.jpg,gallina
eb3db40b2ef1073ed1584d05fb1d4e9fe777ead218ac104497f5c978a6e8b0b1_640.jpg,elefante
eb3db40d29f0003ed1584d05fb1d4e9fe777ead218ac104497f5c978a6ebb3bf_640.jpg,mucca
eb3db40d29f0073ed1584d05fb1d4e9fe777ead218ac104497f5c978a6ebb3bf_640.jpg,gallina
eb3db5072dfd083ed1584d05fb1d4e9fe777ead218ac104497f5c978a6eab2b0_640.jpg,elefante
eb3db5072ffc023ed1584d05fb1d4e9fe777ead218ac104497f5c978a7ebb0bb_640.jpg,pecora
eb3db50c29f1013ed1584d05fb1d4e9fe777ead218ac104497f5c97ca5ecb5b1_640.jpg,farfalla
eb3db60d2af4053ed1584d05fb1d4e9fe777ead218ac104497f5c978a6ebb3bf_640.jpg,gallina
eb3db60d2ff6013ed1584d05fb1d4e9fe777ead218ac104497f5c978a4eebdbd_640.jpg,elefante
eb3db60e2cf3073ed1584d05fb1d4e9fe777ead218ac104497f5c978a4eebdbd_640.jpg,elefante
eb3db60f2ff3063ed1584d05fb1d4e9fe777ead218ac104497f5c978a4efb4bb_640.jpg,elefante
eb3db7062ffd033ed1584d05fb1d4e9fe777ead218ac104497f5c97faee8b1b8_640.jpg,farfalla
eb3db70a2cf6093ed1584d05fb1d4e9fe777ead218ac104497f5c97ca5ecb3b9_640.jpg,gallina
eb3db8062bf1083ed1584d05fb1d4e9fe777ead218ac104497f5c978a6eab2b0_640.jpg,elefante
eb3db8062df5063ed1584d05fb1d4e9fe777ead218ac104497f5c97faeebb5bb_640.jpg,gallina
eb3db8092bfd093ed1584d05fb1d4e9fe777ead218ac104497f5c978a4eebdbd_640.jpg,scoiattolo
eb3db80b2cfc033ed1584d05fb1d4e9fe777ead218ac104497f5c978a4efb4bb_640.jpg,elefante
eb3db80e2bf01c22d2524518b7444f92e37fe5d404b0144390f8c07aa5ecb6_640.jpg,pecora
eb3db80f2dfc023ed1584d05fb1d4e9fe777ead218ac104497f5c978a6eab2b0_640.jpg,elefante
eb3db9062bf7073ed1584d05fb1d4e9fe777ead218ac104497f5c97ca5ecb5b1_640.jpg,elefante
ec30b90729f01c22d2524518b7444f92e37fe5d404b0144390f8c47ba6ebb4_640.jpg,elefante
ec31b20a2bf31c22d2524518b7444f92e37fe5d404b0144390f8c47ba6ebb4_640.jpg,gallina
ec31b9082ce90021d85a5854ee454296eb70e3c818b413449df6c87ca3ed_640.jpg,gallina
ec32b0082df51c22d2524518b7444f92e37fe5d404b0144390f8c770a1edb6_640.jpg,gallina
ec32b1062afd1c22d2524518b7444f92e37fe5d404b0144390f8c47ba6edbc_640.jpg,ragno
ec33b30f2af41c22d2524518b7444f92e37fe5d404b0144390f8c47ba6ebb4_640.jpg,gallina
ec33b30f2ffc1c22d2524518b7444f92e37fe5d404b0144390f8c47ba7ebb0_640.jpg,elefante
ec33b50a2ef01c22d2524518b7444f92e37fe5d404b0144390f8c770a2e9b5_640.jpg,gallina
ec34b90e20f21c22d2524518b7444f92e37fe5d404b0144390f8c07aa5ecb6_640.jpg,gallina
ec35b10f29f01c22d2524518b7444f92e37fe5d404b0144390f8c47ba6ebb4_640.jpg,elefante
ec3cb10f2af41c22d2524518b7444f92e37fe5d404b0144390f8c07aa5ecb6_640.jpg,scoiattolo
ed30b90621f41c22d2524518b7444f92e37fe5d404b0144390f8c07aa5e4bd_640.jpg,elefante
ed31b9072ae90021d85a5854ee454296eb70e3c818b413449df6c87ca3ed_640.jpg,pecora
ed33b50f2ff21c22d2524518b7444f92e37fe5d404b0144390f8c770a1edb6_640.jpg,farfalla
ed34b80929f71c22d2524518b7444f92e37fe5d404b0144390f8c07aa5ecb6_640.jpg,gallina
ed35b9082cf21c22d2524518b7444f92e37fe5d404b0144390f8c079a2efb1_640.jpg,gatto
ed36b90a28f61c22d2524518b7444f92e37fe5d404b0144390f8c07aa4e5b0_640.jpg,elefante
ed37b60e2bfc1c22d2524518b7444f92e37fe5d404b0144390f8c07aa5ecb6_640.jpg,elefante
ed37b80b20f11c22d2524518b7444f92e37fe5d404b0144390f8c47ba6edbc_640.jpg,gallina
ee31b20a2cfd1c22d2524518b7444f92e37fe5d404b0144390f8c770a3e5b7_640.jpg,elefante
ee32b90c29f11c22d2524518b7444f92e37fe5d404b0144390f8c079a4e5b6_640.jpg,gatto
ee36b5092df01c22d2524518b7444f92e37fe5d404b0144390f8c770a2e9b5_640.jpg,farfalla
ee3cb70b2bf31c22d2524518b7444f92e37fe5d404b0144390f8c079a2efb1_640.jpg,cane
ef32b20b2de90021d85a5854ee454296eb70e3c818b413449df1c17ca5e9_640.jpg,elefante
ef32b60929e90021d85a5854ee454296eb70e3c818b413449df5c378a7e4_640.jpg,pecora
ef34b00e2ef31c22d2524518b7444f92e37fe5d404b0144390f8c770a2e9b5_640.jpg,elefante
ef34b60c28f11c22d2524518b7444f92e37fe5d404b0144390f8c079a1e8b6_640.jpg,gatto
ef37b90828e90021d85a5854ee454296eb70e3c818b413449df5c379a1e8_640.jpg,elefante
ef3db70728f71c22d2524518b7444f92e37fe5d404b0144390f8c079a2efb1_640.jpg,farfalla
erik-jan-leusink-180382-unsplash.jpg,farfalla
erik-jan-leusink-378147-unsplash.jpg,ragno
erik-jan-leusink-427699-unsplash.jpg,gatto
freddie-marriage-40645-unsplash.jpg,elefante
hannah-troupe-349131-unsplash.jpg,gatto
jose-ros-photo-388605-unsplash.jpg,farfalla
kamonnat-onnom-106416-unsplash.jpg,gatto
kevin-knezic-254586-unsplash.jpg,cane
kristin-lopez-416908-unsplash.jpg,gatto
lucija-ros-538675-unsplash.jpg,gatto
ludemeula-fernandes-451948-unsplash.jpg,elefante
max-boettinger-486490-unsplash.jpg,scoiattolo
mikhail-vasilyev-130018-unsplash.jpg,gatto
mikhail-vasilyev-34524-unsplash.jpg,cane
OIF-e2bexWrojgtQnAPPcUfOWQ.jpeg,elefante
OIP---A27bIBcUgX1qkbpZOPswHaFS.jpeg,cane
OIP---lAIbDlHKmejDpqrXq6vAAAAA.jpeg,elefante
OIP---LeldVL441fx5S66TGgVQAAAA.jpeg,gallina
OIP---MGqQIhmz3OEPYP-46_xwHaFj.jpeg,elefante
OIP---QC8fffuti7aIXLcrIhggHaFK.jpeg,gallina
OIP--04ndbWy7I04gsPgu9qOeQHaHs.jpeg,gatto
OIP--0Yr2a_yg2hs5QgCoHAOnAHaLJ.jpeg,elefante
OIP--1GKxNzkhVbR_eyVRCdp9QHaE6.jpeg,mucca
OIP--1iQSsCUgn4E10K_tST_QwHaHa.jpeg,scoiattolo
OIP--1QXriWyOTJg-9fEwbznmgHaI4.jpeg,cavallo
OIP--2gNU3N3KyfAV4yIoCAj1wHaE7.jpeg,gallina
OIP--2QiRmtl6rTZY7AxlnML6gHaE7.jpeg,gallina
OIP--2UWWMFtiau-M70B_RTU3AHaFj.jpeg,mucca
OIP--2wbTZUIHhYse3zlp1S4WQHaJ3.jpeg,elefante
OIP--3aF2OpzGKcdI6FHil50qQHaFj.jpeg,gallina
OIP--5_9K_rWa3brAsTjGCbktAHaFj.jpeg,mucca
OIP--5EOVD9HIiHEqNd8PZjFogHaII.jpeg,pecora
OIP--6mVvk2SFEi7TxqtyMbdvgHaEK.jpeg,elefante
OIP--6UY_QQC69uZF4CrwEcfUQHaHa.jpeg,elefante
OIP--7K5JzW1ZEmrY2YRyVjFCQHaE7.jpeg,farfalla
OIP--7xBAVJkrjDLNCknR2fuKgHaHa.jpeg,elefante
OIP--8KkBhz39_oRzUZBOrifWgHaE6.jpeg,gallina
OIP--8RSoaU1iEvZhemy7FlYegHaD9.jpeg,gallina
OIP--8UYtBETwRzYg3sYiJqJeAAAAA.jpeg,gallina
OIP--90_fw5Y28UC44KVSPuxdAHaJ3.jpeg,cane
OIP--AAQXm1r1q9pQFMH6vjkhwHaFk.jpeg,scoiattolo
OIP--AzXmxzRD9y3THnVByTtLwHaG5.jpeg,farfalla
OIP--BewaL4z8PUx9v6947smEwHaFj.jpeg,gallina
OIP--BM-v1VCxeng2FD2ZR-ncQAAAA.jpeg,elefante
OIP--BwCcfYAvrI0U8yYgWplXwHaF1.jpeg,elefante
OIP--CfZ7vJxy1LUVAoT9O1wTAHaE8.jpeg,gallina
OIP--CqWh6W1NLb76TYL4OCGAAHaFi.jpeg,gallina
OIP--D5FeQbUWqHIGRzsaeSkuQHaE7.jpeg,ragno
OIP--DjA-ZGzy7HvZtP0KyVSqgHaGi.jpeg,elefante
OIP--DQsiH-9LglDNlEvJpZQZQHaFw.jpeg,elefante
OIP--DqSseJFuaBH5t89CubEwAHaE8.jpeg,scoiattolo
OIP--DTVnqj-HKjAEvLxZyOYGQHaFP.jpeg,elefante
OIP--DXIif9VVeC-pa14I8PQZgHaE6.jpeg,cavallo
OIP--e77uBraw9yR8NL4ATG1TAHaE8.jpeg,cane
OIP--eJJJ5u2_KgNggs6GsMtswHaHk.jpeg,elefante
OIP--EJV-0S_RAhDQbtUA8HhoAHaGi.jpeg,cane
OIP--EkJDWQXEH4gMjl8fn9pLQHaE8.jpeg,elefante
OIP--euIcW3q8HxOobPq8wuwjgHaDf.jpeg,elefante
OIP--FJF1fAEKYhaAYF7cVpHNgHaFj.jpeg,elefante
OIP--fJYm8A3jUH0kZicOFAlpAHaJn.jpeg,cane
OIP--FUiFITHhbo7tMNvDJIw3QAAAA.jpeg,ragno
OIP--fzvIpPV8wifP4jliArs5QHaEL.jpeg,ragno
OIP--GaoQPyylYvggi7TVmbW2QHaFi.jpeg,pecora
OIP--GlCH31Wry6Uj4tAHTnIUwHaJv.jpeg,cavallo
OIP--gZsS7YbGvBLaXsRywLmBAHaFg.jpeg,elefante
OIP--H_viOir8PTR5Lj8DlAcQAEsD8.jpeg,ragno
OIP--Hu90LIKRRvlGvjXHvVQuQHaFj.jpeg,mucca
OIP--HXOXZ18PdzE1WprWDwq4gEsD6.jpeg,ragno
OIP--ICjd6ds94Og8HgSRyk9pAAAAA.jpeg,gallina
OIP--iElGyS-VQQbJlaQbPLapQHaE7.jpeg,elefante
OIP--iOs_itHDpRD2yjk-mwEwQHaFq.jpeg,gallina
OIP--iPPduM2--389E1lozUz_QHaFj.jpeg,scoiattolo
OIP--ittZIBa1ox84GW8FmIWAwHaGH.jpeg,elefante
OIP--iVoSrHMWX0IG2rxuA5CsgHaFj.jpeg,gallina
OIP--iZXLlQ8kwZFteToUcc3FgHaLF.jpeg,elefante
OIP--J2N0j1s_f3LgkIg4ZXQYAHaE8.jpeg,gallina
OIP--J8aDBnHgAk9zNrk2AqySQHaE5.jpeg,gallina
OIP--J8rTRP-zHNg0b0dWPYdzwHaE7.jpeg,elefante
OIP--Jlmaq5hQ1WBTLmue4gLRQHaFj.jpeg,elefante
OIP--jqyES48oZ9OFI3kFadEggHaEk.jpeg,elefante
OIP--JsYytBOeN57ZDVwmxqsOwAAAA.jpeg,elefante
OIP--jy2_p3NvNX51l-FNfOPzAHaFj.jpeg,scoiattolo
OIP--KlpwG173pm-gl9aWQkm9gHaE8.jpeg,gallina
OIP--kxEJHFJx5wILRhU4DaxSgHaFF.jpeg,elefante
OIP--L7ezqeZFRxMYyWj8qItBgHaE7.jpeg,elefante
OIP--L_f4z7c4uHZX00noZdIVwAAAA.jpeg,pecora
OIP--LHA8PnQdAY9kKVDN6BHuAHaFj.jpeg,ragno
OIP--lnCqw9ajSJK5CxuFZo2TwHaFb.jpeg,elefante
OIP--m74RPaZ0HzKUT5m_LiOLgHaHX.jpeg,elefante
OIP--mg1RcXZohCaxbeBdu70jwHaHt.jpeg,elefante
OIP--Mpfd_ozZWI-BuFQkizVrwHaFj.jpeg,gallina
OIP--mZiyU8uZ1LLjoPmCykXSgHaLO.jpeg,cane
OIP--NBX8JVZ8wy9KtVr-cblGgHaJ4.jpeg,pecora
OIP--NG72wAPsIYV5e5K0fyiigHaFw.jpeg,gallina
OIP--nv0ULgarE30Rnob-BqPuAHaE8.jpeg,pecora
OIP--NVRWoItTkJNS2s8Mo4TSwHaJ4.jpeg,gallina
OIP--oaMcE_WNhA-HDJiF4CvNAHaFF.jpeg,elefante
OIP--oDUk4AB3XuBQN__83AEjQHaG4.jpeg,gatto
OIP--ojaB8xSPBPAxcGSMxrToQHaF7.jpeg,scoiattolo
OIP--onBO5AGxrNBeHD2BoN1GgHaFj.jpeg,ragno
OIP--PeOH-_0Qn0pSoANG_VfzQHaE-.jpeg,gallina
OIP--PIzK8IjlJZpcxJWdgIn_wHaFj.jpeg,ragno
OIP--pUm5GJBB4cT92qCvWLCHQHaFh.jpeg,mucca
OIP--QajiSUrHpV7h-0oAtt4KQHaFj.jpeg,gallina
OIP--qXQl73q9J-P1F3bUbhT2AHaF_.jpeg,ragno
OIP--rboIGGKYIErRUik0zj0CAHaFf.jpeg,pecora
OIP--RiUPOTBjthmPdFJET-JHQHaJ4.jpeg,farfalla
OIP--RzOJndNB4Agj6qql-XvGAHaH7.jpeg,cane
OIP--S44hiu6-CBwY5MH11WF-QHaEK.jpeg,mucca
OIP--t73xCoD1MzXe048YvVjgQHaFj.jpeg,elefante
OIP--tLYXo2whlWi1qlFDmdO7gHaE8.jpeg,gallina
OIP--uUJypmYukMVgmeAYf1vwAHaEi.jpeg,mucca
OIP--uyxspAMAoa6IkxtgJWdYAHaE7.jpeg,pecora
OIP--v5vE98yMAH8qnE3ZiRbpQHaG6.jpeg,elefante
OIP--vFshOK4AjqHJ2MnoMMPYwHaJ4.jpeg,pecora
OIP--VMBJJd_NQN9bTb3hOcnVQAAAA.jpeg,ragno
OIP--w5zOHozbcu90uRLonhqKAHaFj.jpeg,elefante
OIP--wae2LH1nELpLtfuLnMlhgHaE9.jpeg,ragno
OIP--WbAO4ghPN8si_VhnQY_zQHaFb.jpeg,pecora
OIP--WdLOBtQwss3emyf38shNwHaF7.jpeg,gallina
OIP--wxpXf9kgp4ryj17aljk9gHaDy.jpeg,elefante
OIP--XK9fGfui8Yd_sI6-rKx-AHaFj.jpeg,cane
OIP--Xko31gNPyfbw6u0uMdNbAHaHv.jpeg,gallina
OIP--XyV2dbbCKXAX0Ucaw8VAgHaHi.jpeg,gatto
OIP--yAiLtilIcpRbafXPMw-_wHaGO.jpeg,gallina
OIP--yHZdwHAOLvxQoMTIXUt_QHaFj.jpeg,pecora
OIP--ysTUSbhCFBjrIdKdu2PpAAAAA.jpeg,pecora
OIP--zMaXG8V_bmuI8eeAaAUrwHaE_.jpeg,elefante
OIP--zW5YkJxAAZ3F6ptakmYqQHaGw.jpeg,gallina
OIP-0-4j2LrYb7bKSeuUdc2yJQHaLX.jpeg,elefante
OIP-0-OGDZB7ms6WPw21pssBbgHaFj.jpeg,gallina
OIP-0-TGu-jQ5fRR5fPXr1ijvQHaHa.jpeg,elefante
OIP-00qwuq8LDwY8bqltA0QfzwHaLF.jpeg,scoiattolo
OIP-017eIsUPeFIH7OtCeMhj5AHaFj.jpeg,elefante
OIP-027UsuxGAPPDHf86Z-oYawHaF7.jpeg,mucca
OIP-02MfXWiFtDKuR4G4uMsjeAHaE7.jpeg,gallina
OIP-02MVkVV8gZF8y7G1pIxT3AHaLh.jpeg,cavallo
OIP-02PCcubjRfmizjMlmiJQOQHaGS.jpeg,pecora
OIP-03EvGyDDLnwlOpBhZg-MIgHaHB.jpeg,cane
OIP-04Gal7G_8nBnZG2mgJnLSwHaEn.jpeg,elefante
OIP-04NIefRqi3wiiEkrls_T0wHaIj.jpeg,elefante
OIP-06Pazp4Kke9y83IfdQ5vQwHaFT.jpeg,gallina
OIP-06wL-zd1kwkkXNWE9imqlQHaF2.jpeg,farfalla
OIP-0746R0DvG2qyseYuws3QlwHaE8.jpeg,elefante
OIP-07B0eWxoeb7IIWZ3S6IHMwHaIo.jpeg,elefante
OIP-07fmgenGGDx8ppNm-y4e-AHaE7.jpeg,gallina
OIP-07UPZG9O1AAcXB0i9jhp_QHaFj.jpeg,gallina
OIP-08_SKBCc-yukohxiA-IQXQHaHa.jpeg,elefante
OIP-08IK3U5bFFbSDY6fb4KNFwHaIv.jpeg,gallina
OIP-08rcZ6sPWuvQ6j_ftRRRCAHaEF.jpeg,elefante
OIP-08Xf8bQxZmCDI_CozSO-YgHaH1.jpeg,ragno
OIP-093MUfXxhLody2lfmXKjIgHaEK.jpeg,farfalla
OIP-09ygRFAS1fXJpZygpUnYYQHaFj.jpeg,gallina
OIP-0_QS9F_3tU65pqSudWhPEAHaE8.jpeg,gallina
OIP-0a0_6W9xqdTrLnXcL8haUgHaLH.jpeg,pecora
OIP-0A9dxyezcpZubX2beHewWwHaE0.jpeg,elefante
OIP-0aMd_hJDVuMGMvxr1FTLSQHaGP.jpeg,cane
OIP-0argfBTTuc5ix8OVjBcWLwHaE3.jpeg,elefante
OIP-0b38oXc_wRpF6Dr6Lsfc9QHaE7.jpeg,elefante
OIP-0b4F6_zQfANx6SOMUAlWwgHaFw.jpeg,elefante
OIP-0bwtSS3fDZVvvGsvEkKq8gHaK1.jpeg,mucca
OIP-0cB0aS4cd23YCxD4ik6MtwHaGT.jpeg,cane
OIP-0CIUm0J7T6rnAupRmV4ijgHaFj.jpeg,gallina
OIP-0ClK4inJCxnsXnRBs1-aNQHaFj.jpeg,pecora
OIP-0cMunZ5IpSFGRbH_vYFvXgHaJ3.jpeg,elefante
OIP-0cwqK_pId75Pu0YLQq7HwgHaKj.jpeg,pecora
OIP-0cYdzGqi1lvZQkk0Hy0GGAHaIu.jpeg,pecora
OIP-0D37KTg4KqpHYRFwnOHtJAHaE7.jpeg,gatto
OIP-0d7hpjwVocPjQXWE67RdKwHaFj.jpeg,cane
OIP-0Dq7FVTeEIk_0t8VK7qWOQHaE8.jpeg,gallina
OIP-0duU8h_Dl8-kjgJF9WZJ-QHaE7.jpeg,gallina
OIP-0EauPlOARIbPbtr7CIUBmgHaFo.jpeg,elefante
OIP-0eg_5IZeA0byIgg6nqvGSQHaHh.jpeg,elefante
OIP-0eICwwtlBJ2hseiAoQWoJgHaLH.jpeg,pecora
OIP-0En3xUVQzdmLEZ_hYvzDBgHaFj.jpeg,scoiattolo
OIP-0eOT5oCduvs-khvS-cgi_QHaFj.jpeg,ragno
OIP-0EtWjgv9BHDvEchWYIAnwgHaFj.jpeg,gallina
OIP-0f0rumiaqCzPrIXEY4CU7gHaIt.jpeg,elefante
OIP-0FapqhMTiS5SBxXLNGgZHAHaFs.jpeg,gatto
OIP-0FHHBZQRsahkBa3TGgOA1QHaE8.jpeg,elefante
OIP-0fM5PWqfYbMhI9yC3QSUNgHaE8.jpeg,elefante
OIP-0Fr5OC5ePtaGGODisrMa0AHaJ3.jpeg,elefante
OIP-0FWMXJAGZ9fwEww2wAJcngHaE9.jpeg,elefante
OIP-0fZlw8AZCdSqOtdKCvHPMQAAAA.jpeg,elefante
OIP-0G1lmzPnTshwQJ_IEMNHgQHaFR.jpeg,elefante
OIP-0G9cJoL8n5mcaIa2aI6EBgHaFk.jpeg,gallina
OIP-0GcS51rWT_acQHpv8OAYFgHaE6.jpeg,elefante
OIP-0GZlVDOLvJ6v3ypXwXcykQHaEK.jpeg,elefante
OIP-0HAUIZfAhSgHK3rpOWcJJAAAAA.jpeg,elefante
OIP-0HdY2Xdt_cs602BufH68ZwHaEK.jpeg,elefante
OIP-0heStKGmL-j-2gjMIZTcZwHaHa.jpeg,farfalla
OIP-0hI_47Tx9Vq-jhfFjyWKQwHaFj.jpeg,scoiattolo
OIP-0hW14btA_M6jJrHbL_G6xgHaHa.jpeg,gallina
OIP-0i09A7YlsLxcOX7_nVhYdAHaEK.jpeg,gallina
OIP-0iiuKnTdflxU_QnAbaNazAHaFQ.jpeg,elefante
OIP-0IJ5VSGF68QgQCiIKK-1kwHaE8.jpeg,elefante
OIP-0ijcF8ml7hBYjsR3GXpiTQHaE8.jpeg,ragno
OIP-0iJXerlE-7TrM413RCZm5AHaEK.jpeg,scoiattolo
OIP-0iKiv4ZL7M2iiOOTvJsT_gHaGP.jpeg,cavallo
OIP-0iKlmwuQmO00kb07LOrBWQHaEo.jpeg,pecora
OIP-0Im5va_-bRFaoKpgElzpoAHaE8.jpeg,gallina
OIP-0IPQEHnLnWov91butx2wFgHaGx.jpeg,elefante
OIP-0iqKWng0xUVa4AsN1DDX7wHaFc.jpeg,gallina
OIP-0ITPiFN_v9WvSPfusSF2CwHaE8.jpeg,elefante
OIP-0iZmSc4QUJGzW1XD74jQHQHaFj.jpeg,gallina
OIP-0J4n0Xih1oytcvXbu5Qk-AAAAA.jpeg,mucca
OIP-0jJ4grj3bTvIzV04f2kcTgHaFj.jpeg,farfalla
OIP-0JLO8VYnLu2hNwkG7-G_bgAAAA.jpeg,elefante
OIP-0jxhbztRUvLNxhHDVYzDxAHaEg.jpeg,scoiattolo
OIP-0jYzXVBCAWowQfyLEiWzSAHaHv.jpeg,cavallo
OIP-0k_R3Nyg6o3p42oKJ_Y0sQAAAA.jpeg,elefante
OIP-0Kcoh7K1yyhhwliorTrBQwHaFj.jpeg,gallina
OIP-0KrFxjWmN86M_XIKlWwg-QHaE8.jpeg,elefante
OIP-0LJkQyVbC2ZBzc87VNjmFAHaFj.jpeg,gallina
OIP-0Lw2H3yMErImHPQ380Nm4QHaHa.jpeg,elefante
OIP-0MgXBMYWyaDiNS7t6xfmVAHaGu.jpeg,gallina
OIP-0mizwAe47bGzWg2ET1jKDQHaEK.jpeg,elefante
OIP-0mQIT4nlridLywx2VzDefwHaJn.jpeg,cane
OIP-0N8C8uNOykUf56YdSHBRcgHaFV.jpeg,elefante
OIP-0Nc_9FExpOrFdoWxny4Z3AHaFS.jpeg,gallina
OIP-0nHaWUtX4zzIkMwe2M_U4gAAAA.jpeg,gallina
OIP-0Nllmx9DYctF9QAOC-QRiwHaEp.jpeg,elefante
OIP-0o5KBoSwuFtz3UHoNetS7gHaFs.jpeg,mucca
OIP-0o7O9tycgwlNW03keu57dQHaEK.jpeg,pecora
OIP-0OIl_s9wblPyW_32D7R-kgHaGi.jpeg,cavallo
OIP-0OlROh9XH2zOSJTq4IjvKAHaHY.jpeg,elefante
OIP-0oQZAomjzqdBdKgLCvfQtAHaFj.jpeg,cane
OIP-0OszTGTamFGGjvq8hxZcdQHaLF.jpeg,elefante
OIP-0OYLuJft7OtiMYz5ATNzJgHaEK.jpeg,elefante
OIP-0P6C0Qpmo3DtyF7HOj0KTQAAAA.jpeg,scoiattolo
OIP-0p991juHMjs2JudwJR6iqwHaFj.jpeg,cavallo
OIP-0PHIc2w-AeE_YXpq9Iya6AHaMZ.jpeg,scoiattolo
OIP-0ppkGUq3r6hjuq-IsIQ4vQHaD4.jpeg,scoiattolo
OIP-0puAjNkgIiWd9uX3z5DdqAHaGA.jpeg,cane
OIP-0puD1CyuoAtzceC8mzcqqQHaFj.jpeg,gallina
OIP-0PzqLP9YLpzcUQq687-jXAHaE7.jpeg,gatto
OIP-0QLc28stZTUhh7doj-aaigHaEy.jpeg,gallina
OIP-0qsT4Bt5npKBmWTFUppwxQHaE8.jpeg,farfalla
OIP-0qV19Xqejl0w8Pi5OWh0egHaE8.jpeg,mucca
OIP-0r0I93PM9pdk52HGiQAZmQHaHa.jpeg,ragno
OIP-0R7iOP-WGlB9FVca1by4BQHaFp.jpeg,ragno
OIP-0roIvRX9eqv-UtoJsVQu9gHaF7.jpeg,gallina
OIP-0RQqx0qCuV2MwlZYMFt5pgHaFj.jpeg,elefante
OIP-0RskGHdgDdmrtCGTNPT_VgHaEK.jpeg,gatto
OIP-0Rsy7qeIHwybwdB-hh-0uAHaHF.jpeg,cavallo
OIP-0S6RS7x07FsK8M3LNVPK3gHaFj.jpeg,pecora
OIP-0s9Ku6vZ9treIFugcBdYDQHaIQ.jpeg,cavallo
OIP-0so4wjsKxOM_vz0FkiiTOgAAAA.jpeg,pecora
OIP-0sOAhEBXZE6OPzsi5SWcoQHaFj.jpeg,farfalla
OIP-0sxDpagugsQW01QFj4XnRwHaFw.jpeg,elefante
OIP-0TaQX5ItGHjhtmA3MKdH0gHaE8.jpeg,cane
OIP-0tMAa3ZV-BaGgW2DRBpVSAHaFj.jpeg,gallina
OIP-0TVM3QBWmx8xSce6rxVuZQHaER.jpeg,gallina
OIP-0u0uYxhTxsMujbzelz7wKQAAAA.jpeg,gallina
OIP-0UAigJHv06nPXPpNhjD9LAHaEJ.jpeg,elefante
OIP-0UOisnTjxGC2z-R7hzwvKAHaHe.jpeg,gallina
OIP-0URTloG2q6bPq1xGpZYk1gAAAA.jpeg,elefante
OIP-0VBccvw4FJyQHhXOGRkUVAHaFa.jpeg,gallina
OIP-0vCCO4SZ25nuEydr_cEP3wHaE6.jpeg,elefante
OIP-0vFmi1KthI9Sp8RG8RGmJgHaJ4.jpeg,pecora
OIP-0VN6WtLBB0ffr4TOy9seqAHaE8.jpeg,gallina
OIP-0W7Pidqn1pnDyKu3dnYybgHaE7.jpeg,scoiattolo
OIP-0wIOPXoLPpEqnoP3wvLFBwHaGD.jpeg,gallina
OIP-0WIWbhvRGA4mwPOcFM1M7QHaFP.jpeg,elefante
OIP-0wlV2OUzauS5VTWx2x3UIAHaFj.jpeg,cavallo
OIP-0WqEJ-JHaZfzAfFcW_u9JgHaFj.jpeg,pecora
OIP-0WX2fyPeXrH62ZW0dogiFwHaHa.jpeg,elefante
OIP-0wZ8uuWxEwwlLKmy_FV0PwHaFj.jpeg,elefante
OIP-0XAbxzMOUSY1EF0JR5UI4gHaE4.jpeg,ragno
OIP-0XcDwOcu9bToP8b6wV2jAAHaF2.jpeg,gallina
OIP-0XJtf-BO0SqbC4Ey_ShTBQHaLH.jpeg,elefante
OIP-0XOymv2_1J7O4A7YiKIKtwAAAA.jpeg,pecora
OIP-0XPCr8Ok4BNLCN31OEePewHaLH.jpeg,elefante
OIP-0xsxdRPMtdWDG_0B1qdCygHaHa.jpeg,gallina
OIP-0YbRdn0VxEk3bi3-oJ7ZrQHaE8.jpeg,elefante
OIP-0yKacdygZEOc6y9fQLxM7AHaFs.jpeg,elefante
OIP-0YnNhp62h77TilEL0A_M0gHaE7.jpeg,pecora
OIP-0ynVYYZyTyrWcIheuuyyMQHaNI.jpeg,cane
OIP-0Yo_rabCFAa2o_J0YzAATAHaFj.jpeg,gallina
OIP-0Yp_L1ZZITbuuSpCzv_R_wHaGQ.jpeg,gallina
OIP-0yQFuZAdU-O3l-izTpEAvAHaGm.jpeg,gallina
OIP-0YsYBkNjUXqvOr300zCUsgHaJV.jpeg,elefante
OIP-0yzNki6hzTDLRb_bQI3yFQHaHa.jpeg,pecora
OIP-0ZE9mPPRpHWA4dsFSbhPCwHaFF.jpeg,elefante
OIP-0ZHNKSq6ZdSkJKQ14rRFPwHaFe.jpeg,ragno
OIP-0ZTa4yqMrwDNJycnbty_vwHaJ5.jpeg,ragno
OIP-0ZTxJa9cVsKxghH81MCqcgHaE8.jpeg,gallina
OIP-1-BDQEvxRYXeOKIFtqi1ogHaDh.jpeg,scoiattolo
OIP-1-nrNCWVZAujaY7ipmJfIQHaFG.jpeg,ragno
OIP-1-pwQsagY2xjc5svUxxLhAHaE8.jpeg,elefante
OIP-105Sk7mV2JFb7FuNFTAc7QAAAA.jpeg,elefante
OIP-10xYQZ5mJyBMk9TQXhp3UADhEs.jpeg,ragno
OIP-11jTtu4_ICOX2FV0aWCungHaLn.jpeg,elefante
OIP-11MKUYse6bvwF_r1T_KESgHaE6.jpeg,scoiattolo
OIP-11nMPkJPV5f2eI8LRh2wzQHaFq.jpeg,elefante
OIP-127wLh4lvZrhasRHpYBspgAAAA.jpeg,elefante
OIP-13-m7oEryXRCeEgDOnup-gHaE9.jpeg,gallina
OIP-137VwhBjHzzbolhzgPk7uQHaFp.jpeg,gallina
OIP-13QZBaL7hH_LwseyUqcZGQHaHX.jpeg,ragno
OIP-15dZUn9iemKpLrIJEas7MwHaLG.jpeg,gallina
OIP-15FXhhL_Y6L0HloC9_8XNgHaHa.jpeg,gallina
OIP-15nRmlLrTJ5msdj_P--o6wHaFj.jpeg,gallina
OIP-16pJcfR0UbvSvZztag8eNgHaFj.jpeg,elefante
OIP-16veXS7apUBgBszFe2KNxgHaE8.jpeg,elefante
OIP-16XQG-F8cywgHOevhx8bFAHaE9.jpeg,gatto
OIP-182l4BlagJigdHNMl7UjHQHaE6.jpeg,cane
OIP-190FFVJNZ1qcznpop6tmCwHaHa.jpeg,ragno
OIP-19JyTP_3dEyzHGI4Sv3N2wHaFj.jpeg,elefante
OIP-19O92vdo2ERUmmExlgkG0AHaE7.jpeg,scoiattolo
OIP-19T_GbfY0rTuMJG5HDEIbQHaFj.jpeg,pecora
OIP-19XpVrikzimS3KOC2mzW7QHaFa.jpeg,elefante
OIP-1_rGbwwc2PZh37kh2HxznwHaHa.jpeg,cane
OIP-1a71D_CYOxEmssyBq3afwQHaFy.jpeg,elefante
OIP-1ATVAQaBK1DmRCx9hWYcRAHaJ4.jpeg,cavallo
OIP-1atwo6u-KjDXd2ukaOGVTQHaGd.jpeg,elefante
OIP-1bbVAXOgh2Wk4uhrSI-LRgHaFj.jpeg,ragno
OIP-1bdfFKzkU_HfUimBYVivrAHaFH.jpeg,ragno
OIP-1bfVpVRpdDkj0RFs3zZPJwHaE8.jpeg,elefante
OIP-1Cb9N4KzbCzpiRhY472pKgHaGA.jpeg,ragno
OIP-1cgGsO-5W2Zd7M1yO3-K8gHaFj.jpeg,cane
OIP-1CX-uJ9yQJM6_oY2bREWrgHaFj.jpeg,gatto
OIP-1D85l59j5z5r24EUIUKzzgHaFc.jpeg,elefante
OIP-1DdCvZjzqUJ9uhTp2fQLOQHaFj.jpeg,gallina
OIP-1ddYlJDY0e7D9oNYpVcVRgAAAA.jpeg,gallina
OIP-1djtL_mqX7gsgpCHeQqn8gHaEK.jpeg,cavallo
OIP-1DmKK0drohhyY2Ssem6AuQHaGJ.jpeg,gallina
OIP-1dN-3q4hcYQxmKLAFN6RBgHaEL.jpeg,elefante
OIP-1E4aQFjUsLfadzVh0GGlYgHaFj.jpeg,gallina
OIP-1E6UPBzw9JX-ysAKA8VuUQHaFj.jpeg,gallina
OIP-1eFtOwCA-kROrD_O9R8eZQHaEr.jpeg,elefante
OIP-1eU_p1S6dh6ZYl0LbURz7AHaE9.jpeg,elefante
OIP-1evs8_7PML4x6YNl5jecXAHaIp.jpeg,pecora
OIP-1eZaeWPg1fIOFkvhqCRPzwHaFj.jpeg,cane
OIP-1fDnV0a5mw4x9EZCoZ-3oQHaEK.jpeg,farfalla
OIP-1fH_MozrwAqmAhvL6rUXWAHaFj.jpeg,elefante
OIP-1FT9qw5GK03bzZo8Kww5cwHaFj.jpeg,elefante
OIP-1fUY4qZacQDoA0hfOvwIEgHaJ4.jpeg,elefante
OIP-1h2zCCzMCKlg2v7kNdvXEwHaC4.jpeg,cane
OIP-1HaCHFv2gyxfG0ZaMT8qtgHaFk.jpeg,elefante
OIP-1Hea1Sn115B8mOBPnLA0WgHaFN.jpeg,gallina
OIP-1HrP30Id-qDKKO7rmNshzQHaE8.jpeg,mucca
OIP-1hS_06m-_uOxvVd8iK_-PQHaG3.jpeg,elefante
OIP-1HX0aErjDbd4mGmDSS4McQHaHL.jpeg,elefante
OIP-1I_LCi9E4-xpcinJgWAiFgHaFc.jpeg,scoiattolo
OIP-1irfBSzjuW_IKzpr03VkegHaFH.jpeg,elefante
OIP-1iWmWeHWOyxWsrB0Pvf1dAHaFj.jpeg,farfalla
OIP-1Iy1ilx5zLW4AJRbAOH3mAHaE8.jpeg,pecora
OIP-1j_jAvfvY9LAX-JXQXvVZQHaF3.jpeg,elefante
OIP-1jjnojRaDCReHMWegNzXewHaFH.jpeg,elefante
OIP-1Jl6a3q2xMTNnc4nywKROwHaE8.jpeg,elefante
OIP-1jRdOQ6si1syL6dwyEy4xwAAAA.jpeg,cane
OIP-1JuRid5fPolHcgA8WH3t1wHaE8.jpeg,gallina
OIP-1jYMqXNvjLTPopIeJz4jMgHaFd.jpeg,elefante
OIP-1k-WZCeHF00r7QBUuRKutgHaFi.jpeg,elefante
OIP-1K3jpaAqcwu4anFKeTRnKgHaFi.jpeg,mucca
OIP-1k5CHCKSejY2wDB3Tx0dXQHaFq.jpeg,farfalla
OIP-1kbYFkGXzSbZbw5_jfbJBQHaEz.jpeg,elefante
OIP-1khVvX2oExW0mG6G2Y2WTwAAAA.jpeg,elefante
OIP-1kIbe2C90If0u5So-Db60QHaJ4.jpeg,gallina
OIP-1kpGHPjTx1cvwl_PNKfs5wHaFL.jpeg,farfalla
OIP-1KROJo9Yy9tu7IMAhoYe3gHaGh.jpeg,cane
OIP-1L7YAkx0PfjhEef7yXhtPgHaFh.jpeg,gallina
OIP-1LKeo3RBLcL9po4AlLS_ZgHaFB.jpeg,elefante
OIP-1lN9lwdHGP2VrJ3ffT7KggHaFj.jpeg,mucca
OIP-1lNC2cLpWgtXYfhRA5vwkgHaLF.jpeg,ragno
OIP-1LpMShxkw9l7vqX3_1qnyAHaFj.jpeg,elefante
OIP-1lSeI5nrQDMRguYaY7hgdAHaGz.jpeg,cavallo
OIP-1LSP7JjBDGEXwEukPFh6HgHaEY.jpeg,cane
OIP-1lUJ02oe7obeGc3mnmKNMQHaFI.jpeg,gallina
OIP-1lvmWJyPLIuHCAHXUZ_MFQHaE8.jpeg,cane
OIP-1mk2qNWGFN5T61jChUd-2AAAAA.jpeg,elefante
OIP-1mnMufvl5sMH5976RmOocgHaGS.jpeg,mucca
OIP-1MNSpfQBqO_kuWFdIDNwBQHaGw.jpeg,ragno
OIP-1mRSIckPPOO3wJfoOLL_2AHaE8.jpeg,elefante
OIP-1msN51k9dAKTADdMqIBudwHaFj.jpeg,elefante
OIP-1mSZkNBuonekwx89zR0wOwHaFH.jpeg,elefante
OIP-1mWSUJ3Ubt5BcGckZlT2LwHaE7.jpeg,gallina
OIP-1nGEToCC9uSP59gwcHp5OwHaFP.jpeg,elefante
OIP-1NjctUaClIIRD9POwnP8lQHaHa.jpeg,ragno
OIP-1nJwj98dhKZZHGEQt8yD-wHaJ8.jpeg,gallina
OIP-1nof0WfAuHzTHOVkZeKXmQHaF2.jpeg,elefante
OIP-1NXTAeieoewjwEjdnM7u5AHaGh.jpeg,mucca
OIP-1o2w-4hxJfN2l6epbHW0mwHaE2.jpeg,elefante
OIP-1O9iuW5YCaoMBa97JR5FLwHaHd.jpeg,elefante
OIP-1OD6BltjB4CSzDd0QMZGlwHaE7.jpeg,ragno
OIP-1OdfTFjfbPcdyp2rjW3JtgHaFB.jpeg,elefante
OIP-1OEg6yZosok8zB5P_0qAUgHaFj.jpeg,gallina
OIP-1oJzoAItoGZ4tNccYgNSeQAAAA.jpeg,scoiattolo
OIP-1OmixJ8BO2Ho27O9qTQI_AHaE5.jpeg,scoiattolo
OIP-1oQ4IZX1rFUPK-MxjMaKcAHaFj.jpeg,gallina
OIP-1p4IuddkZuB5R0ZAfp2I_wHaKm.jpeg,elefante
OIP-1pnqfqh7zkxeFLkyHH0xpAHaJ4.jpeg,ragno
OIP-1PP_G9o3_pHuwi-KpHzhbQHaE8.jpeg,pecora
OIP-1Px0cAPC3sjYGv3jFb8eyQHaE9.jpeg,elefante
OIP-1Q_r1kaGmFXYAkd28zlJvwHaFj.jpeg,pecora
OIP-1QA-MQpe2yPgwHKYRTmxAQHaEJ.jpeg,cane
OIP-1QAZ3az3PslGA0yMAYmPBQHaFZ.jpeg,elefante
OIP-1qbIy0bMYYBPj9Efylrj0AHaE8.jpeg,cane
OIP-1qfoZfLH9zLsb8AqCVm7PQAAAA.jpeg,gallina
OIP-1Qs70Jqa6zrHbWQYPRUhEAHaHa.jpeg,gallina
OIP-1qtmWXALhnBzQ8mIBSU3zQEsDL.jpeg,farfalla
OIP-1REZKqaKuAMdsOrdtwBc5AHaEK.jpeg,elefante
OIP-1rHeFvYWUSQzuKAM1kqy4AHaFi.jpeg,scoiattolo
OIP-1RSm8WLmeAy0JwdkTyJT6AHaFj.jpeg,gallina
OIP-1s1EglqH5duR48rOIfovmgEsDw.jpeg,scoiattolo
OIP-1sAcKcHrJ6l5fdkkImnmUAHaD0.jpeg,cane
OIP-1sCkKd9Pc7_BL3XOrmNafQHaFi.jpeg,mucca
OIP-1SeCUziCDUFd3V-RYG8OSgHaF7.jpeg,elefante
OIP-1SgDJSK11RSVS8hdNpyECgHaIU.jpeg,farfalla
OIP-1SHHjf_turSXxJgpMmxZvgHaEw.jpeg,elefante
OIP-1Si6RXmIqYDWQM1W7SAq2AAAAA.jpeg,gallina
OIP-1SQib5zts4yhdHiwdiXrEQHaFj.jpeg,elefante
OIP-1SVdvhAO-68BYuw0hj-3kAAAAA.jpeg,gallina
OIP-1sZ8l7JY81pPmZZZa3r09AHaJ4.jpeg,cane
OIP-1TAVqN6lx6ytUZozD40uZAHaHa.jpeg,gallina
OIP-1tFQwT_jwgIcss3DZbEy_QHaFb.jpeg,ragno
OIP-1TNRYIKnR0AunJX8klVBsgHaE7.jpeg,farfalla
OIP-1TxttjI9ayJZevR899z7zQHaJ4.jpeg,cane
OIP-1tYP8Jz_Hlv2MaspEdIZjQHaGS.jpeg,ragno
OIP-1U6cn7tUewAnicLpUL0PewHaKU.jpeg,ragno
OIP-1UcpyPpp0fHKdysQn5hPaQHaD3.jpeg,elefante
OIP-1udSsdHE9lg5WNJztx08jQHaFj.jpeg,elefante
OIP-1UjM5zcNfquHYJ6WB879igHaFd.jpeg,scoiattolo
OIP-1uNnTf649Y6QQb0ixvuoAAHaEJ.jpeg,gallina
OIP-1uVlqIC9e1cM4jx1M8p3_wHaFV.jpeg,elefante
OIP-1uWKZnldHYg-bcg23mB6BgHaGZ.jpeg,elefante
OIP-1Vdi0V3pmH2mzopxjE6blgEsDh.jpeg,elefante
OIP-1vHrZWIs0xyKNJABuiSamAHaEO.jpeg,elefante
OIP-1vT13uZzPQicDrBGH2hqwwHaFt.jpeg,cane
OIP-1VZgVda3xfdR2WnSx01MqAHaFj.jpeg,ragno
OIP-1w42QLuCwgQftnco1Qzb4gHaFu.jpeg,elefante
OIP-1W_K0J2BGc0YqKMPuoC7kQHaHa.jpeg,cane
OIP-1wjbo6XkPH77IS2rGhWy0wHaGy.jpeg,elefante
OIP-1WYuq2Nn0ZkS-DptHGSpqQHaEh.jpeg,cane
OIP-1X4rSGknlbamEqoF0xHBFQHaFj.jpeg,elefante
OIP-1xEPMi6CCw-cA0loI_sPQQHaEK.jpeg,ragno
OIP-1XWKWguZD1iC3tKWgj0tXwHaFj.jpeg,cane
OIP-1Xxs7JCbEPDa6D14EblULAAAAA.jpeg,gallina
OIP-1YruldjR_WnoRC-0QgBOeAHaF7.jpeg,elefante
OIP-1yYkpcirl-rkMefYoySvPwHaEo.jpeg,gallina
OIP-1z16f_W-jyqs1wSdX8BCNgHaLH.jpeg,elefante
OIP-1ZBIa72qOXcbrThA4knxlgHaFj.jpeg,mucca
OIP-1zJI1ZtvauTyJMHpqHdq2gHaE8.jpeg,elefante
OIP-2-uh3lgrxvGHLnTNECq_OgHaDf.jpeg,elefante
OIP-2-UK2DyeeNUtYuyH1lMJnAHaFL.jpeg,gallina
OIP-20ATyKUC5Jn8V9Gir0QPFQHaE7.jpeg,pecora
OIP-20RWvsBlnCQIJQZSDySgZwHaE8.jpeg,cane
OIP-21Ub9oFXRIzE5xff4Gku3wHaEK.jpeg,elefante
OIP-21yxHldI7fdzxEE1ysNPLwHaE8.jpeg,gallina
OIP-23fps5xF_1X8Fs4YgPhEiwHaFQ.jpeg,pecora
OIP-23QYWRqZWjK4nDB3NVwx4AHaFj.jpeg,elefante
OIP-24P5G4dH8ooQyPsIZv--PAHaHa.jpeg,farfalla
OIP-25-3MO-k6pPkSuL7yopxewHaE8.jpeg,farfalla
OIP-259LsbWOMjxEieVas1qjjwHaFd.jpeg,cavallo
OIP-25amo-GlCzN_OU_V0XLNzgHaF8.jpeg,gallina
OIP-25r-Ym8aSuIdVVqM1Cw9swHaFj.jpeg,ragno
OIP-26-RJMmLVR9-DOAO70K1sAHaGy.jpeg,elefante
OIP-265EXG9A-Rpx7XFiccujkgHaG2.jpeg,gatto
OIP-26VwgSaSeD6gQ6xJJ_x10gHaLu.jpeg,farfalla
OIP-27k-WR7blexDW5Oehf1vGAHaFm.jpeg,elefante
OIP-28IOodRjId1_8Y4kgBH6bAHaHa.jpeg,scoiattolo
OIP-28ykVvX0MVxOB06wehkCjgHaDS.jpeg,elefante
OIP-29few3seDZRZMOTEhpOAAQHaE8.jpeg,gallina
OIP-2_hRDtm9PMXxXkN4qc6slQHaGz.jpeg,cane
OIP-2_yBfwGpc_LgADqEkJ1CqQHaEf.jpeg,elefante
OIP-2A0PybniFf5Qn74YQLlbbQHaE8.jpeg,elefante
OIP-2ahKaKuJKNGTDLFGiMh9WgHaK6.jpeg,elefante
OIP-2alswI1Ju3eSZlA3otQgygHaE8.jpeg,pecora
OIP-2b7GTFGNXOXJC_SBLdVZTAHaFd.jpeg,elefante
OIP-2b8dIktc6MPhfg0okn_VcAHaE8.jpeg,farfalla
OIP-2bDKeTK23GxSGuxrnBzm8QHaE7.jpeg,cane
OIP-2blBR9VXGyR_GNy3yzR1TAHaEK.jpeg,cane
OIP-2bLLXfOz0MSZNwkhwvEd4AHaGS.jpeg,cavallo
OIP-2BY-VzbZ_qZ_rLlcHyFGzwHaIv.jpeg,gallina
OIP-2CPiKK78v_sI2ZeZFamCGgHaEK.jpeg,gallina
OIP-2cPNfKeXJlNGrx5DJprzEwHaJ7.jpeg,cane
OIP-2CU-5GZ-Hin3zq-B2CnR0AHaFj.jpeg,pecora
OIP-2CysOvCCiGpYktDJq7dsUAAAAA.jpeg,gallina
OIP-2d-brJXNQDCgdleqn06VbAHaGG.jpeg,ragno
OIP-2DfO7Xt46fQa-QtUg8YVUgHaE7.jpeg,pecora
OIP-2DJyMQtPudbkH28pc1PCowHaG7.jpeg,gallina
OIP-2DXm3H_0HI0v_ZhQ_aeIJAHaHb.jpeg,pecora
OIP-2EP4-hEy5iFzhf2uLLMGvQHaE8.jpeg,elefante
OIP-2EpNl0p3BgEqPA1-yL2ZIQHaD4.jpeg,elefante
OIP-2EvaXk6PG-nKvAfygNts0gHaFK.jpeg,pecora
OIP-2eWvMHtLEvEycesigyT1SQHaFc.jpeg,mucca
OIP-2FEJTSm9moW-sEaCLxP1BAHaHa.jpeg,pecora
OIP-2Fjy2FHyCwrAs46mSDZrZgHaEm.jpeg,cavallo
OIP-2FUcvKY-GTGORgWsv9TxMwHaFy.jpeg,elefante
OIP-2fxzKsnG9vQrWMnBRwYWnAHaE6.jpeg,mucca
OIP-2h83tEtPUJS2PiCLCR6-aAHaFO.jpeg,elefante
OIP-2hh-tkyPy7GN71O4LsqWxwHaEo.jpeg,cane
OIP-2hvLnuUg20KCF-IaaXXXfwHaF6.jpeg,gatto
OIP-2hYbvCNdpbzTxYA5QyUAYAHaFj.jpeg,gallina
OIP-2i7ykEJhMIMmaxIsq7Ui8gHaFa.jpeg,elefante
OIP-2IKF9PpTCdZqnyq3sr-W-gHaFA.jpeg,elefante
OIP-2Ime8JktOTjmGTBqzuurbAHaE7.jpeg,pecora
OIP-2isf3k0bJLeH4WB09NBXngAAAA.jpeg,cane
OIP-2iwLM-Nx6Q0IIM-tKxYEnAHaFj.jpeg,cane
OIP-2j7XZHENYUjFQqWMmpGQmwHaFj.jpeg,elefante
OIP-2JCHRqKve3bRpIHN33ySPwAAAA.jpeg,elefante
OIP-2jCuAgFf94eL_T2nHITUHwHaGp.jpeg,elefante
OIP-2jI6ZD5isnTyKelZECdNWAHaE8.jpeg,ragno
OIP-2JSe31KgdrVrkY7PyCLQpQHaLj.jpeg,gallina
OIP-2jsGDc1bBjGdFy2HR5Dw8wHaF7.jpeg,gallina
OIP-2JZFRoe9wsW0-jz4WaPRgwHaFI.jpeg,farfalla
OIP-2K_IlDt6pjnDyeh-bPsPXwHaFO.jpeg,cane
OIP-2KiRXkxEUJmWLKdIZ2qCzgHaHL.jpeg,ragno
OIP-2kPKPNKLZk-hlJC9a2LPggHaIc.jpeg,gallina
OIP-2KtnuE6QcQoAuX6Qc0OCjgHaFj.jpeg,elefante
OIP-2KZXUIdXayfnCQUbfTcidwHaGd.jpeg,farfalla
OIP-2LonCsS5zylAZdzIBi0zcQHaFj.jpeg,gallina
OIP-2Lr-iWgO6ztIKZ-kqTMzVgHaFA.jpeg,farfalla
OIP-2LuphON3Pki_UkxF105hVwHaE7.jpeg,gallina
OIP-2lutMf73w0MUzUepAk9JcgHaJ4.jpeg,cane
OIP-2m0N5Sp1KaHVJfrCr5RrRAHaFc.jpeg,cane
OIP-2mEAHJiq1bQpJLqQ363lcwHaGU.jpeg,gallina
OIP-2meCNa6Vtc1upHyb9exfwQHaE8.jpeg,elefante
OIP-2Mhonm4StO-gng99CnkyDQHaE8.jpeg,gallina
OIP-2mmmW-CslXEcush0zDYrJQHaIL.jpeg,pecora
OIP-2n3ixcVxGjABci-gkJVmmAHaJQ.jpeg,elefante
OIP-2N540RnNenrt5b2pgCTCzwHaE6.jpeg,cavallo
OIP-2nbjhBG_cB-U-T2eSs94pwHaHa.jpeg,scoiattolo
OIP-2nC_WOE8bzHIZSAYcvE8ZgHaFs.jpeg,elefante
OIP-2nESsHt1Hc6yLBPFoNnGDgHaFj.jpeg,cane
OIP-2nJsyilyHinF9tDdP0x0ZgHaGC.jpeg,ragno
OIP-2nLtLk_jilzToow7kSOSgAHaE7.jpeg,farfalla
OIP-2NR1yHYYgYGG2KL36kqndAHaKh.jpeg,gallina
OIP-2NZHqlDoyEwzU0XAcZfIGwHaFi.jpeg,gallina
OIP-2o1JeTlIo4uVws6EyM25VwHaFj.jpeg,elefante
OIP-2o5Hd7UmRw6TQ-d1jpwlWAHaE8.jpeg,elefante
OIP-2oI8_sp4zr1HmKfhJmQHNwHaE3.jpeg,elefante
OIP-2om11-lJ_b9KzK03gf02TQHaGR.jpeg,elefante
OIP-2osjoOVq9qOk4pLqfrHT4QHaEX.jpeg,elefante
OIP-2Ou79adYdIDKocmGYwArmAHaFj.jpeg,farfalla
OIP-2P91oC60fojyAbt2VWkodAHaLI.jpeg,gallina
OIP-2pPcYiEqACP1wefqGkxuDQEsDF.jpeg,elefante
OIP-2PshZmHVWIHQ4kd0tQn7bwHaKK.jpeg,gallina
OIP-2puUD5KZG8nLWe0WO0FoKAHaGm.jpeg,cane
OIP-2pw52SPZlaHEmcE3e8MIogHaI0.jpeg,gallina
OIP-2QATmwRRIPa3WQyqfNpCXwHaFb.jpeg,gallina
OIP-2qcP1BuaoHJ54XhlmfS00AHaE7.jpeg,gallina
OIP-2qdsOtllzmb4EEvxqLLHrwHaKu.jpeg,gallina
OIP-2qfqwXTn_3NCnRQy0usrcgHaHY.jpeg,gallina
OIP-2qGc6MkDYXePcg3fviwc7QHaEO.jpeg,cane
OIP-2qHtF81VRPZA8DCXhfzlVQHaFy.jpeg,pecora
OIP-2QhuYtwkUOYt2PbRnG4mLgAAAA.jpeg,elefante
OIP-2QtmFziw5MdNCaKVIJ7krAHaHa.jpeg,gallina
OIP-2qYEjPwCw9W76LYFjAasCAHaFj.jpeg,pecora
OIP-2rgJ1I0fK24EGc6R31cSeAHaFj.jpeg,elefante
OIP-2rJMguIV_3eMmh54yJNBiwHaLL.jpeg,elefante
OIP-2rlD98nFr6c1FXopM8QrEwHaIc.jpeg,cavallo
OIP-2RoSlpUWnG8LLj5AsxY7QAHaE7.jpeg,elefante
OIP-2S3w9yJA_65aBj41p4jmRgHaEy.jpeg,gallina
OIP-2s9O1HvSKaKDwyOKJ_-M6gHaED.jpeg,elefante
OIP-2Sdc1yIlmxOv2aHNG6cSsAHaD4.jpeg,gallina
OIP-2smyibkdK9MB1QdTtf29DAHaFj.jpeg,elefante
OIP-2Sv3e0Lfc_29imA3Zye0qwHaE_.jpeg,mucca
OIP-2t1l7Wzj4E9Nkwre5IQsjQHaFc.jpeg,elefante
OIP-2T1ZpLv6pgpOWmQTSuiX8gHaJ3.jpeg,elefante
OIP-2t7o56KaCmwEU9lOBtW3DAHaGm.jpeg,gallina
OIP-2TINkS3ll-8tysV3MByFyAHaEy.jpeg,cane
OIP-2To3KXj9GeHzKphWxA4dwAHaE7.jpeg,elefante
OIP-2tog-wY_7FE1b7As05JqjAHaFj.jpeg,gallina
OIP-2TtiOCdktiZq-h_LMoP3ugHaE8.jpeg,ragno
OIP-2ugIHMBntdt4JK5aolcoXAHaEa.jpeg,mucca
OIP-2UJmCOrfHjiSAaonEpOQlwHaHa.jpeg,pecora
OIP-2uL0ggcuYEP6fuuitNOSNAHaF7.jpeg,cavallo
OIP-2uUzT74LJc5VFW2-EHCtSwHaE7.jpeg,ragno
OIP-2vG1dZVAHERwB3fkmR1rmwHaID.jpeg,elefante
OIP-2VGR_89nC_TUGAuEQvFVmwHaFj.jpeg,mucca
OIP-2vmcnmvJAY9v_k1Ael_z5QHaE7.jpeg,elefante
OIP-2W6WhiMv33xjmNgEW5w4LwHaEK.jpeg,cavallo
OIP-2wAhEoChHIuVqo6PsPGi3wHaFb.jpeg,gallina
OIP-2wD3MVQok-xpDJ1USZpLkQHaEK.jpeg,gallina
OIP-2WPRs9nIhUzng8V0eWAUlwHaE8.jpeg,ragno
OIP-2Wtd0x41IwBfnEYNsq1WdQHaF8.jpeg,ragno
OIP-2x1a0T4CZ_vJLx0wkFSNIgHaEj.jpeg,elefante
OIP-2xBJvkglxmF91QR2lUWybAHaFD.jpeg,gallina
OIP-2XgaDONGM9FaXmfyzH4GcAHaF1.jpeg,elefante
OIP-2XJu1gPGJ_bPXpXwFAiBxAHaFB.jpeg,gallina
OIP-2XNroN5ICCA_nWg9x-ye6QHaIg.jpeg,pecora
OIP-2XuZ7u6C34dAVw6ze3fhVwHaFi.jpeg,cane
OIP-2Y31zL184VBrX1ff5MCQ-wHaE9.jpeg,pecora
OIP-2y4H6kyhqdqiCJt4gg-aFgHaEo.jpeg,elefante
OIP-2y8abp53rIzhAZjUSGRY0AHaFj.jpeg,elefante
OIP-2YIpoZXla4ix4Eq8KUDVrwHaFj.jpeg,scoiattolo
OIP-2YmpAg5l38zLknfZKAyEewAAAA.jpeg,elefante
OIP-2YOYZSQ0zVI18aGIjRVWBgHaE8.jpeg,elefante
OIP-2YRyN4GnEn_8Efun_3zfygHaHa.jpeg,farfalla
OIP-2ytHpJPr6hU1kuRCHZ1IZwHaHa.jpeg,cane
OIP-2ywtqUgg6TupT6tMloT3bAHaLH.jpeg,pecora
OIP-2Z4w-BNdFx-jRu-PFxFelAHaF7.jpeg,elefante
OIP-2zIVhej0wUkbJDbbL2LvyAHaE8.jpeg,elefante
OIP-2zubZT6pNB2K_SxSPQfQ-QHaHa.jpeg,gallina
OIP-2ZvN0qpvnqlzo-VAxMcNjwHaFR.jpeg,elefante
OIP-3-fuOHocKMdx7g8IpTs4qAHaFq.jpeg,gallina
OIP-3-n6Dqk6x6VXz8sbkyRWJwHaF7.jpeg,gallina
OIP-3-NUEzfQqpavSAa-y7M2PgHaE6.jpeg,gallina
OIP-318QAi_LJaKabm0_RoGL9gAAAA.jpeg,mucca
OIP-31caek2EvC1nMLgBDu0uOwHaE0.jpeg,pecora
OIP-32iaHpJyuFtw9j680hgmsgHaLG.jpeg,elefante
OIP-32p2dj_NNadM0ODM7YEZmwHaEK.jpeg,scoiattolo
OIP-3389WDgumxsA4t-NT7lRaQHaGk.jpeg,scoiattolo
OIP-33DFPMwETYtM5jDb3mxOGAHaEE.jpeg,elefante
OIP-33tm4LyWi7J0bGgVBzrjUwHaFj.jpeg,gallina
OIP-33wgpGKyLDugtOhyWowfIgHaE6.jpeg,pecora
OIP-34mywxUcoXxs_D-QzyN4GQHaE7.jpeg,pecora
OIP-34VpwLVDhBImKaqskp2GpQHaIq.jpeg,gallina
OIP-35FBZfSdj8hC6lgbEAm0KwHaKF.jpeg,elefante
OIP-35ucx4XQ1xh6o72axi4zXQHaF7.jpeg,elefante
OIP-36BCYm7wnJN6KvDHTTDrOAHaFj.jpeg,cane
OIP-36DbkH2lBD9LxRMStF7Q0gHaFj.jpeg,elefante
OIP-36eiuWrwWGKu3ASPLM16ZwHaE6.jpeg,pecora
OIP-36HuBxk_vxAEQ0qUwIQgrAHaE8.jpeg,elefante
OIP-36QfiE4IE6ktcw-wrWqAYgHaFt.jpeg,scoiattolo
OIP-36V06uHxmF36SrByih8a1QHaE9.jpeg,cane
OIP-37BmaMmElztxHt_9eNrLZgHaFk.jpeg,gallina
OIP-38-0A8IFODy7via_ANcxEQHaE7.jpeg,gallina
OIP-38BvOcnoQIyjLzPdl3zqAQAAAA.jpeg,gallina
OIP-38kguD5LC98x-WzjnoiRcgEsDk.jpeg,ragno
OIP-38W4e7cY2Bxhl6Mip3skXgHaF3.jpeg,ragno
OIP-397EM-NyHHsx4NWtxspcCQHaFe.jpeg,elefante
OIP-39DZZXHW0VQwcFBD-01USQAAAA.jpeg,gallina
OIP-39GZuwFYpHYp0JduIH2W-QHaF2.jpeg,cavallo
OIP-39kfp-3OpkoA_XYq31NAagHaEh.jpeg,elefante
OIP-39Qt3kOUU1jXVGBukDIqCQHaFE.jpeg,gallina
OIP-3_EMK0EK-LEWN-JS34JtNgHaE7.jpeg,elefante
OIP-3A1U5W74qRyIow19RujXCAEsDL.jpeg,ragno
OIP-3ABhJLa0uwbEwBlvAf0rdwHaFj.jpeg,elefante
OIP-3AeDIjI4rWwWAltHf-Ff4QHaLH.jpeg,pecora
OIP-3APyiuhd2zRS1HERmslUxgHaHa.jpeg,farfalla
OIP-3AS8_VYncvotItEQ9KXS3QHaFj.jpeg,pecora
OIP-3B58EuWSO1nq7LfW6K-UnQHaD4.jpeg,gatto
OIP-3bj_2vuG9xX77fz_7LZkvgHaEK.jpeg,cavallo
OIP-3C0nKePl9Pm-VqHKea5vYAAAAA.jpeg,gallina
OIP-3CBtSNNEoYsa2l4vNtWRQAHaFj.jpeg,elefante
OIP-3Cg0572Fs8ZA3ovle2zUgQHaFk.jpeg,gallina
OIP-3CGiEtuRwVmB98qXRjxmywAAAA.jpeg,elefante
OIP-3CMOGgbGLawURB3Vzszk4wHaE7.jpeg,scoiattolo
OIP-3dX3HormBodbvf0HshaUbwHaDt.jpeg,pecora
OIP-3dY2ROzd_twCrMc82umZLwHaFj.jpeg,gallina
OIP-3eHKwC658f_7NicCVmh0XwEsDw.jpeg,mucca
OIP-3EOKoWWz7ONjj0tVU9WwDwAAAA.jpeg,ragno
OIP-3EORYnxslvAfWCnuF5GIbgHaGC.jpeg,gallina
OIP-3fBTdzBLZplnFJriKIF-QwHaFj.jpeg,gallina
OIP-3FcClFmouT-DTP7jM6oM7wHaFK.jpeg,farfalla
OIP-3FFrQVgbuAvG5OnsGrKtiAHaI4.jpeg,mucca
OIP-3G2PTJzBSRnjXyVPw36DGwHaFj.jpeg,elefante
OIP-3GsLKDWozhoeLpxFBvpMjgHaFj.jpeg,gallina
OIP-3H-2tSYH9Ip5z5KQqRG9lAHaLH.jpeg,elefante
OIP-3H5-tQs38cqsS3cRAOZP8gAAAA.jpeg,pecora
OIP-3HBNkj_o-anjUwUEdgAGVQHaHa.jpeg,scoiattolo
OIP-3hlT3tUzsEnAPzzg9JVekQHaH_.jpeg,elefante
OIP-3HO9fOBVhwdqhao7syrFNAHaE7.jpeg,pecora
OIP-3HSk3vWZ01xuSTnkprd2XwHaJ4.jpeg,cane
OIP-3HUgRAhJ--2kk9EJuRq05AHaFL.jpeg,ragno
OIP-3hV0wCjmF8SU6YYhdboAfAHaE8.jpeg,elefante
OIP-3i-LDm_yo0nvdQigyjbNvQHaE7.jpeg,gallina
OIP-3Ihl1-2Pk8_otLkFTNxQJQHaJ-.jpeg,farfalla
OIP-3iimTpj9CBqD5av9AMWBIwHaHa.jpeg,gallina
OIP-3Ij1jM15jrPjZO8-w8RLaQHaFj.jpeg,elefante
OIP-3IJXfpGAhUo0Z_u9oSP9qAHaFj.jpeg,cane
OIP-3iq6YqO26VqYOYVkEuzZQwHaEK.jpeg,scoiattolo
OIP-3iTK03UO9bdVKi6_YGBCKAHaFj.jpeg,elefante
OIP-3JjU9orFPfSl3is9tBrJDwHaHa.jpeg,elefante
OIP-3JOm737Ybs83Z8L1ysag_gHaFP.jpeg,ragno
OIP-3JUdC0Ox-xR_yNDrkuwHTgHaHn.jpeg,pecora
OIP-3KG5T5FdUlAbTk5GgzCR_wHaE7.jpeg,gallina
OIP-3LiZCtAB38pHmMmhKKJ_6QHaFx.jpeg,ragno
OIP-3lP07FXevCKkx8-q06rZ-wHaGI.jpeg,ragno
OIP-3M0RpKfPUnF4yg6wADoNtwHaF7.jpeg,gatto
OIP-3m7fP2UskZh3ek2uMfcB2AHaHM.jpeg,pecora
OIP-3MCjhGspOZu-LjgHXwtJjQHaEK.jpeg,elefante
OIP-3mLgTy8hhSUX9bNyf6UkJwHaFc.jpeg,elefante
OIP-3MnDrWTOQ0Zfie6xYnfz-wHaEK.jpeg,pecora
OIP-3mw_CSTZ5l2i7D2bZ8pW3AHaF_.jpeg,ragno
OIP-3mWwXrQaB0_rSUpEX0u4QAHaEK.jpeg,gallina
OIP-3n2CtjebdaeynzX7vzU6KwHaFR.jpeg,elefante
OIP-3N7kvX6DpnwMMPVFp-g58QHaFU.jpeg,farfalla
OIP-3N_SSzGvgLud_9IrTTdBuQHaFP.jpeg,elefante
OIP-3NjuFqNN71zZiANpWe4c5QHaF6.jpeg,scoiattolo
OIP-3NkmZ9X2nHzETIkePckXvAHaFz.jpeg,mucca
OIP-3ny-EFG7k_n6PkyDRbDlBwHaLI.jpeg,elefante
OIP-3O6Ri2LRbEDvMCJQq1CGtQHaFh.jpeg,gallina
OIP-3o6z8oVY-DDBmPIKMCw2dQHaEd.jpeg,ragno
OIP-3ocQGpNzHnXC5YaevlJejAHaG6.jpeg,mucca
OIP-3oniYwQTl5Ho6ucAqsqCRQHaHa.jpeg,gallina
OIP-3oNvI86HvdwenYHoMd6J9AHaE8.jpeg,mucca
OIP-3Otoc58mWv-hXh0phvT8mQHaFP.jpeg,elefante
OIP-3oU-U6cTxYcxgk9HuT_y2AHaJp.jpeg,farfalla
OIP-3ovl-8FMzXJuuF_bhuGt9AHaE9.jpeg,gallina
OIP-3OY3w-0dUQFF42sdT0rPtgHaFj.jpeg,cane
OIP-3P_txNtZ9vQboXpxOrfAlwHaFi.jpeg,elefante
OIP-3pAYV1uO5xYkO2sTZMlsswHaE9.jpeg,ragno
OIP-3pHT-ZJRUwgU53qdvAlfcgHaE8.jpeg,elefante
OIP-3Ppm8Tt2cyTZAw9zouby3QHaFj.jpeg,gallina
OIP-3PTLLTe9L2SqV0tiLFkhHAAAAA.jpeg,scoiattolo
OIP-3Pu0DRMoNZP4ErMAbaZ8KwAAAA.jpeg,gallina
OIP-3pVqbgbHLZRWQqy755AO5ACoEs.jpeg,gatto
OIP-3q9rp0xxHTqo3ZkeKXJOlgHaLK.jpeg,cavallo
OIP-3qM27s6ad48bjfjOdaVCGAHaE7.jpeg,gallina
OIP-3QqXGlOgBuFBExog_nhzdgHaFY.jpeg,scoiattolo
OIP-3RJbvJfScb064oTqMinUFAHaHa.jpeg,gallina
OIP-3rmn1QmaleSd1scD_iQrjwHaFj.jpeg,scoiattolo
OIP-3ROir3JKBuj6a97MqnNUcQHaH6.jpeg,elefante
OIP-3rXnHzvHMFkrGPGnQxeZCAHaEw.jpeg,cane
OIP-3s4dt2LLmSunm6XeuuikHQHaEK.jpeg,pecora
OIP-3S_nhNzTKlHxvt0T63YMpgHaE9.jpeg,mucca
OIP-3SmaJOxXF5IPDxIztIzATQHaE1.jpeg,elefante
OIP-3TFavZsG6nOxhp__iHs27QHaGu.jpeg,cane
OIP-3uw2ajuUiOhZ50Cg_8lctQHaFj.jpeg,elefante
OIP-3Viz--nA1-To-iRrG70i7wAAAA.jpeg,elefante
OIP-3VjK2XqljrWrzVge-wn8cAHaHL.jpeg,elefante
OIP-3vkFWd1EIrn0-dW37dADBwHaE9.jpeg,farfalla
OIP-3vkqCMkDHpHdTrkSLIhgawAAAA.jpeg,farfalla
OIP-3vXaFI8TuzIGFA5jstqIawHaE8.jpeg,farfalla
OIP-3vy12dRWBNBepu8EgS5b-gHaJ4.jpeg,mucca
OIP-3w6ebkc__UDxNEC2kfpBhwEsDH.jpeg,scoiattolo
OIP-3w9-t6WmPiBxSTo_yoEFZAHaHm.jpeg,mucca
OIP-3Wc6njll7e5-3ohayx3NRgAAAA.jpeg,gallina
OIP-3Wisxe8hYwidHMYIJ7HC7wHaF0.jpeg,cane
OIP-3WJmjPoKf--wdZnbeaQFEwHaFj.jpeg,elefante
OIP-3wKb-xBOBNGr0LwTqC1XuAHaE6.jpeg,elefante
OIP-3WKbwkQzN70P6BZMa0ovJwHaH7.jpeg,elefante
OIP-3X1SlRUeStD7EZoLbrbxUgHaFP.jpeg,gallina
OIP-3X6Gvtju0l1BlCbZyj9dMwHaHN.jpeg,cane
OIP-3X73w9S7aHtAecFLXl3ThAEsDh.jpeg,pecora
OIP-3XJVZ5mYfXAckzdudRWZcgHaEo.jpeg,ragno
OIP-3xS-mv0vtzGxK6u6KH-uhgHaE4.jpeg,elefante
OIP-3xTrxdwg4dpC-a8is1eaoAAAAA.jpeg,scoiattolo
OIP-3YlxWp97bTbNFBAVTJuLZQHaKT.jpeg,farfalla
OIP-3YmFQCmArKJnZxRqTprWPQHaFp.jpeg,elefante
OIP-3Yn3AfDgocTd4gbKgiXFhwHaEK.jpeg,scoiattolo
OIP-3YQmnaUSmQYUF4unNjcIDAHaFj.jpeg,elefante
OIP-3YruSN1gdqEnvlpsPABRsQEsDI.jpeg,elefante
OIP-3Z0HqqlB4mQ3wTNvuPkgEwHaE7.jpeg,scoiattolo
OIP-3z0oh5LbYAfa32ooutPAJgHaE8.jpeg,scoiattolo
OIP-3z4V5EWRPGoUHSOD_PbVzgHaKD.jpeg,gallina
OIP-3zVZy63RuTroc7Dn-NO30QHaFj.jpeg,gallina
OIP-3ZzSRpl0HKcDd-k3HVbuBgHaE7.jpeg,gallina
OIP-4-x-LwdM6EAHUbXH1Xzl9wHaLj.jpeg,gatto
OIP-4085ObrHOaSeglAAtdWd5gHaFj.jpeg,pecora
OIP-40xupskAVNmz4Ql5_cIlbgAAAA.jpeg,gallina
OIP-40yKBeM10nT2J9MOZ7svDwHaJ4.jpeg,mucca
OIP-41lc8TPnItjr4T4K9lutlwHaEL.jpeg,elefante
OIP-41RZ-KLH76oHww2fOIfCfgHaF7.jpeg,gallina
OIP-41xNeQ8VzAyo4L7AGjvBCgHaE5.jpeg,elefante
OIP-4211HsSIHF0JUoX56IQW_AHaE7.jpeg,gatto
OIP-42OMs1eamj9kgtHYh3IQPAAAAA.jpeg,gallina
OIP-42QFlOtVQeW3ectq52vungHaE8.jpeg,gallina
OIP-42uPN-yloi3B37LIqR_jdwHaFE.jpeg,gallina
OIP-42YcDpM4KPtpWhLMA91_ZgHaIi.jpeg,farfalla
OIP-431qqphfHQZNiKI086mR5QHaG6.jpeg,elefante
OIP-431TD7z_Qn0gdEnWRIpHnQHaHa.jpeg,elefante
OIP-43yo4_TEGU0ML0Y6e6aSxQHaFx.jpeg,scoiattolo
OIP-44sufwzGD3KTq6L0bwwMbQAAAA.jpeg,gallina
OIP-453GOlsjBjpCWNUBhUBKWAHaFj.jpeg,elefante
OIP-455ToSJKhd-DxpSY1xk9TgHaFw.jpeg,scoiattolo
OIP-45lZr9kfAIzecJSJm5GkfQHaE7.jpeg,elefante
OIP-464WuckB7_cfselatCgyfgHaF6.jpeg,elefante
OIP-48dGfGDPmSNUF0QOOxVuPgEsDw.jpeg,ragno
OIP-48xUsqRqqV2aqoze-xjAxAHaE7.jpeg,ragno
OIP-49oAJTN3O0nLWee7ODHETAHaFj.jpeg,pecora
OIP-4_D4zo1oKEKOF54p-FtjmwHaFJ.jpeg,gallina
OIP-4_FA8QbMibRrmsRlWYWrAgHaFd.jpeg,elefante
OIP-4_fFIvdKyHd0P2g5iZfe5gHaF3.jpeg,gallina
OIP-4a2rC0lndrBZZIKBuWl0eAEsDE.jpeg,gallina
OIP-4A8-lfZgxYyObnSlwPRyDwHaFj.jpeg,gatto
OIP-4ABYf0tPteU-19Q_3CKfqgHaE8.jpeg,mucca
OIP-4afqUHyJVlQjd2nk7EYIiQHaEK.jpeg,gallina
OIP-4ai0RBALpsAxgyRko2sUwAHaGZ.jpeg,elefante
OIP-4aqvHKD33mWFWCpHL3VCwgHaFj.jpeg,pecora
OIP-4B-W6hiZxj4Pd55pZTpGXwHaLG.jpeg,pecora
OIP-4B9ujmBjFBM2Ft8jIpxSYwHaFj.jpeg,pecora
OIP-4bHDx3ENWf1QTaBQj7daeQHaEj.jpeg,elefante
OIP-4BhgjxMua_2Tz0KXpp7NJQHaJ6.jpeg,pecora
OIP-4BhnWjuF4k_IMrKT6PKDtgHaHa.jpeg,gatto
OIP-4BkG3ZZw6bo6ME0zSesIwAHaKD.jpeg,gallina
OIP-4bVppNj57CYaXUK8TYXjPAHaE8.jpeg,elefante
OIP-4CcJd0QHqhmhh_lbXvn_VAHaE_.jpeg,cavallo
OIP-4CiYbaukRDr29EYbvR_iZQHaE7.jpeg,gallina
OIP-4cM0IU0eBPk4dQ0JMKzWGgHaHa.jpeg,cane
OIP-4cS56xQG-327v0ebl_tlOAHaF8.jpeg,pecora
OIP-4CTt1drTfJ14XOckdd213AHaE7.jpeg,farfalla
OIP-4daUtA2DbCPshyLso1f48AHaFj.jpeg,gallina
OIP-4dK6_G8d_dvH716pOYixOgHaFi.jpeg,elefante
OIP-4dLYEI-L1JUJqO-ssPsrEAHaFj.jpeg,elefante
OIP-4DNls9Nhwu9IjOwdS219eAHaFq.jpeg,ragno
OIP-4DV69QguK7t2cXbc_9tfRAHaEx.jpeg,cavallo
OIP-4E0_SSqhIcJfVgESa6qHMQHaE8.jpeg,mucca
OIP-4EfFxgGkcV_7qWaAkI9ufwHaFc.jpeg,gallina
OIP-4ENfbH9q-SXJK5OtwZp44gHaFs.jpeg,elefante
OIP-4etnOV_GYvC-NqhILl1oYQHaFj.jpeg,scoiattolo
OIP-4F0Ryc8T19WWNuYfbgEMxgHaFJ.jpeg,pecora
OIP-4F_8O5DuAk1dW-eQQInJegHaE8.jpeg,gallina
OIP-4fa_8wPKA1qm-AE5N0NR5gHaFG.jpeg,ragno
OIP-4fDrTHLHbnJYj-NEoO7-DgHaFb.jpeg,elefante
OIP-4fLVsthIF18-H5iGpXa-TwAAAA.jpeg,ragno
OIP-4fr0mwCS18T5QgVt7lkjUQHaFj.jpeg,elefante
OIP-4Gnf3Xh2CP87VVRPW4P2iAHaFi.jpeg,scoiattolo
OIP-4GpvuvTkkG3M6u-MJBsqbAHaE4.jpeg,pecora
OIP-4Gx2aVNcmw_tQZ5e9v0bGAHaE8.jpeg,elefante
OIP-4H-roJJ610RP7u-AbJvZ5QHaE7.jpeg,elefante
OIP-4i4FDQi8UdPg7HqGqEceyQHaEc.jpeg,elefante
OIP-4IaHAhTvV5oRE-wTVefS_wAAAA.jpeg,farfalla
OIP-4Iogz6K290RKMhaSxPkLCwAAAA.jpeg,mucca
OIP-4iQ-wix4e-Pv6La8fh8vagHaFj.jpeg,cane
OIP-4iRAyTIXOEkBBIVkHbZtaQHaE5.jpeg,gallina
OIP-4IvDKs1oxhF75ohrL4B4RQHaFj.jpeg,gallina
OIP-4IvX_5qT_Il97Q0uP_ctNAHaLI.jpeg,gallina
OIP-4iy5WFDJMAGPY9YTmM0NqgHaFz.jpeg,ragno
OIP-4j5TXNG0zySgSz6nRu37gAHaE7.jpeg,elefante
OIP-4J93hYhs_pwbl-nWFf3kegHaEB.jpeg,cane
OIP-4K8dLsCtYwRAr9EXNdDy6QHaE7.jpeg,pecora
OIP-4KCSjJzigF7cOPMPcI_mcwHaFj.jpeg,elefante
OIP-4kFqkpvkmWhhrn3_9aXIkQHaFk.jpeg,elefante
OIP-4KgL3Sc6rMBl0XBcoNx0MQHaFj.jpeg,gallina
OIP-4KH-Mzc3w5Y9467FCe7NQgHaFj.jpeg,ragno
OIP-4LiAVjhQSs9qawNVEuXbFQAAAA.jpeg,gallina
OIP-4Ll5Plw8pRKXAaJLgslGSAHaEc.jpeg,gallina
OIP-4lmcmfTlVDN5WvS31pQeawAAAA.jpeg,farfalla
OIP-4Lu6ch_JVCAzM-OzG_2lZAHaFj.jpeg,cane
OIP-4M22SZlzUPtj9XI5yq_hJQHaE3.jpeg,elefante
OIP-4m3QwWtPMk8Soh70jRyaKAHaE8.jpeg,elefante
OIP-4Mcx_ZtBMoMjsE_Q4oztOAHaF7.jpeg,elefante
OIP-4Mj7p0GAtD_YS_h5wAwfGQHaE4.jpeg,scoiattolo
OIP-4Ml6a5G13AJIocl1zPH3mQHaFH.jpeg,elefante
OIP-4mLt60dxpq0pgKplk3nncQHaFL.jpeg,scoiattolo
OIP-4n4jW0Jk3l0uthxDfrErTQHaFj.jpeg,cavallo
OIP-4n8s52bmyY0BS7vwZ7mOfgHaE8.jpeg,pecora
OIP-4n8XkwvoupbEx3v1MSi1kgHaE8.jpeg,elefante
OIP-4NAmbbGEoroNk7R2dxX7-QHaF6.jpeg,ragno
OIP-4naMsRQTmYjJVJLu-VpJ6AHaFf.jpeg,mucca
OIP-4nDGy5rhq9efJ8SmcE-PpwAAAA.jpeg,pecora
OIP-4NHCBQJf1P2vqTEvdqXJ2QHaEI.jpeg,gallina
OIP-4NkS9ZnihPpE-RgLWK3YMwHaGJ.jpeg,gallina
OIP-4nnFJLYedhOKU8sPTaVypQHaHa.jpeg,mucca
OIP-4NSgN4BzMxfB62yPyneDsQHaE7.jpeg,gallina
OIP-4O2nl45jJNRTiSHP-wt6yAHaFS.jpeg,farfalla
OIP-4oBqrY1ddFE_-0o3YfQZXAHaJ4.jpeg,elefante
OIP-4oe01pHa9oy9ltFhms2M9QHaEn.jpeg,elefante
OIP-4oMQRKHNDXfJF2dTStoq9gHaFe.jpeg,gallina
OIP-4oo4c85nRUS7UdfZeSnYugHaLG.jpeg,cavallo
OIP-4ovqN-DFebpVa0aMlUVN0QHaFj.jpeg,mucca
OIP-4pFQmUXBpNzHL0wdFE4LaAHaFh.jpeg,gallina
OIP-4pfZizpZ7jRcs0LhXiRa6wHaFj.jpeg,gallina
OIP-4Pt5_RBHJaBjpQMZsJQLlgHaFj.jpeg,elefante
OIP-4q3llMflHIHa-yka7kjkKwHaFj.jpeg,cane
OIP-4Q9qGyzqJFlmpuoYGRl8XwHaFj.jpeg,scoiattolo
OIP-4Q_NBrufBO2nZrEqRb4xaQHaGC.jpeg,elefante
OIP-4Q_zWR5btDSQTbDTQatS3gHaEc.jpeg,farfalla
OIP-4qAVOUzc7ywGcHkwdc3OdAHaFi.jpeg,scoiattolo
OIP-4qLKRE0sl0HXpnMvthliGQHaGm.jpeg,gallina
OIP-4qPU4AZycLZlpRyqN3qq4gHaFt.jpeg,elefante
OIP-4Qs8nzpr2CjsguoySqZDCgHaFj.jpeg,ragno
OIP-4qu4b4YYGQEl7d35XiyoAwHaE-.jpeg,gallina
OIP-4QUVq_57gThTgnZNScWcpQHaJQ.jpeg,elefante
OIP-4Qv2S97oDVkjSiSoINRJdAHaE6.jpeg,pecora
OIP-4rEZcalQFJMV3PWn6_7O6QHaGC.jpeg,gallina
OIP-4RFPMOqoG0X48MH3Nk-cdwHaE7.jpeg,elefante
OIP-4rPAIFx0zpiMrovgDrmqLgHaF6.jpeg,gatto
OIP-4rq0snwNt-zHi0iIwd4VGwHaFj.jpeg,cavallo
OIP-4Rrjev6MH30EiH0996WpUQHaFI.jpeg,scoiattolo
OIP-4rXrXifWsK0_TrtdClBESAHaFc.jpeg,gallina
OIP-4smMm1RUsnO_8ILOIJaPGgHaFK.jpeg,gatto
OIP-4TC67ypARZQMONF7s7e-ywHaE8.jpeg,elefante
OIP-4tfVcQudu4ULtmOmPf1muAAAAA.jpeg,gallina
OIP-4TmoncrXn1dTjN6Aiqz5YQHaE8.jpeg,gallina
OIP-4Toy1NBeY9Bw6OP-UxLTswHaJ4.jpeg,cane
OIP-4tRG8O-qFiq0G0ueDcPHGwHaJ4.jpeg,elefante
OIP-4tyEEauBAIN6nHH2w-yH3AHaHQ.jpeg,pecora
OIP-4U2bUQcVriwImSDuQ_sQdgHaFj.jpeg,gallina
OIP-4UmK-NKWl1fwEK9GfBSGKAAAAA.jpeg,cane
OIP-4uQyxWEhrvw9XCdjSSaI8wHaHj.jpeg,pecora
OIP-4uXVaNWRH7TGa7cZVWGqXwHaHM.jpeg,gatto
OIP-4v1DayFbeG7abHVhCL2W9QHaE7.jpeg,ragno
OIP-4vb4bRqnsD6j1fr9F13VpAHaEK.jpeg,scoiattolo
OIP-4vgEfMm_b-SNSHmr4Or1xQHaFS.jpeg,cane
OIP-4Vj0oEOHmtkhJWuwFil55gHaEo.jpeg,elefante
OIP-4w-ODk3_r1OkLZV3diLnXQHaJ4.jpeg,elefante
OIP-4WmHHgmRngHU6rJqrARQYwHaFj.jpeg,elefante
OIP-4WsEp_1DdiE3aHAypi9WIwDMEw.jpeg,cane
OIP-4X2EJtQpmbB--0n9VKxhdAHaE6.jpeg,mucca
OIP-4x3guN8L1PYW-XGZk8WzbQHaFU.jpeg,cavallo
OIP-4x5fkSwX3ZFaViJt9SqPRgHaJQ.jpeg,gallina
OIP-4XONYiuzS473uS499quM6gEsEp.jpeg,pecora
OIP-4XyGFKDJBGaG2Pjobr85mAHaEK.jpeg,gatto
OIP-4y0WoxBzkDjZZQlllAO21wHaF7.jpeg,scoiattolo
OIP-4yADNrWUjl4eRdOLDpMuEgHaN3.jpeg,mucca
OIP-4yBxrJv3cDRr7oq3Dx_J6gHaHi.jpeg,farfalla
OIP-4YkBHKLaXLg1zwXjmEXyXAHaFj.jpeg,cavallo
OIP-4YnHu5bTs9jxYlQDEdmypgHaFj.jpeg,pecora
OIP-4yRUBRt3t12VGGLk8FgxYwHaEb.jpeg,mucca
OIP-4YZ9Apw_Za10ckM6YmZ21QHaFj.jpeg,elefante
OIP-4ZAwuYgAlQiFKZoCf1sxogHaLH.jpeg,elefante
OIP-4zE2yU1795ZXmGaTHgASngHaE6.jpeg,gatto
OIP-4ZOxdRcj8sgkY6a-glq5TgHaFp.jpeg,elefante
OIP-4ZRc1h3Jjd538PMY1S1OVgHaH-.jpeg,gallina
OIP-5-43JYtm1DgGinLtiDct9wHaFj.jpeg,cavallo
OIP-5-7fnnEp7bLnFS7ALBGQIAHaF_.jpeg,ragno
OIP-5-DJo6pyZizGfIPRN1yffgHaFq.jpeg,farfalla
OIP-5-SGZKQFdCsk48KxF6iczgHaGV.jpeg,elefante
OIP-509oLsA3h-cs38SEj-humQHaE8.jpeg,cane
OIP-50vmhkNIM1LKU3JoYIRmegHaFj.jpeg,pecora
OIP-50yTUWpiL0nkvc7DKYjxwQHaGr.jpeg,cane
OIP-51urDTf1Ymldk8U9KnfUVwAAAA.jpeg,cavallo
OIP-5368O-92sXWPfJx2GSj6vQHaG2.jpeg,elefante
OIP-53S5RGbPiznSz5GONZQE9QHaId.jpeg,elefante
OIP-54kyuXl684VpO9Fmpe63kgHaFj.jpeg,pecora
OIP-54meq11_Iyo3HYWA3Qh_fQHaE9.jpeg,scoiattolo
OIP-54QXDLiGu1vMTGeIa0DwlwHaE9.jpeg,elefante
OIP-54RRj9gpb5GdUxaRxlge0QHaFj.jpeg,scoiattolo
OIP-55_AMosXV8TX1ylEDGvCgQHaHa.jpeg,cavallo
OIP-55lzWkU0-r5AX_D_xu5JUAHaEK.jpeg,elefante
OIP-58kWUU2vYbcTPEiPIgV3fAHaE7.jpeg,ragno
OIP-59vmlUwFJFj2AGP1c9MnIwHaHS.jpeg,elefante
OIP-5aBF2uxc4UEVRCVX4En06AHaE8.jpeg,farfalla
OIP-5aBmyIjTg6iMW4CHV0ICmwHaE8.jpeg,elefante
OIP-5AenwC48vvo8cXOXHvr7iAAAAA.jpeg,elefante
OIP-5aL-OEHdvr6J7HrCqtFWQgHaFj.jpeg,elefante
OIP-5aRCxfDeuGVIC3vNxZr33QHaE7.jpeg,gallina
OIP-5B53H4zFj2EDo2iuC39CyQHaFj.jpeg,elefante
OIP-5BHcfp9rpyqjwfGkMIYbSwAAAA.jpeg,ragno
OIP-5BjM-bq7ytNGVhMv83ap-AHaFj.jpeg,pecora
OIP-5BnBhf5KRtvVTMeBJRubwwHaE8.jpeg,scoiattolo
OIP-5bTB9Ndlw-M65RzFO8ZUqAHaFj.jpeg,gallina
OIP-5cjK8UE7dk9Lp20E1OsxRwHaIs.jpeg,ragno
OIP-5CM_GST0GT8rUvxgTsaD5QHaHA.jpeg,pecora
OIP-5D7w99NsvvmGb_H5KNTI_QHaFj.jpeg,elefante
OIP-5Dc-AUTWO_oMWmqRyOAj1gHaF_.jpeg,elefante
OIP-5eBeQ_NjHmodaRMb7DFfUgHaF7.jpeg,cane
OIP-5eCpy54l0PWWTyaolLDKCwHaEK.jpeg,mucca
OIP-5etZJ8plQip5EMlajnpzFwHaHO.jpeg,farfalla
OIP-5Ev1TgEY4mLX7VcDWfCsigHaGi.jpeg,gallina
OIP-5f1p7hDgSCJV_dpeBFAWlwHaFQ.jpeg,farfalla
OIP-5F450oeIrWqLpbhpjJIpggHaE7.jpeg,gallina
OIP-5fdvDnLl7Rwb0o1l133W0gHaGS.jpeg,elefante
OIP-5fPYYXj_TsYX--xvqv36JwHaE7.jpeg,elefante
OIP-5FW_KoNHbhU058fGKJYP6gHaFj.jpeg,gatto
OIP-5gA-P9rPEgkx9M7GqvE5LgHaE7.jpeg,elefante
OIP-5GjchkJkpaMLaw0OCiPD2wHaKQ.jpeg,elefante
OIP-5GqjXDbko5Ko2rQOUZCvYAHaE8.jpeg,pecora
OIP-5gR8sU3QPiFVxumVo_--twHaFp.jpeg,pecora
OIP-5h-XimZ8ZrJB23SCZKZp_gHaFS.jpeg,elefante
OIP-5hAZZ9BbcbdTbmuLnfbynwHaE9.jpeg,elefante
OIP-5hFyrKn5mTFZfbPCa1cnNAHaEL.jpeg,ragno
OIP-5hI4KOsaeyvSjy7_LiTJCgHaFm.jpeg,gatto
OIP-5hN1V_ABkaoFpjd3JH45wgHaCu.jpeg,cane
OIP-5i-Uxr6sL1-MN2oaTS2SzwHaFj.jpeg,elefante
OIP-5I5VCNyEXdUXTA--FYkk-wHaHa.jpeg,pecora
OIP-5iUgNYco9OqyQJvbpT7NXwHaLH.jpeg,elefante
OIP-5Iwlbru2rz4PWm2aXC5mtAEsEs.jpeg,elefante
OIP-5iwwGR9m2voDv1TgMT5m_QHaE6.jpeg,pecora
OIP-5J6vzmXJO4Xd1CrW94ommgHaG5.jpeg,gallina
OIP-5JLTvmO6yA8LFHpSmb0lhQHaJ4.jpeg,gallina
OIP-5jq6vQs8oOoB-xG_t17H5wHaFc.jpeg,elefante
OIP-5jSAnXyGg_pa97bHBRocHgHaIA.jpeg,ragno
OIP-5JT8dyNp0RBw9zs3N6ZYswHaEo.jpeg,cane
OIP-5JTssu0fd402KLZ9Go2vEwHaLJ.jpeg,scoiattolo
OIP-5JUBs7yHcOENjnXLitO-dAHaE6.jpeg,elefante
OIP-5JuemGqgC7-ImSD1FXV8WAHaFj.jpeg,elefante
OIP-5K-RBqkPeoxQq_gSdfHadwAAAA.jpeg,gallina
OIP-5kAdnWvLUzZb5kI9mslNUAHaE8.jpeg,elefante
OIP-5KDvxPqrokUhTtH06pik2gHaFs.jpeg,gallina
OIP-5Ksg1XbWGJ6V6Wg9T-T6sQHaE8.jpeg,pecora
OIP-5L1_hLwThlZ4L1SRAW_cGQAAAA.jpeg,elefante
OIP-5lIEik8XqUSN8ebH6XUslAHaH5.jpeg,gatto
OIP-5lS1IezLj1y7mksjjJsQ4QAAAA.jpeg,cavallo
OIP-5M18b45rcexyBjsImScpRQHaIt.jpeg,farfalla
OIP-5mcdcpcg-5fHBtmRkGef0AHaHa.jpeg,gatto
OIP-5Mo2D57HaWIdLWgxnlnzTAHaJF.jpeg,scoiattolo
OIP-5mOEUoZ4dvPFyOTO52GvLwHaEo.jpeg,cane
OIP-5MrsmCnXa6SrjWSfuj6sTAHaGo.jpeg,scoiattolo
OIP-5n4dDgXlZgmbl5BoZdGcxQHaFj.jpeg,elefante
OIP-5NBB7uuN_26DENsURrmtHwAAAA.jpeg,gallina
OIP-5NcDITbYKPwinIWEyVPWdAHaFj.jpeg,scoiattolo
OIP-5nj5u9gieVo7sFARZmaRrQHaFt.jpeg,elefante
OIP-5OAW5jPcvFpYe98RseJoNAHaE8.jpeg,gallina
OIP-5OhdwZT0n14XqHpNTV8AAAHaEo.jpeg,cane
OIP-5oqi2b93MzvFrDfs6hVOzAHaE7.jpeg,cavallo
OIP-5oYP9pb_2DRpeaKHcLYdXQHaF8.jpeg,cavallo
OIP-5PFwpG02YpotcjDovzoocwHaE6.jpeg,farfalla
OIP-5pL9mC0AjRhOTCNs_xyUYwHaE6.jpeg,elefante
OIP-5PNqpGAW-6eCv21W2AT5aAHaE6.jpeg,gallina
OIP-5pXv46sUXNfQNoI1wTx-wwHaF7.jpeg,scoiattolo
OIP-5q0MPB4CsMTesSVlA4j0tAHaFj.jpeg,gallina
OIP-5qDH62SJZANMTuj3ZDvpGwHaFb.jpeg,elefante
OIP-5qhtiWjljYKZCo8PvKiWCQHaFj.jpeg,farfalla
OIP-5Qk2l-W5JNw2-YPlVI-2uQEsDI.jpeg,elefante
OIP-5QlkvsXFdbPUr_MYSaCXFwHaKL.jpeg,elefante
OIP-5qODKS-pxpv16GMFXm8unQEgDY.jpeg,elefante
OIP-5r7PAlcmmGx567rKFqZRAgHaHa.jpeg,ragno
OIP-5rdakq9jlAYQA3BDbuM80QHaE8.jpeg,elefante
OIP-5rdha6EFUwZ9VtMox8l89QHaEK.jpeg,gallina
OIP-5rK1zqoABl4meZIFhAQ-tAHaFj.jpeg,gallina
OIP-5rMXnetOaeRK-fraORnWyAHaE2.jpeg,cane
OIP-5rpbTamg1JP9gZjIpi27egHaEx.jpeg,gallina
OIP-5rQdf71PyK5Lczl-gaTXaAHaGI.jpeg,elefante
OIP-5RVSiz4yH6cFYE269lz60gHaGQ.jpeg,gatto
OIP-5sCA6gLGlItmv8v3QyKiXQHaHK.jpeg,cavallo
OIP-5STd8sbaUVIYqRiLmCkiiwHaEE.jpeg,mucca
OIP-5t2n3S3Jcw0Our79ebFK9QHaFj.jpeg,gallina
OIP-5t8VG6ts3AAHSzbBBeqqOAHaEK.jpeg,gallina
OIP-5tLTkAi3uqyS0x-tQ3S8ggAAAA.jpeg,elefante
OIP-5TUietm2o3z-jNDHiuKKfQHaE7.jpeg,gallina
OIP-5uGBHVFfs0cqAuUjjgfJwgHaFx.jpeg,cane
OIP-5UIGxAh7tIjwuUcPqyd9VgHaIk.jpeg,mucca
OIP-5uLmWr9oSMj44Ne5lyLm9QHaFk.jpeg,elefante
OIP-5VC2vNYI4eSmU8wa0hXfyAAAAA.jpeg,mucca
OIP-5VwIBS0B8SxZbUiAHBJg7gHaE8.jpeg,elefante
OIP-5w4861bwgkhhIXFkHjavngAAAA.jpeg,mucca
OIP-5W5nP6o4OQfU-pC0rgwEGAHaLG.jpeg,gatto
OIP-5W5SFtv3TvF03TVEyBzc_AHaFj.jpeg,elefante
OIP-5wH9vPk_DpqUMx3HNHIohgHaFB.jpeg,pecora
OIP-5wm4Fu_wowCdfKGKRq1tFAHaFS.jpeg,mucca
OIP-5wmFLqyeBCBOaTWUxUIaKAAAAA.jpeg,ragno
OIP-5WSRINSHm-mR5UtC_6KAbQHaGN.jpeg,farfalla
OIP-5x5-uIk0OHTwFx7IrwqvdQHaFc.jpeg,gallina
OIP-5Y90N1yD7omgIKdJQ6fUewHaIu.jpeg,pecora
OIP-5YoVCCyumElkGxeUUJn9KgHaLJ.jpeg,cavallo
OIP-5ZwfeYunG6CT2wEI7OjybQHaEo.jpeg,gallina
OIP-6-N4Hc_X2nRvkh4uaAtq2wHaFi.jpeg,elefante
OIP-61Du66X8KYp82G53UwavPQHaFj.jpeg,cane
OIP-62_svgeOyO_lVLT4cVdEUQHaE8.jpeg,mucca
OIP-62jmnBHCdznNK6D5HGlGLQHaE8.jpeg,elefante
OIP-63eQNWuVxs8D47yToOFp4wHaFj.jpeg,gallina
OIP-63Tko1ej3YCzWBDIT-uIigHaFj.jpeg,gallina
OIP-63VAvmrbTpdfPHmUNmlyZwHaH6.jpeg,gallina
OIP-642nwe2m2mwFmClOW91l6AHaE7.jpeg,gallina
OIP-64aTwYCq5lRrL6NIFfEH1gHaFc.jpeg,mucca
OIP-64BrpAg4oaUD4xNIzfQ3jQHaE8.jpeg,ragno
OIP-64HJJfS0eKVkfUp5KDl9uAHaFI.jpeg,farfalla
OIP-64HRWHnNI130s8EthjBYewHaFp.jpeg,elefante
OIP-64o-Zp3pO6dWE6U9dtyqewEeDa.jpeg,ragno
OIP-64rrTRYYHr60jDm6hUeFqwHaFA.jpeg,mucca
OIP-64tQ0SCiGwNEVDB7guZtBgHaFs.jpeg,farfalla
OIP-64ZhIxv2ZsMIeZv2kXA2zwAAAA.jpeg,gallina
OIP-650WVO_kHeUJxkt9QCZx2AHaE8.jpeg,cavallo
OIP-6592kOMMgBXKuOZF1X6ftQHaE7.jpeg,pecora
OIP-66DsQGAuoE0zkQIykZbqawHaE-.jpeg,gallina
OIP-67CcjgZaLkCofVRHLf1SwgHaE7.jpeg,pecora
OIP-67KEI1t_Z3ReZMtH0kK_lwHaFu.jpeg,elefante
OIP-68B4JEDz2UMux54S9jaStwHaEK.jpeg,elefante
OIP-68YzscmyH2Ln1pT40ay3kAHaEs.jpeg,elefante
OIP-69-AmpB6nFFT-ikxW2E29gHaGD.jpeg,farfalla
OIP-695_pOW_k2DtfWkTk6Wk6AAAAA.jpeg,elefante
OIP-6_BUcsNskIRmm6Ow_yBGWgHaE7.jpeg,elefante
OIP-6_KqqsnAG8UQxXkUtwqKUwHaEK.jpeg,cane
OIP-6A5z13dv8aC4sDZGPCSS3gHaE1.jpeg,elefante
OIP-6AbyUGQyx02003GG9mY8UwHaEA.jpeg,pecora
OIP-6AGmEIjMFTMnSrnXno2fCwHaFw.jpeg,scoiattolo
OIP-6avt0sHzhn5rD0Ime5Sc9QHaFY.jpeg,scoiattolo
OIP-6B4HYL_hwMriQ0hClwDmAAHaFj.jpeg,gallina
OIP-6B59Ynuuopo0dXwo5Jl_TwHaEa.jpeg,gallina
OIP-6b7nYl25JU2PcryJMCo6fQHaE7.jpeg,elefante
OIP-6BFBg7tJ0EDAcqo2vBF40wHaFY.jpeg,elefante
OIP-6BrUi7_cOL7OHVJt54UCtgHaE-.jpeg,pecora
OIP-6C1sfpT5r4-51P8qCn9XBAHaEm.jpeg,gallina
OIP-6cCWJuv2X0MHitZ1pCF7ZAAAAA.jpeg,elefante
OIP-6CdpN2T1VMVhWM7BEhc5eAHaHO.jpeg,ragno
OIP-6CN_o40BoAcpumO1fkNSsQHaFd.jpeg,gatto
OIP-6cpoMjN1R_lgziI9Lnz1UwHaEn.jpeg,farfalla
OIP-6CzmTqdjpHve8OArISQ89AHaE7.jpeg,cane
OIP-6d0iURBaGWF-899OyjujGgHaFK.jpeg,pecora
OIP-6D79QzEVX0_93CEnCyE7PgHaFj.jpeg,gallina
OIP-6DcG8LS3vSnCc4b5286dsgAAAA.jpeg,pecora
OIP-6do18OF3FYx4L_Vhqc4MYgHaGa.jpeg,pecora
OIP-6e-LOJdU_7cISg23J6SRlwHaE8.jpeg,pecora
OIP-6e9al73_84bMTXFvcCKQfQHaE-.jpeg,gallina
OIP-6eDD1go8C_uyIMRXo9NszgAAAA.jpeg,elefante
OIP-6EgXp_oo_zj9rffCZuTeiQHaEn.jpeg,elefante
OIP-6eLXvzFMtN3jtlAUSgi7IwHaEo.jpeg,gallina
OIP-6EMRqs8pzeT8xwPWjVjpAwHaFs.jpeg,gallina
OIP-6ENXh_nkZir-jQxUZl-85wHaKD.jpeg,farfalla
OIP-6F1VwPOBmy-k20y10M3H4wHaGb.jpeg,cavallo
OIP-6F_n8kJDFBlVE0Qch5hfqwHaHL.jpeg,elefante
OIP-6fC9P5VKQQb2KPtrjTB4aAHaFj.jpeg,elefante
OIP-6FCQMGlFgDagE9vyw-HjTgHaFj.jpeg,gallina
OIP-6fhV2-L8kpA4MfZXVWf4qgHaFj.jpeg,farfalla
OIP-6GAUZVLYVwf7o0pjhAopFwHaFs.jpeg,farfalla
OIP-6GIIDXXe8wv1t3AY9SWOgQHaGJ.jpeg,elefante
OIP-6giq9J-QwsRZGtDEkduyDQHaHu.jpeg,cane
OIP-6h-ElApt058UmMFNNmqpjwHaFb.jpeg,ragno
OIP-6h0EM_Txno31fXX7h_q4dQHaKU.jpeg,ragno
OIP-6H66iY2CLvHiurCeq5TfhAHaGE.jpeg,farfalla
OIP-6h6FkS-JKOktAxnChDOCvwHaFj.jpeg,elefante
OIP-6hbIg-9MpmaGnNJ6ZjbL5gHaIY.jpeg,cane
OIP-6hEIbAbaWJJdZmVwzMEnmwHaEO.jpeg,elefante
OIP-6HUEzAv4SAxyzhCLVBgtgQHaFz.jpeg,farfalla
OIP-6i3VIQkka46USNK0eK0LvAAAAA.jpeg,gallina
OIP-6I6ayNrn8peLd2ARs4pQMwHaFA.jpeg,gallina
OIP-6ID1W9vWSfRIZem6NV_HHQHaE7.jpeg,gallina
OIP-6ILAr2FZ8ozVB1UBYR6grAHaFi.jpeg,elefante
OIP-6iPHVFKO_x2SLHOIL2ategHaH6.jpeg,elefante
OIP-6IQ6rKImOtdmQCHlwdlFsgHaHP.jpeg,cane
OIP-6Iv9Ne7f31anAq3ZFtnUdwHaFi.jpeg,cane
OIP-6jjvOZ1vqA7TZbz1s-wglAHaL2.jpeg,cavallo
OIP-6jVPfD2tLOIWO0XnN0TAMwHaJ4.jpeg,cane
OIP-6jzX7gx2yu6z1I-UZcHnGAAAAA.jpeg,gallina
OIP-6kQSiyhHF7a-2OYlgpPGhAHaFj.jpeg,elefante
OIP-6L9hIDuE3SrfNw2Jya7SXQHaFT.jpeg,pecora
OIP-6LE24vDYVL9QAZvrJwo0XAHaFz.jpeg,cavallo
OIP-6LGS6VgocquNUc3nXDJQzAHaE8.jpeg,gallina
OIP-6LlcVSUJfq2C8FGtI7a2EAHaFj.jpeg,elefante
OIP-6LP5pfpTQVkNZj4EundaMAHaJ4.jpeg,cavallo
OIP-6Lp7knI9jHyiHawT-hyAfAHaFj.jpeg,gallina
OIP-6LPyITKI9BaIYUvVYLL8iQHaFj.jpeg,scoiattolo
OIP-6LYR_jeH8-Hhdb8EYVnNCwHaGl.jpeg,mucca
OIP-6lYx6lK4t7Pl8PsD6pe6-gHaE7.jpeg,elefante
OIP-6MC_9xw7tq2JRo93zWMRuQHaFj.jpeg,elefante
OIP-6MCoAQ2JYxu89ifrfBVgkQAAAA.jpeg,elefante
OIP-6MnFMvRi_ZKMT0WwHyW-XgHaFH.jpeg,gallina
OIP-6N2dgkIJezYx5qEWLrJ7DQHaFj.jpeg,elefante
OIP-6n5DXR4R6tbk2SVjIYhBggHaE6.jpeg,elefante
OIP-6NGKc8PviRpby9wabPZJ7AHaGf.jpeg,elefante
OIP-6NjkruNvesniqXmqSBBVJwAAAA.jpeg,elefante
OIP-6ntOS_3DQHb9ZFaq7yJCNwHaFj.jpeg,pecora
OIP-6Ntvq4cYtEJ0yvhQCiJG9AHaHa.jpeg,elefante
OIP-6NX0sLY3LtwjZcNpFPtIswHaFx.jpeg,elefante
OIP-6o3bKvoiVYPgl-7j0qWV_QHaFy.jpeg,farfalla
OIP-6o5jlLuDb6l7s6cJBaN-gAHaE8.jpeg,gallina
OIP-6OB2MxAclQ57rheFLrtcYQHaGa.jpeg,gallina
OIP-6oDJu446jOOXi7r0oSkqxwHaD6.jpeg,ragno
OIP-6Os_brNZOHNZ2fYOSIG1AgHaJE.jpeg,gallina
OIP-6Oyby29J8t30mFRjIa99KgHaHX.jpeg,ragno
OIP-6P0oKrob9isGDvjNPay4CwHaJ4.jpeg,pecora
OIP-6PJD-fUAAHNH7osvHPqVagHaJ4.jpeg,elefante
OIP-6PJxsaAWu5wvncI7sdtD3QHaFU.jpeg,cavallo
OIP-6Pl-brfrmKp1_z-ImbMsggHaFi.jpeg,elefante
OIP-6pUPS_RouUaAn5kgOyY0aQHaFj.jpeg,gallina
OIP-6PuSn0ARZZlp1mC7P-nfgQHaFj.jpeg,ragno
OIP-6PzRk4rkE9pTBqmcX8aZVQHaEK.jpeg,gallina
OIP-6QAAMAdtgZRN6JLWBthG1wHaGr.jpeg,farfalla
OIP-6qCP2EJOh8S9GJfYJy2c8wHaFx.jpeg,ragno
OIP-6QI-LhTydYxybLVy8ewT7QHaE8.jpeg,scoiattolo
OIP-6QoEN5bgLy5-iYRCpr_awgAAAA.jpeg,elefante
OIP-6qY3Kl-V2N1gFEOyB7f5zwHaFe.jpeg,cane
OIP-6R-OHSA-zARTS0IrkMy62QHaFn.jpeg,ragno
OIP-6S61CA7kzct9aFcc2VHjOwHaFj.jpeg,cane
OIP-6scpTkDO-FP2vXVm50QKgQHaFj.jpeg,elefante
OIP-6TDg_5QcVnlPztByquEB5AHaE7.jpeg,elefante
OIP-6tGxoMSfErjfqYiebsDUWQHaFS.jpeg,elefante
OIP-6TK5vw23iAG_vg3rHlGT0wHaJ5.jpeg,scoiattolo
OIP-6tNDAdLFXNpPifZ_dJq6SgHaKD.jpeg,gallina
OIP-6uBuLoN_VRsIyYBUuT7SYQHaE7.jpeg,gallina
OIP-6uLgXL7RfCVYDGsVGEV7iQAAAA.jpeg,gallina
OIP-6UuzOZp2LPy-XznWCwx-PAHaFw.jpeg,pecora
OIP-6Uz06rU52D4Wbw54VZAkWQHaLG.jpeg,pecora
OIP-6V1hIWK8ix1Ge4YcelGtbQHaFv.jpeg,elefante
OIP-6vfAYxlBvgLR5EbjGitAygHaFR.jpeg,elefante
OIP-6vl7_OUpZgmn6_Pmm8EvXwHaE_.jpeg,elefante
OIP-6VlSuNhSjFQhOIWUmRCynwHaIT.jpeg,ragno
OIP-6vRzHK4N3VBS0fskEq5EJQHaE5.jpeg,gallina
OIP-6wCBVOkDBhQuzGrJLHs7YwHaGE.jpeg,elefante
OIP-6x29yCBZba9vNxqGvZv1_wHaFj.jpeg,pecora
OIP-6XBZIAF5HUK7s1CfQZmR2gHaES.jpeg,elefante
OIP-6xDgip4ju6n3oI04R5pE-gHaGS.jpeg,ragno
OIP-6xEXC8QoFP3T8YKPIlfhMQHaEJ.jpeg,cane
OIP-6xJ2YnSPM2ivF6W4VcjjRAAAAA.jpeg,elefante
OIP-6xJuxjCceQrjsmjvE9k6lwHaF7.jpeg,elefante
OIP-6Y5FuT5QDsPCjfyK4NuGFAHaF4.jpeg,elefante
OIP-6yed0vgSu-zK0aMu-Y3kswHaNN.jpeg,mucca
OIP-6YzVD49oOY6sz7OPI06rvAHaE-.jpeg,gallina
OIP-6zeUQ7xO-gH42XQlSheFMQHaGO.jpeg,elefante
OIP-6zjDSyeo9SIEJ3-aaqAZLwHaFu.jpeg,gallina
OIP-7-__uGTG9fNYlGJ_N5T2egHaFa.jpeg,gallina
OIP-702ozZTVHELvS2bLwo-KFgHaFj.jpeg,gallina
OIP-7030ghChVLkW0tCHWK1j-gHaE7.jpeg,elefante
OIP-70DOwg3RVrsbHXBWgGH52QHaGD.jpeg,cane
OIP-717csQK0Vvh7D7sZj20kHQHaHa.jpeg,cavallo
OIP-71ES4nSvz0NDjlG9LXIDvwHaFj.jpeg,gatto
OIP-71ZfXKptMpuetrRFakqxPgHaF7.jpeg,elefante
OIP-71zVnNGhdwCvpD2ycHQ1-QHaJJ.jpeg,elefante
OIP-726qaS3uHC3IGduUTTVy_QHaFj.jpeg,ragno
OIP-72Hmi5y1uSfZGSERrmZ3zwHaCu.jpeg,gallina
OIP-73P_5BBkYjjZtuMMUl19HAHaEp.jpeg,elefante
OIP-7429KXy3lzoskTTI2DWXMAHaEi.jpeg,gallina
OIP-74oZnJVocO5hChrDNv6xiAHaFv.jpeg,ragno
OIP-74PfNKy0ckeHLoC1XAKG6gHaFR.jpeg,elefante
OIP-755BIUV47prCfO_EzIRaPgHaF7.jpeg,elefante
OIP-75K-4y1cVG52BpcnuYpoxwHaJ4.jpeg,ragno
OIP-75sJrJyQsMaBY4YItWW_AgHaE-.jpeg,scoiattolo
OIP-75vHPzzQWsvAx4_0eRfaeQHaFw.jpeg,scoiattolo
OIP-76-YcKQApRKh-XA9eakmtQAAAA.jpeg,cane
OIP-76cOGCyVzwb5WN5Oikd5jwHaHc.jpeg,gallina
OIP-76qLCucFcaDYnUiOdXEcygHaEo.jpeg,gallina
OIP-76Z6xdwRpT8-Xmlz9PzNbQHaFj.jpeg,elefante
OIP-77dKb3iJl5xHGAEhtek0TgHaE9.jpeg,elefante
OIP-77L5HkOUvistitI8vrRFCQHaFj.jpeg,elefante
OIP-77SYispFkKC5TQdFVsGtpQHaFj.jpeg,ragno
OIP-77YsotVJWAf0RgtVV8aCsQHaHg.jpeg,mucca
OIP-78_Ti31ahXDU9-WSge7RwwHaFj.jpeg,elefante
OIP-78a5INoBO4OFpvSPi1_GbAHaEj.jpeg,ragno
OIP-78I-MaEPyU-Gtw73zMeLUwHaFj.jpeg,gallina
OIP-78NkZuqDVUfXDOzjE66u8QEsDH.jpeg,elefante
OIP-78PYdMhCBFMo5T7UpqE4QAHaHM.jpeg,cane
OIP-78T43oUtWOUoKGThctbivQHaE8.jpeg,mucca
OIP-79I7SZGRi6fLiK9JDPKh4gHaE-.jpeg,gallina
OIP-79rLNXjENKDQotnKJoZUugHaGL.jpeg,scoiattolo
OIP-79S2gUjKkPzYL4gX0eS5wQHaFw.jpeg,elefante
OIP-7_KQyymjYrcXV9GEGI_e9AHaE2.jpeg,gallina
OIP-7_OqFqfwEPTu1iJfdO6ugAHaGh.jpeg,mucca
OIP-7A_LeeF4USAfAxQfO0S0FQHaE7.jpeg,gallina
OIP-7adhp2NhAygEfpUesxHgmgHaHa.jpeg,pecora
OIP-7AkIFfHUYSHfJ_co-ewETAHaFj.jpeg,elefante
OIP-7BjvkeeJ0zsPTEbKW_y57QHaLQ.jpeg,gallina
OIP-7BLdrjw0PPYQ10Uz3WOuIwHaE8.jpeg,elefante
OIP-7bZOjP5AF-aUIXK-JPLPCwHaE8.jpeg,elefante
OIP-7cL3MRF2Ck_F5QiunlVZLgHaFc.jpeg,gallina
OIP-7cywJo2LJiG4ZOQciZ1DPQHaEK.jpeg,cavallo
OIP-7dQ9L3_VfFNgQeqRSfw7KAHaEy.jpeg,elefante
OIP-7E5bMX91tYh5mXFckL0vpgHaGR.jpeg,elefante
OIP-7eDy3xBbvHSpsUFYrCWWHAHaE8.jpeg,elefante
OIP-7ePvhziogm0pMkiCMfnhRgHaFR.jpeg,elefante
OIP-7Es8P_OjyihqAwzcTBW0ZgHaFj.jpeg,cavallo
OIP-7F-J3StLbpuvzRxrdT7lewHaIq.jpeg,gatto
OIP-7ffVhGJkMUtJ0wX78-SbEQHaFj.jpeg,ragno
OIP-7fTsd7KLtePOn8hiwK1BTgHaLH.jpeg,farfalla
OIP-7fxA0cU3mBtA1JtsWP-S6AHaHb.jpeg,gallina
OIP-7g1L54CAtj-2jyDCwmQWpQHaE2.jpeg,gallina
OIP-7Gosw5fUK1e0WxIn7W6wfQHaG8.jpeg,elefante
OIP-7gvkWqrrsXS1-pY1gCfkAQHaH_.jpeg,elefante
OIP-7GYMxeQDGGWksRK4Ay4qnAHaFi.jpeg,pecora
OIP-7HtBKEscCnKwW-ZxdtAOqwHaHa.jpeg,gallina
OIP-7I2XmkP_XvIqnYdsqsYulQHaI1.jpeg,farfalla
OIP-7ib3iPAz7MQtQW8yZl_N5AHaMN.jpeg,gallina
OIP-7IJL0RC_t9bHVbaqePMzlgHaE8.jpeg,elefante
OIP-7IOHRDad1aXQhy6PxsXEXwAAAA.jpeg,gallina
OIP-7IrqjAKWyYHF9B1AST3mjwHaHX.jpeg,elefante
OIP-7J--lOOQomnyEDyyh_QAYwHaHf.jpeg,gallina
OIP-7j23w9xzGtJwZwqTbMYU0wHaE8.jpeg,elefante
OIP-7JbG1llhRUAdTtBnP31nngHaEo.jpeg,farfalla
OIP-7kmU4irfs71YAM6QrPr8hwHaE7.jpeg,elefante
OIP-7knKStGzZy6lrnm0hjNnNAHaE8.jpeg,elefante
OIP-7KqZGmykCofEfQGieGLnRwHaD6.jpeg,elefante
OIP-7kY99ct-9r64M_K7a7BHtwHaE8.jpeg,cavallo
OIP-7lgPjd78Jr_GVdZcvbKVvwHaE7.jpeg,scoiattolo
OIP-7LPi2DA3hx97NmtybyT7wwHaFj.jpeg,ragno
OIP-7LrOsUo1Rn5yGSJetml-RAHaFj.jpeg,ragno
OIP-7Lx7DVoOf44FlaopqbsLLAHaE9.jpeg,pecora
OIP-7Ly9W9Pgfhm59IMX0DfD2AHaGe.jpeg,ragno
OIP-7M0vs4l4j_ta3bkjSRG8BQHaFj.jpeg,mucca
OIP-7M4pRiZ4ZTzZ1bJ8P_TkVAHaHi.jpeg,gallina
OIP-7MSdwYlOWuTG0zgohdmuUQHaFj.jpeg,pecora
OIP-7mWJzYwaSlQiyFYOsNzQJgHaE6.jpeg,elefante
OIP-7ncyLp9e_188ufYGo4RVVAHaED.jpeg,cane
OIP-7nE58ZRQG7mWCYYOinOuRgAAAA.jpeg,pecora
OIP-7NFGONcF8Stw8FlQ1tICiwHaKe.jpeg,elefante
OIP-7nQM7yTnjxF--RBHymKZ3gHaLJ.jpeg,cavallo
OIP-7nygaOylkAjZmJ24r5eFSwHaGd.jpeg,mucca
OIP-7O1k4s2dW7-41uJ2LBixdwHaGz.jpeg,gallina
OIP-7OullDOengOsOwV17Gb78AHaH_.jpeg,elefante
OIP-7OZ5a_Ka0lm7PfSbRKYsOgHaG_.jpeg,ragno
OIP-7P0p_8I_qK807yRNjxoTnQHaF7.jpeg,pecora
OIP-7P4ZF_twtHtAkKbfDr69YgHaFj.jpeg,elefante
OIP-7PqJt49FvKnMNVGJ-Y0s5QHaFj.jpeg,scoiattolo
OIP-7QDxXt3WYviujGWRjUyybQHaEo.jpeg,elefante
OIP-7QtnHIkVGFv4W4nmzscQRwHaHA.jpeg,cane
OIP-7RF5swNLVI-WutU6z3L0PAHaGG.jpeg,scoiattolo
OIP-7rwYg4MvH6_EJkUqg0ZB6QHaG2.jpeg,pecora
OIP-7saa3tOSBml0IbLTVth6iwHaE8.jpeg,gallina
OIP-7Se33NpmGRPU84WcA3f9EQHaFc.jpeg,elefante
OIP-7sFCz4J1Ofbb_2hU7DUXWQHaFD.jpeg,cane
OIP-7sfxDwou3-uVAXLTb-nITgHaFR.jpeg,pecora
OIP-7sUlVno4kXrCJGy9v6AeMQAAAA.jpeg,farfalla
OIP-7T0-pvAAnGgSZ04sGpPf5AAAAA.jpeg,cane
OIP-7teQs80OJxfYnLURs_1EhQAAAA.jpeg,pecora
OIP-7UDX2UYa57kfhiYbC_qc6wHaJX.jpeg,pecora
OIP-7UF_4YywgtlcvylORxVLKgHaFj.jpeg,mucca
OIP-7uxRHlxHX2RqxS7TY2RQnAEsDf.jpeg,elefante
OIP-7UY9wNfCKotCRdlenamYYQHaGI.jpeg,pecora
OIP-7VFfOw4iL_ksVgdtvp4mEwHaLL.jpeg,cavallo
OIP-7vpStw3rU2tEQSYbTX9rNQAAAA.jpeg,ragno
OIP-7vZffpYpBvyx7mt9KAC_kwHaE6.jpeg,elefante
OIP-7W4zFP58EhGkTONafpiHLgFJC9.jpeg,elefante
OIP-7wEMPdJZUIc4OlmOQjMB0AEsEQ.jpeg,elefante
OIP-7WFDzYjoLvw607XfD2sZOQHaE8.jpeg,elefante
OIP-7WuLpvAlCBquytvSC_fOcwEKEs.jpeg,pecora
OIP-7xMEnJnIScxNurT2V1zyowHaE7.jpeg,elefante
OIP-7XRBK5gFC5kfB26sHUNIGAHaGD.jpeg,gallina
OIP-7Xru6rQVasWmK69ymxmzPAAAAA.jpeg,elefante
OIP-7Y60Rx9hN2UVpSzF27UsTAHaJ1.jpeg,pecora
OIP-7yaW9oozKDLyjTEM_MTi3gHaFj.jpeg,elefante
OIP-7YK-S-qOiEj590RXb4KY2QHaGe.jpeg,cane
OIP-7yn3DKg0ioOlfiFo_lkdvwHaH6.jpeg,gallina
OIP-7YnrV2CegztPYTJCfTLBcwHaE2.jpeg,elefante
OIP-7ZGns9pvcO8Dd2EoZyzu3gAAAA.jpeg,ragno
OIP-7zp6NfReXD50AydLG6j0VwHaFj.jpeg,pecora
OIP-7ZrYqD2XXQzzTIGjs0oEzQHaFS.jpeg,ragno
OIP-7ZsL7LHkQIXBzT0hLE3jNAHaEK.jpeg,elefante
OIP-7zSMjPJ5R2umgCVSg4P1QwHaFj.jpeg,gallina
OIP-7ZUE1_8TnH2xGhUODx1VkQHaJG.jpeg,mucca
OIP-7zwfA12hlzpWdVU_Vj_kbgHaE7.jpeg,scoiattolo
OIP-7zwzjASQi3SyX2wo4ziwwgHaFb.jpeg,cane
OIP-7ZXjMusna2TPO1Y8peYf-wHaFj.jpeg,elefante
OIP-7zZ4zCUyt2021hPuhZ1jhAHaFj.jpeg,cane
OIP-8-1tsGyFn5ESzDYvPfjBUAHaGJ.jpeg,mucca
OIP-8-7hNE6Lv6TmH9y1dmWU1QHaFj.jpeg,elefante
OIP-8-F2J392BH24s4GZJ5qQLwHaFj.jpeg,gallina
OIP-80JmuJ1TPXIBgv-HPaoE3AHaFj.jpeg,mucca
OIP-80n45BIJFJ3egbwA5JWb7AHaEK.jpeg,elefante
OIP-80yUEkbZNPpK_lng8xAJmQHaFj.jpeg,gallina
OIP-80ZMnDWor9jfFGWDYWpEGAHaLK.jpeg,elefante
OIP-81E4jNWV0NSu8Aehps2TXgAAAA.jpeg,elefante
OIP-83Lr58Tg5iLResrl9limcQHaFj.jpeg,gallina
OIP-83sn33bOLNVpDaqJR3eo0QHaE8.jpeg,elefante
OIP-83wRsZ6W7tmwFzchPBUDfAHaLG.jpeg,gallina
OIP-84Kt3rzrZmdJkeIEOmKTtQHaHx.jpeg,cane
OIP-852R_d_fLEfzmF9M7lrsuAAAAA.jpeg,pecora
OIP-85KnilxdXHdtyOUx-ikP1AHaEK.jpeg,scoiattolo
OIP-85TFiYqyfhiigJxj7PZP7wHaGh.jpeg,pecora
OIP-85z5txh46_qHl1_V9JUa_gHaHN.jpeg,elefante
OIP-868muxIPaYP9j6mEMbig4QHaFL.jpeg,elefante
OIP-86BWB1u5fZ7-mSNuiUMtYgHaFj.jpeg,mucca
OIP-86gwq9EkSsLZAIlmiG5IqgHaF7.jpeg,elefante
OIP-86XegdstpK11iSKnWurodgHaE3.jpeg,pecora
OIP-88cWzjrc7eUBPdFUVHXM-QHaFj.jpeg,mucca
OIP-89asCLfqVX9Y8ibOucuOXwHaFR.jpeg,elefante
OIP-89wG0FP8toFeQnl_T4jOvgHaGN.jpeg,farfalla
OIP-8_saBW0FlZ8bhmUK4sWaVgHaEK.jpeg,mucca
OIP-8aaNX6ooUNRAs9gPDUoIjQHaEQ.jpeg,cane
OIP-8aLnXf5oYBGtj09eGZQSDgHaFh.jpeg,gallina
OIP-8aMp8VFjR0nW5J-dEeKsWAHaF6.jpeg,cane
OIP-8AUm3lsvLbeegOz5EkLwBQHaF_.jpeg,elefante
OIP-8c54_UHJSbnjWeCaBJtSdAHaFe.jpeg,ragno
OIP-8cm3s5HkieBBXwwcCDvolgHaHa.jpeg,cavallo
OIP-8d-BSQQxxmWkNIW7anD_bAHaFj.jpeg,gallina
OIP-8D4LIFQse5P23Y58c3kKMQEsEs.jpeg,gallina
OIP-8d6H5k4ef_X149RFW4nNmgHaEc.jpeg,elefante
OIP-8dAwBeNxkcap2Y7aTpRwMgHaFj.jpeg,gallina
OIP-8dggVcSxV72epWU5rTYIogHaEK.jpeg,gallina
OIP-8ededrnDM9Ioa686VrB2cgHaE8.jpeg,elefante
OIP-8EEP8nbPWf_k1fR_5gdTYgHaEK.jpeg,gallina
OIP-8FILqsoICJ5zgtqS8XlKRAHaEI.jpeg,farfalla
OIP-8Fz9n_DQ0HGnwTUbaI_KcwHaI3.jpeg,elefante
OIP-8GfbxITVCXTbpMHjkchrMQHaHa.jpeg,gallina
OIP-8gjFNj9P3A6kxH4V7uAynwHaHl.jpeg,gatto
OIP-8gO1XnTgHOyDB6dl-HIBQAHaHa.jpeg,pecora
OIP-8gUQWpU-iZqC72jnYNfi0wHaGZ.jpeg,scoiattolo
OIP-8gxuGcPcF9z_X62ycDP1zgHaE7.jpeg,scoiattolo
OIP-8H9mhyvRoZwn7SupNkNRswHaHq.jpeg,elefante
OIP-8HBCxwmOblZO_1JUgFyIDQHaFj.jpeg,cane
OIP-8hQP-ZGHLofJeddNVwiYhgHaJ4.jpeg,gallina
OIP-8HwJHhv48p2_pbBQjDc2CAHaE7.jpeg,gallina
OIP-8HY2T4G33AspXy__ONrquQHaF7.jpeg,pecora
OIP-8HYOzTAg5uy9GeQTqWgV0QAAAA.jpeg,cavallo
OIP-8iF0x8tIJRp9L2JxltQEsQAAAA.jpeg,pecora
OIP-8ipSCHYMIOeGPhMQxW_XrQHaHf.jpeg,gallina
OIP-8iY7ZVFjjGv9ugrRTUpUZwHaFj.jpeg,gallina
OIP-8izNfyQWLo4PfaELbucNWQHaFj.jpeg,elefante
OIP-8J-j2TNzeg1zystktzinQQHaFe.jpeg,elefante
OIP-8J_Uq-DMWKM0-EMs7OzKfAHaE7.jpeg,mucca
OIP-8Jf9E2kUmQj6zt-ZBpvK0AHaE8.jpeg,ragno
OIP-8jiM4mnneAkgLquF8-JlCQHaEL.jpeg,cane
OIP-8jMHIdWxND3Y6gLdbYATFwHaEK.jpeg,elefante
OIP-8JZ9RUUAy1lVcCKc7P1SyAHaE6.jpeg,scoiattolo
OIP-8kiophqhf-Td88VIbzoawgHaEK.jpeg,mucca
OIP-8LENM2t2uISaOnTxIqJEqgHaEK.jpeg,pecora
OIP-8lgcY__IEwVybYkfnS0-EAHaFy.jpeg,elefante
OIP-8lKdgCvmB-XVJ6sQIAFzIQHaHv.jpeg,gallina
OIP-8M947971iDj_BkA6YiVm9gHaE8.jpeg,pecora
OIP-8mp4xDeWEXYZmE3SSlBh2wHaF6.jpeg,elefante
OIP-8n-fvDeoPq1HZ6AHNLgC4wHaH0.jpeg,gallina
OIP-8N2KxQGvXBrNUzYtt-gflQHaHj.jpeg,mucca
OIP-8NPJsCNXQKb3dGjbYjqzbAHaHa.jpeg,mucca
OIP-8ny1oayczqOagvVcdlG5BwHaE8.jpeg,elefante
OIP-8O9ALZLxAWAUbSzD07sdFwHaHa.jpeg,cavallo
OIP-8olr2aNPR2bEx__c_3c21QHaE7.jpeg,gallina
OIP-8OMQ5pSMi_uv-Wc55V2iTwHaFj.jpeg,gallina
OIP-8OyFw2RNcyztx1rLyHjboQHaEJ.jpeg,elefante
OIP-8pBn3WchmnEhFjqp5E81jgHaFg.jpeg,elefante
OIP-8pMF_7AciNfaKgdDGFMJlwHaHS.jpeg,pecora
OIP-8PmnmK7F_vrfXwdo1ERnxAHaFj.jpeg,elefante
OIP-8PTXN0qTY1W4ZTJuW9JZSQHaEZ.jpeg,gallina
OIP-8PyK_IE4ohJC3Z9xIldYKgHaFj.jpeg,gallina
OIP-8q67guv7hGMkO_o4wRz0GwHaKv.jpeg,elefante
OIP-8QA7gZH3j9XxeMxtIMWVewHaEZ.jpeg,cane
OIP-8QH92rD3UKzUJe3yowMXfwHaE6.jpeg,cane
OIP-8QzpzRweC4ut5BHr7UL-1AHaFC.jpeg,elefante
OIP-8R-FAGg_IBJzwAEMG1e5JQHaFj.jpeg,farfalla
OIP-8r6NJnqDHBy3RW4nYUc-0wHaF3.jpeg,elefante
OIP-8R83GWDAESupfciTA1nkmgHaFc.jpeg,gatto
OIP-8RduEjrPPRoIxHyxcyG3HAHaE8.jpeg,elefante
OIP-8RLRHEa3fECZmevPnlrqtQHaFd.jpeg,cane
OIP-8Rlw7wmrmR0IOkOks8twvQHaFj.jpeg,mucca
OIP-8rra5v6ywoqrW2dz0eG2egHaFt.jpeg,farfalla
OIP-8RtbWSRUiz2NGTyI0v0Z-QHaGA.jpeg,elefante
OIP-8SaLLzx52m0g01IFCd9ixgHaG5.jpeg,farfalla
OIP-8Si_pOuZsqyISrKqoL9H4wHaE5.jpeg,elefante
OIP-8Ss8AZETDgyhczkCYltXYQHaD4.jpeg,cavallo
OIP-8T-VpyiOjdUHyG46NeNdlgHaHI.jpeg,elefante
OIP-8TERD5bDQ8wQloNTdnr-cwHaHa.jpeg,gallina
OIP-8TkCLjiDVXAQDR1qPWqKzwHaE8.jpeg,elefante
OIP-8TkMxktD999ofguBUsV5pQHaFN.jpeg,pecora
OIP-8tmZAmdi_sAV40BLqQQYBQHaE7.jpeg,gallina
OIP-8tzcL22ZLhYTbiSHnYHnGgHaLG.jpeg,elefante
OIP-8U9BW3-TKoTGQ9tb1fUytwHaFj.jpeg,scoiattolo
OIP-8UIUzwFIopzNLY_pP76iWQHaEK.jpeg,pecora
OIP-8Ul6qT7-NH5X4pE7CiABBgHaFi.jpeg,ragno
OIP-8v7SBk5i48l270z9yB68fQHaE8.jpeg,elefante
OIP-8V9_3VNi56xXqzAk2OBS2gHaE-.jpeg,elefante
OIP-8VenYqsCej97cBuvQcOSKAHaFj.jpeg,cane
OIP-8vgUxvdTAv70JISnDHdswwHaHa.jpeg,cane
OIP-8VKl5RwEOjsBOP2f8EE0IAHaE8.jpeg,farfalla
OIP-8vNHLj0tcH3hXEMmaOA54QHaFj.jpeg,ragno
OIP-8vnKPrQ2djJ5IFk6BlHASQHaE8.jpeg,gallina
OIP-8VnxeC4uiewW4gV9a_m2DwHaE7.jpeg,elefante
OIP-8VrKbOW04dLIwrTar3Jy2wHaFD.jpeg,ragno
OIP-8WeaRmFex3GzN0LdQciOBgHaEc.jpeg,pecora
OIP-8wGLKxE3CtgtfOsh7ZUqnAHaE6.jpeg,elefante
OIP-8wLEl3hn-6rnk_yHT51OhAHaFy.jpeg,gallina
OIP-8Wx2pd034J_7eU4WnL-nqwHaFj.jpeg,gallina
OIP-8x8m3GXDlDdthPEIWmLdtAHaHa.jpeg,elefante
OIP-8Xbv6lcHBI2DlbcOEaRxeQHaFT.jpeg,elefante
OIP-8xKfc3nI13OWshPUA_4OAgAAAA.jpeg,scoiattolo
OIP-8xuBheJ005IQfZu0I-RO7gHaEE.jpeg,ragno
OIP-8y3WVFGb3vLmRluLOFpOagHaGc.jpeg,elefante
OIP-8Y4x0kZzbHVCA7os6NxThAHaF7.jpeg,elefante
OIP-8yYcfF9p0f7xlm4cHmcrawAAAA.jpeg,scoiattolo
OIP-8YzaXddi8scg2vTz-MtHLwHaE9.jpeg,elefante
OIP-8ziDhe9_X3WF7__-m15HVgHaEo.jpeg,elefante
OIP-8ZJGoUQ5azPRDw-D9UtH4wHaFk.jpeg,gallina
OIP-8zqg3UfXZdhp8Sej85BSwAHaFj.jpeg,gallina
OIP-8zwMUIBZj9UNQ-r4AzabwQHaE8.jpeg,cavallo
OIP-9-96TsYs8FVnfnEh5YJLCwHaFk.jpeg,gallina
OIP-9-Q6I0rOdkWYBqasqYFXowHaFY.jpeg,elefante
OIP-9-tK_UFaFuv7EOV34QiuAgHaFn.jpeg,farfalla
OIP-9-UiyoE5JHMZJu76v2gRMAHaFk.jpeg,gallina
OIP-9-yjDd2dxynZmzzg0W0KwwHaHa.jpeg,gallina
OIP-90DkHh4h5JvEo6Lr9u9nkwHaFj.jpeg,scoiattolo
OIP-90mmZnYqIcOcIA_vXEEXgwHaGb.jpeg,pecora
OIP-90ZUK9wtuujjxATIm8KWYwAAAA.jpeg,ragno
OIP-912RLKMsAnYZ-TJ209dHbgHaFC.jpeg,gallina
OIP-91rXUGUFvETC4CCyLqNsUgHaGy.jpeg,cavallo
OIP-92MqYQVcRC4GMKfoeEy6mwAAAA.jpeg,farfalla
OIP-93BfRYv37ndRZKnIVOggXgAAAA.jpeg,gallina
OIP-93InCHFyWCGFeIElampe7wHaE8.jpeg,elefante
OIP-93ZdgDE_h_SoeFcQmTU9rgHaFg.jpeg,elefante
OIP-94gtM2dl09f8XF1aT_e4EwHaE8.jpeg,ragno
OIP-94mc1oylZCsXP6lP35P5SgHaFd.jpeg,gallina
OIP-94saky4GOXQdSTXPnfJyywHaG6.jpeg,gallina
OIP-95BHWjlx5-K69X6VFgFKxgHaHY.jpeg,gallina
OIP-96Ncvo71-DrmnY82hn651wHaHa.jpeg,gallina
OIP-97N9Q2QVq-U1j6BKw3pPxAHaFS.jpeg,pecora
OIP-98N8jFWtxL-uk4P0Svjt2gAAAA.jpeg,elefante
OIP-98u7C9CM3AeHPZbhjLqNLwHaFj.jpeg,scoiattolo
OIP-99tNzeX4-NcRAGN-U1H-IwHaE8.jpeg,elefante
OIP-9_84tulKUlkQVYRzFxRVkAHaHa.jpeg,mucca
OIP-9_oVm9ssR5lF5yj100ycUAHaFj.jpeg,gallina
OIP-9_Uo_t2dEcP7pra6VM_04QHaJA.jpeg,cane
OIP-9A_1bHNgDEBL9knlRe0ncQHaFj.jpeg,elefante
OIP-9AdNcpetffoqoU56p_FVPgEsDS.jpeg,scoiattolo
OIP-9ahuXBUuBhX-yMOs0hlTWwHaFj.jpeg,scoiattolo
OIP-9aWNXWvEL8Pj4XfH-TpSFAHaFE.jpeg,gallina
OIP-9aXpHT9972yr42hPFSbLyQHaEK.jpeg,gallina
OIP-9aYFZssKmOQzVs_9_riaWQHaFj.jpeg,farfalla
OIP-9AYksAnfB3WyiQ6LyxM1dAHaE7.jpeg,gallina
OIP-9aZvT-uYKnAejiQ8q_r6MwHaFz.jpeg,elefante
OIP-9brvwgXejHazLYB8ntvYkgHaEo.jpeg,elefante
OIP-9BUbj3feYkwsqIg5DyZUsQHaE8.jpeg,farfalla
OIP-9bXIieEyt7pPtfG-XiqyLQHaEK.jpeg,scoiattolo
OIP-9bY5pwrGgA5Gp5r_v73iVwHaLH.jpeg,elefante
OIP-9CaYsbTJTFBWi35sg8c2wwHaFj.jpeg,ragno
OIP-9CJCX3DUKnsLyeTEhjP5wwHaFj.jpeg,scoiattolo
OIP-9COCmTcGrEeSDlUe2ItoyQHaFj.jpeg,gatto
OIP-9cTpQ9GjnczLWwIqLDhX0QHaE6.jpeg,cane
OIP-9cWMlrin24BfYI0rcarrWgHaJr.jpeg,pecora
OIP-9DcS1-s-Z0Zh-cdpQFgz3wHaMW.jpeg,cane
OIP-9dD9Fn8Xe0wkzX-APVmqBQHaFe.jpeg,gallina
OIP-9DseoqsJuXewoXS5Z-e_BAHaHs.jpeg,ragno
OIP-9dWF8Tkm7n2L-AlSWKA4cgHaE7.jpeg,elefante
OIP-9DYEHfFeHelGRlMZvWQNaQHaEK.jpeg,gallina
OIP-9exg1B5B1iXkH8K3-Lrk0AHaE8.jpeg,elefante
OIP-9f2L3wNqjueMePFvKdXMOAHaE8.jpeg,gallina
OIP-9FHJ8IMu81PETHcHAD68rgHaG2.jpeg,farfalla
OIP-9FnZH9BpilpCX2IfxPZSCwHaFj.jpeg,elefante
OIP-9g3ezJks7vJFnD6KvAOi1AHaFj.jpeg,elefante
OIP-9gay6rJDm9Hz3X25yxvMkAHaHE.jpeg,ragno
OIP-9gr3Koc4XYOxY7Wqj0xPYQHaEK.jpeg,elefante
OIP-9gTFaTmu4tGFmiNPMCrQNAHaCc.jpeg,elefante
OIP-9gYeF7ZLBM9_hc4zebIjKQHaHa.jpeg,elefante
OIP-9h-E4IKsB1v4r125-mFv5wHaE6.jpeg,elefante
OIP-9h4KjRP8rTdpMH3oud20GgHaFk.jpeg,pecora
OIP-9hESrJ9O_GehhnJOiiLaIwHaHa.jpeg,gallina
OIP-9huue4hZB6jy7zHW5UGt7gHaEK.jpeg,scoiattolo
OIP-9I7XZqZMqY-Wou7zVUZ4QwHaHa.jpeg,cane
OIP-9InnwuXDbsBxGHaAKWwxsAHaE8.jpeg,elefante
OIP-9j-XNTdzkfPs8nin1md1jAHaE8.jpeg,farfalla
OIP-9j0jBz5wwwsg2fH_gRf_swHaFf.jpeg,cane
OIP-9JOO_zFeSgjgSLakt-9_UQHaE7.jpeg,cavallo
OIP-9JR-d-IH3HfqKb2KBs7y_gHaE8.jpeg,scoiattolo
OIP-9K_49sl81D1Xn9VMQ5G9NAHaF8.jpeg,gallina
OIP-9Kbv_l4uEDN12pdejl9ymwHaEK.jpeg,farfalla
OIP-9KMOrasuzShTUl1Igk3LugHaFj.jpeg,cane
OIP-9kTfy87Gd5dQqLGCjbg7-QHaFj.jpeg,gallina
OIP-9Kx8yPFqMiMP2P7rBm_PXgHaE8.jpeg,cane
OIP-9kXGvV_wMBEtLca7Bp-8vQHaJZ.jpeg,ragno
OIP-9l4uKfJJWNIzDLp_39UupAHaEX.jpeg,cane
OIP-9l6h__mLGnFaHDVMxbzzUQHaFj.jpeg,ragno
OIP-9lWUGNICJ8KJjFITFz4wtQHaFh.jpeg,gallina
OIP-9Lx9dNfUqW11UXKm9x_0_QHaE8.jpeg,pecora
OIP-9LzugyYwXteV7AQGvEnD3AHaE7.jpeg,farfalla
OIP-9M4bYcjmxcV6GKmtMRTYbwHaD4.jpeg,pecora
OIP-9mfiEfDHtPdIiPKre5nkaQAAAA.jpeg,elefante
OIP-9mG-VHh8HstW7mWi_NVbBAHaGr.jpeg,farfalla
OIP-9mO0irvCeqqbTVdN0WPn0gHaE7.jpeg,elefante
OIP-9MVYrsSBV713uuFkO7yxXQHaI6.jpeg,gallina
OIP-9N3Mfe7H_DoIOr5wQM-LhAHaFh.jpeg,elefante
OIP-9N4pM-_7zLzoH0CeccQmQAHaGE.jpeg,elefante
OIP-9Nmn-_KQVtc4VrDz2G9ivgHaFf.jpeg,farfalla
OIP-9OnPmCKrbb7zY2bjGlziywHaFj.jpeg,gallina
OIP-9OrxXJIQDxk4BNwVDF_LYAHaG2.jpeg,elefante
OIP-9Ov_bG5-GmrZsERzzynBQgHaFj.jpeg,gallina
OIP-9p-RIiCmL_ajnfgAsWEHdgHaE8.jpeg,elefante
OIP-9p5nlorKdSoXY9OBwaih4gHaF6.jpeg,gallina
OIP-9pAt_3rOBYrYkzVr-x-F4gHaE8.jpeg,ragno
OIP-9pE3z5tKVDTpSLgpXF0qMgHaFn.jpeg,elefante
OIP-9PL3oIfQLASBFW31FK9S7wAAAA.jpeg,ragno
OIP-9PSzsbrPPa8rIn9590fZpAHaHa.jpeg,gallina
OIP-9QaabWmlEb6ZBImKBDuk4AHaFV.jpeg,gallina
OIP-9Qybi3ZDtOAP2mJ2wQGmZQHaEz.jpeg,elefante
OIP-9QZaOUAMo_GXcUXfLaImqwHaJ4.jpeg,scoiattolo
OIP-9qZCws3TA9GXhkV-I_b69QAAAA.jpeg,cane
OIP-9r0OBTmofQqIeea3UJq6SQHaFh.jpeg,cavallo
OIP-9r48QNfM2eddCZv0B52WWQHaE8.jpeg,elefante
OIP-9R4oUNFVRhjVZ9yMLY_uJQHaHm.jpeg,ragno
OIP-9rRnemxJReEpRdB_-tx5XQHaGe.jpeg,ragno
OIP-9Rt8-hwKVBq1CLSGhN1enwEsEP.jpeg,elefante
OIP-9sFa3csY9lIyZNbRv1DIXgAAAA.jpeg,elefante
OIP-9sFaUuWQiUuXxaaar1-47wHaE4.jpeg,elefante
OIP-9SOhYZjE7oQrXRO9_hTZqwAAAA.jpeg,gallina
OIP-9st63KEyyL2L8G9qSqHjbQHaFf.jpeg,gallina
OIP-9StAGjbop--m-uwM9wFh9QHaFZ.jpeg,cane
OIP-9svlNZpfrgD_PvaCdU4-RAHaLQ.jpeg,ragno
OIP-9t0F3z6NC9QSacGMI2SzsgHaFi.jpeg,gallina
OIP-9TEViPefpChR06ZeEHfnuAHaF7.jpeg,gatto
OIP-9tRMI-pCZ3ERnVXYF45RmQHaE8.jpeg,elefante
OIP-9TuTjDDj2gqYw_aBm22-8AHaFj.jpeg,scoiattolo
OIP-9TV32i726ngRkhqlpLWeRwHaEK.jpeg,elefante
OIP-9uNSkrD8wxAZ3IxP9LuVIgHaHa.jpeg,elefante
OIP-9V_wgCYomo7rT53UNAoY5QAAAA.jpeg,elefante
OIP-9vs56_JY6UhndmDvpr8PPQHaFj.jpeg,elefante
OIP-9vtHj0yOs71qYuLA9RkqkgHaF7.jpeg,gallina
OIP-9WA-c150wHpSkKNd3Fd_QgHaFj.jpeg,elefante
OIP-9wepJXqpjsMXoagFfs53eAHaEr.jpeg,pecora
OIP-9WIEE8BiRt125RUc1SxihgHaE8.jpeg,gallina
OIP-9WQ9PquxZc6CJOOB-82_JwHaFI.jpeg,pecora
OIP-9WrqZgw3tTivMDh_2QGeKQHaEz.jpeg,mucca
OIP-9x-mFhIRoyk1SNYRdG1JswHaIy.jpeg,mucca
OIP-9Xf9ty4muXlbvx2FtSsnkgHaFj.jpeg,scoiattolo
OIP-9Y54SI9pc1FEE_WhPcG1ywHaFF.jpeg,elefante
OIP-9yDPeVjZ8jQ3kOo5O9zwJAHaDb.jpeg,cane
OIP-9yH3HcjFpl5Dng4RxTmH6gHaGp.jpeg,ragno
OIP-9YhFZwUBH7tMee1Djp-NEgHaE8.jpeg,elefante
OIP-9yM2VXaq5LgoBElWGH7fMgHaGK.jpeg,gallina
OIP-9yQeSj0WmiYhOdF4tN8CWQHaFe.jpeg,gallina
OIP-9YQtmjh8PfrHzHl67Xab1QHaFj.jpeg,cane
OIP-9Z9wd2nRaZPIxr6K-iPZhAHaE8.jpeg,elefante
OIP-9ZByUNCCa6FHdDBftEhvNAHaFj.jpeg,scoiattolo
OIP-9ZJl7aqCjMNFtmovBjnu2AHaFj.jpeg,elefante
OIP-9ZwRJ9mFx1D8b2NJZdKl7QHaFj.jpeg,scoiattolo
OIP-9zWy69X7TxWu4dQhmay1owHaGk.jpeg,pecora
OIP-_-5DDAGLz1A9FyrB0FLdgwHaFw.jpeg,elefante
OIP-_-AtcUnGMN6ht4EYKmgkXgHaE8.jpeg,mucca
OIP-_00rBolciLYFXcWGfhK7kQHaE7.jpeg,elefante
OIP-_01xh7qI0nvypZLkOxGyIgHaFi.jpeg,pecora
OIP-_0frOH3lwxaRvEhKsGkiogHaFQ.jpeg,gallina
OIP-_0PoMJCRn51Al0YR3STdQgHaEK.jpeg,scoiattolo
OIP-_0WE8Wau3uPGRt8T3zom2AHaD4.jpeg,gallina
OIP-_0YC0pbR0XIolgpTaswWRwHaFj.jpeg,farfalla
OIP-_1Zlq8IuJjORr6HhIGetCQHaFj.jpeg,elefante
OIP-_2Il44HQzZrQQwqKl7oUOwHaFj.jpeg,elefante
OIP-_2s9bChal44D4sF0wd-pFwAAAA.jpeg,elefante
OIP-_30BsN9HOThMz1YNL6ow4AHaEw.jpeg,farfalla
OIP-_38-V4VJImOksP_8qvyZBwHaLJ.jpeg,gallina
OIP-_4Je19YqBjuLshOruR07AQHaFV.jpeg,elefante
OIP-_4xQfMZofBLJHN-EjvNIbAHaFa.jpeg,elefante
OIP-_57MIKuQSclDyfJ3ODByaAHaFj.jpeg,elefante
OIP-_5Em--O1RA44HxiWK_ybawHaF4.jpeg,gallina
OIP-_5GCQGVN9m7ed1UX_dUtTQHaFv.jpeg,pecora
OIP-_6CJGv4_77hKyrXuGH4pTAHaE7.jpeg,gallina
OIP-_6nGcxYL5ogpKiw3Q5PE3gHaFs.jpeg,pecora
OIP-_6P0ji5TgrqLriQ1IHz-IAHaHa.jpeg,elefante
OIP-_6ptUwl2CXPTS6Kqd8yTFwEsD7.jpeg,ragno
OIP-_6Rc2FXOSBnWvJHlGQX2EwHaE8.jpeg,pecora
OIP-_6rwQJccAbxntDlKJMo3xAHaKM.jpeg,cavallo
OIP-_70RDqJmC7ljmaNGblpF0QHaEx.jpeg,gallina
OIP-_7azUmSrj5WRPxxt4zgtIgHaFJ.jpeg,elefante
OIP-_7WYWxQJB2hxKgz3yWs3JgHaFS.jpeg,elefante
OIP-_82Gy46U8XAWuoXiyps_iwHaE-.jpeg,ragno
OIP-_8dqyl0oAA2yeU9_PJxsvgHaGD.jpeg,gallina
OIP-_8wFwT3vtv2H_uOLAo6jNwHaE9.jpeg,pecora
OIP-_9BjMsv3D2hGKOK4c_cvtgHaE9.jpeg,farfalla
OIP-_9LuUSC3DLHLJQUqAMSyxgHaEJ.jpeg,elefante
OIP-_9mwAP9EkNcpd08g6A4XawHaFj.jpeg,elefante
OIP-__qGFqKHtvSOtNIkBy4zywHaFj.jpeg,scoiattolo
OIP-__qj6cVsZczVe8U0H1MaLQHaFG.jpeg,elefante
OIP-__wtYf6sbvlOlMBMHyA3OAAAAA.jpeg,cavallo
OIP-_adH6bC4PmNlkd_C926DsgHaE8.jpeg,elefante
OIP-_axfJea6fU2Qhl34OsqfoQHaFj.jpeg,cane
OIP-_aYENWAdCznjdk-VV5vDlwHaFx.jpeg,ragno
OIP-_AYrNh004hMc_e2Q77WUJQHaLH.jpeg,gatto
OIP-_B6CgFEjzBAfx-reN05sxQHaFj.jpeg,elefante
OIP-_b7M9TMyyPRiNxAbf_EmkQHaE8.jpeg,gallina
OIP-_BAWj2euFvq4uhzDOfSVEAHaE7.jpeg,gallina
OIP-_C2PNdS78kIuYUyg5gD5oAHaFj.jpeg,scoiattolo
OIP-_CfAAHdwS_7kSIEuKo_LhQHaG7.jpeg,gallina
OIP-_CpnIC7q-X28XlFYzLeGjwHaE-.jpeg,mucca
OIP-_CpQEvdo_GSKmMByjqV2oQHaE8.jpeg,elefante
OIP-_CQqIFuqYBUN7Vj205cWBgHaEK.jpeg,mucca
OIP-_cwStB4RUBpoAm0dmJ0hIAHaFj.jpeg,gallina
OIP-_CygoxlOH2ORAFiulW4WpQHaFI.jpeg,elefante
OIP-_D6DvUUiXtOfiEQ7j-80EQHaEI.jpeg,farfalla
OIP-_dBx5gv5hTQ9z0yu8F6VcQHaFj.jpeg,elefante
OIP-_dEm1jF9v9WwKCO4rcDHbwHaFj.jpeg,elefante
OIP-_EaCX-zxGQzoZICekDzVaQHaE8.jpeg,elefante
OIP-_EFbuI6NO5_p1TclckVMHgHaMW.jpeg,elefante
OIP-_EG1HDWodhRylNWRbJjMaQHaFj.jpeg,gallina
OIP-_eLEUUzs_1SjidZ_ETXSowHaIl.jpeg,elefante
OIP-_EMhcRFPWpoRWFEhZB0cpgHaE7.jpeg,scoiattolo
OIP-_ev0sVE4jx9EIVnFRAcMWQHaE1.jpeg,pecora
OIP-_EVbG8aIl95u_WOlYf3k-QHaDf.jpeg,elefante
OIP-_fB4cX2rutPB9Q9BBrcCjwHaFj.jpeg,elefante
OIP-_FFtB_jYyQkB6cnXRJLl7gHaDf.jpeg,cane
OIP-_fFULVvrJ1pzZ5opnNfLMAHaFo.jpeg,mucca
OIP-_fRWnHsgKGVOMrqcSGlaaQHaEH.jpeg,elefante
OIP-_FTLVDgIOsVn2WacP5_K5wHaLC.jpeg,gallina
OIP-_fwokLb_Tpmj7UOicaeK0gHaHa.jpeg,cane
OIP-_G562eG_cNMABq-WqPrJWQHaE8.jpeg,mucca
OIP-_g6S259EXleTe3oDT79N0wHaFS.jpeg,cavallo
OIP-_g_M1TKsvau0Um-NVpZjCgHaE7.jpeg,elefante
OIP-_GIIBIozbpKZjMqf6rg5QAHaDJ.jpeg,farfalla
OIP-_GmIl90tmXb9c72orTGKEQHaJ4.jpeg,scoiattolo
OIP-_h0jUKxQREDeUk5ttHaY8wHaH6.jpeg,elefante
OIP-_HMe-wR-nwX6TXWG_DZHVgHaJK.jpeg,farfalla
OIP-_iQfAJXafptl_zzDPcRKAgHaE7.jpeg,gallina
OIP-_iuGTvzHiVMaxl_jVCgbzgHaKH.jpeg,ragno
OIP-_IW2yWbSJY0Jl6L_deKtXAAAAA.jpeg,gallina
OIP-_j8NKLs1XQyY3TgGUcNc8gHaGl.jpeg,ragno
OIP-_JAjp2YUwtnIMkoYOjPRKgHaFj.jpeg,farfalla
OIP-_jGCsnnw7_WgPGzTTJGa2QHaE6.jpeg,elefante
OIP-_JSASsAoNCi8Yi31z3u7SgHaJ4.jpeg,elefante
OIP-_ju1UCQJkai3LNRqWoaN6wHaJq.jpeg,cane
OIP-_kaxQLbgrzKnYcbxx8tqVAHaFj.jpeg,gallina
OIP-_kiyj8R2JYihtRF0_MURRQHaE8.jpeg,elefante
OIP-_kNU8jfJrt24QCgRcapmQwHaH4.jpeg,cane
OIP-_KpWu9kxE30jovKeO6yMlwHaGP.jpeg,farfalla
OIP-_kYbiTcXHdpAyx4Ph2rBLwHaFj.jpeg,elefante
OIP-_l1G_E04pweQ77eZHQYvqAHaE8.jpeg,gallina
OIP-_ldNZbUn7uMvIdsTA6bKHAHaIP.jpeg,elefante
OIP-_lEB2E_BnSgc4Peh-rZ3rQHaFf.jpeg,elefante
OIP-_lMnfPJB-OxB5XgC0dCGFAHaE8.jpeg,gatto
OIP-_LmQPyUbsmFe2W5XWabrcAHaET.jpeg,elefante
OIP-_lsGqgDWBe4VDPgw8DDkTgHaFj.jpeg,ragno
OIP-_LTqtCctZiQNdcmxKsvp7QHaEm.jpeg,elefante
OIP-_MeLvbFBblGSSZ2ksKsDNwHaGx.jpeg,gallina
OIP-_MncrI_hg7qp1G39b6RdOgHaFj.jpeg,ragno
OIP-_moRxThxwplTs_2AwF6hhwHaHa.jpeg,elefante
OIP-_n_3eZ9gsJ7N4lyjzPFmEwHaE7.jpeg,elefante
OIP-_Nf8PwjfoRif4N9RMu2O0gHaEn.jpeg,ragno
OIP-_nmIPiLyLE8tECp6zYFKrwHaGw.jpeg,gallina
OIP-_nNif40YJxEemPn2-MCF2AHaFj.jpeg,elefante
OIP-_nqCLsenEtFwA-57q57k_QHaJW.jpeg,ragno
OIP-_NXpKRXzkWBDB1dJETbBIgHaE7.jpeg,elefante
OIP-_oc6ePnvxzxC6FJwE6TxHQHaE7.jpeg,scoiattolo
OIP-_oLlGR00GY3Jxjq6aHbKrwHaFb.jpeg,cane
OIP-_oUu37JYZz5y7s1v9Sa54AHaHa.jpeg,gallina
OIP-_p9cI41Xf79rdSfyBYcLPwHaE8.jpeg,gallina
OIP-_pyUwWG1Gyb1Sr5v-SVk_QHaEo.jpeg,mucca
OIP-_Q9rGZkzXP0dqV0syzljBgHaE9.jpeg,ragno
OIP-_qh7qG7BvI7m-yU1HyADpQHaGZ.jpeg,cane
OIP-_qNBuQS2EXVb5478ITl5wAAAAA.jpeg,cavallo
OIP-_rEVXpNmSp6MMNJVhilRLgHaFj.jpeg,elefante
OIP-_rMOzD8-J2Am0NvqL05rNgEgDY.jpeg,pecora
OIP-_rPyHsjKUKda0g7nIhvcvgHaIH.jpeg,ragno
OIP-_RTMInUYdiybx3LAAM9FcAHaFj.jpeg,ragno
OIP-_s7hp8AbJLmAh4w8T_f2UgHaHa.jpeg,elefante
OIP-_shINE4hcbzelLi0__IkUwHaE8.jpeg,ragno
OIP-_sOEXsj-MpwS8NOWHU3vJAHaE7.jpeg,cavallo
OIP-_sWE7yrGOgpo-cYg1Duu3AHaFT.jpeg,elefante
OIP-_sxsE-LmIzrcxJVgS3G-vQHaCf.jpeg,gallina
OIP-_TdvP2Op3Meyz5TSlM1yFAHaFS.jpeg,elefante
OIP-_U7JiIoYjbWPqmmmmdsvJwHaF5.jpeg,gallina
OIP-_Uj2DhvKfUsRF2V0V9ufDQHaFk.jpeg,elefante
OIP-_unfNFDhfHPfDqcx46N1DQHaJ3.jpeg,gallina
OIP-_uuUmWvmWyx8tHdjJ_HPXwAAAA.jpeg,gallina
OIP-_uVsI4dJvw5grQhuU_GhxQHaFj.jpeg,pecora
OIP-_uWzl2a2VbiwVROZiitBOAHaFj.jpeg,gallina
OIP-_V1lmNthzvv6Q6iNooQA3QHaGi.jpeg,ragno
OIP-_v5OSTIwsko7X-ElRuf3yQHaHe.jpeg,elefante
OIP-_Vf9jXBnJAxf4gGsERpVaQHaE8.jpeg,pecora
OIP-_VIcHVm2xsDdeIcG1Om5CgHaE7.jpeg,gallina
OIP-_wDFEaRqVSJoD9Zku9LVzgHaEK.jpeg,gallina
OIP-_wDkdGdRLM-PtyR0mPhV0QHaG2.jpeg,elefante
OIP-_Wn8lOxSUjisOU4HZDEW2wHaEW.jpeg,mucca
OIP-_wSt69bP79S0-ZYDWzzm5gHaFj.jpeg,elefante
OIP-_X0LDqorGaXVSGV1wo0lUwHaHC.jpeg,elefante
OIP-_X5DG5EPJjcXGQNwNi874QHaGl.jpeg,elefante
OIP-_XTo_PganejtNU_34Qf-4AHaE8.jpeg,mucca
OIP-_yEfOnLnRFkLNROCEp6uYQHaDk.jpeg,ragno
OIP-_YhteqH1eojqiNVzyYf9SAHaFG.jpeg,elefante
OIP-_YJ6Leb7EKvGv_N_GDb2ugHaFi.jpeg,pecora
OIP-_yOgn7ZlG5BlAKGYGdo26gAAAA.jpeg,pecora
OIP-_yS9-9eIEztFUQgTqz2PVgHaGW.jpeg,gallina
OIP-_yUqpEJovWvPJuMF3oWJowHaF3.jpeg,elefante
OIP-_ZbJSvPHlAEP4YeyjtimhAHaJh.jpeg,mucca
OIP-_zeCexRhiH6YrXM1E6joOQHaFk.jpeg,gallina
OIP-_ZH0upO4IX2Ygm0SnHAu6AHaE9.jpeg,ragno
OIP-_zMo5Tuf5UyDimOFh9gDMAHaHa.jpeg,elefante
OIP-a-3U1846j_6rpMu9L6TVqwHaFj.jpeg,elefante
OIP-A0viMD9586cPx9Uq6ZTfBwHaHE.jpeg,cavallo
OIP-a17QoFsHGKcrk2_Do1BePgHaE7.jpeg,farfalla
OIP-a1_6p-aKhjMgucBvs-2PdQHaFr.jpeg,ragno
OIP-a1HFPOOx8hCh4TtDk6ChFgHaGX.jpeg,gallina
OIP-A1PNj3pKUqVFDaJNmT1_LgHaHD.jpeg,pecora
OIP-a1rHJc2k7GfSBopq4XbepAHaFc.jpeg,scoiattolo
OIP-a1zsPPc6_QynMWG8qeHvfAHaHa.jpeg,gatto
OIP-A28CPn317JZyHOfKkDAk8gHaFj.jpeg,gallina
OIP-A2OsCJZOHhUvWZC0VEyDBQHaE9.jpeg,elefante
OIP-A2tO8MyTOlI5rjaGdZ3muAHaFj.jpeg,elefante
OIP-A38YzTz7N5adHOqPNsu9VgHaEd.jpeg,farfalla
OIP-a3C0qfFWCL_uk4hvXkYH8wHaKe.jpeg,elefante
OIP-A3rGAi6xxes1H_GluIQw2gHaE7.jpeg,gallina
OIP-a3rOUNuPp0mcrq4UaicuGAHaEO.jpeg,cavallo
OIP-A3ZxaI-rhqBAsxwvwjPBfQHaFR.jpeg,elefante
OIP-a4B95uBVG_lr1sQZpcjBtgHaFj.jpeg,elefante
OIP-A4H0ac51lfpcBKRQJ5TMZQHaJ4.jpeg,pecora
OIP-a4Q1IxKvjEx37Z3Aa1hOhQHaEd.jpeg,scoiattolo
OIP-A4s0XFqeLE8J7ouWVL5OpgHaJY.jpeg,gatto
OIP-a4uKU3y70nImErVaRhHh_wHaGv.jpeg,pecora
OIP-A4yG18ZqzWUiZwxxdr7meQHaGT.jpeg,elefante
OIP-A5A5NAm6LQ0MIiukjJlDAAHaEK.jpeg,gallina
OIP-a5FXoXJCwpOuH4kNQwDM-AHaFA.jpeg,scoiattolo
OIP-A5JW3UV8OEs6Q83EfMwO-wHaFt.jpeg,farfalla
OIP-A5zbQnVcmHudkBlPlGJ42AHaFj.jpeg,gallina
OIP-a6-RGLrzpkRU774xRfXarwHaJ8.jpeg,gallina
OIP-a6f_3NZnLLqQdT-Sr6NP1AAAAA.jpeg,scoiattolo
OIP-A6le-HbAhPWKLGvtxq63zQHaE7.jpeg,elefante
OIP-a6N0Bp-oJ2YfVee0pLWyJwHaE6.jpeg,mucca
OIP-a6ozwY2VfiJo9tTqzuMXhgEsDh.jpeg,elefante
OIP-A6SoluGPoHSpP8S0qsb-hAHaE8.jpeg,cavallo
OIP-A6u2O_kpDxyQT2maz4jFeQHaKP.jpeg,ragno
OIP-A72Ce3ke6_5Hhh2qGINZVAHaFj.jpeg,elefante
OIP-a792H85YfM9u-Wndcl_nVAHaE9.jpeg,elefante
OIP-a7EQnckwR7ySoLsA7tgk8QHaCe.jpeg,elefante
OIP-a7EQyZShOS-dSxAGAsFi1gHaIB.jpeg,elefante
OIP-a7jKm0VMcIt4-9GjulYnqgHaHa.jpeg,farfalla
OIP-A7ra_acIRznR8uLTW5sgOgDYEg.jpeg,elefante
OIP-a8-InkISvsAE1146Dj1REAHaE8.jpeg,gallina
OIP-A89s11bYUo4zwDMVrgsVAwHaFS.jpeg,elefante
OIP-a8dsHSJtuL6RY_cevmr6UgHaHa.jpeg,pecora
OIP-a8Glfu3rJtNrgKcYMuoXNQHaE9.jpeg,gallina
OIP-a8ksfH1GCzcEL_KK6iOUdgHaFj.jpeg,mucca
OIP-A8MOPDJGmWovsV8Czm0hSAHaE8.jpeg,gallina
OIP-a8SmjuG9q0YIRuGvIv2jIwHaGX.jpeg,pecora
OIP-a8y7Su_k4uLg3RH1_f0ydQHaGW.jpeg,scoiattolo
OIP-A9_IO2tedx72vRu0C0mprQHaFP.jpeg,elefante
OIP-a9ltrroBM2fHC-BZBgqRogHaE-.jpeg,elefante
OIP-a9lZxniRbDC8gUonAvzScwHaEK.jpeg,elefante
OIP-A9rcY7q_6KdKc7o3OAn--wHaFX.jpeg,elefante
OIP-a_HMg7r6LMzoJp_A3he8WgHaE7.jpeg,gatto
OIP-a_Hsl6vrDWp4OI19iUy5kgHaLo.jpeg,elefante
OIP-a_vycU_gW9W0-fGulfZRDgHaEK.jpeg,elefante
OIP-A_wNz5Ev7HSAALbWeXPtZgHaJ3.jpeg,gallina
OIP-aa2dBuqxlUlsWIUGqEsEMAHaE6.jpeg,gallina
OIP-AaAD4wWljeb5-9YA8ndWfgHaE8.jpeg,elefante
OIP-AaAsq35Ucp3hGF4ygfaV-gHaE8.jpeg,gallina
OIP-aAj-vrY-AUnBaOF_xaJ-7AEsDh.jpeg,elefante
OIP-AakNR13FPkA68a7zHPw1pQHaE9.jpeg,pecora
OIP-aanaGONsLe2ZBaxkP85c1gHaEp.jpeg,pecora
OIP-aANMGyff7LzXwvzPnzJvRQHaHq.jpeg,elefante
OIP-aAVn2R9U8XWc8AdmuUJMtgHaFf.jpeg,elefante
OIP-aaXcnd4bxj3qvdcwAMVahAAAAA.jpeg,pecora
OIP-aAY6xIcd5Mh3jSJCLjCjAgAAAA.jpeg,gallina
OIP-aaZZTYLRdaT483d9zeqV_gHaFz.jpeg,cane
OIP-Ab3FJS9iErqu7SUeI4-Q_AHaF7.jpeg,gallina
OIP-Ab97v-nnhG6AXLw1cAMgkQHaHa.jpeg,elefante
OIP-aBBYjazNMgPD3efh8h_WMwHaHh.jpeg,mucca
OIP-ABcpdXXtmvhKAYas1vx8KwHaFk.jpeg,gallina
OIP-AbfhzmBeUSTaTBSdx-xjzAHaF9.jpeg,gallina
OIP-aBfp8CVySz2tltgbAnYB2gHaHa.jpeg,elefante
OIP-AbiQdD8rKo8KO8bTz55rUwHaDK.jpeg,gallina
OIP-aBm03qZfDCr1eU3XxmKdtQHaGn.jpeg,gallina
OIP-ABNB1J8KYJH1KTGOvFZUAgHaFT.jpeg,gallina
OIP-aBv3FdlwPchi8dRXF_s3agHaFj.jpeg,pecora
OIP-AbvhcUxuEp2P_YLeH3h-rwHaId.jpeg,cavallo
OIP-abWfS5BJ1aUVqejincm6ZwHaO7.jpeg,cane
OIP-aBxnvnFEzseD6q4qqM6sMgHaE_.jpeg,cane
OIP-AByBVjqeF3V6GBIYohlwBwHaFH.jpeg,elefante
OIP-aC0UDcF5bWBWkawlQsQ5hAHaJP.jpeg,elefante
OIP-aC1T4eHXDNFqmVBW69II5AHaLK.jpeg,gallina
OIP-aC8C3ZhQ4JiMFTvKp2yU4wHaFj.jpeg,ragno
OIP-aC91p3Oi6TcK3XDUBv8O-QHaE8.jpeg,gallina
OIP-ac_6FGVnXPx1-5WhI7DIfQHaFj.jpeg,pecora
OIP-AC_vXRZjNTvxPQwx-5LwUAHaHa.jpeg,pecora
OIP-aCfZxK6AirygwgJZgTz8VAAAAA.jpeg,gallina
OIP-ACItYjq4qDdgutxYRkWq2wHaF8.jpeg,ragno
OIP-acqcHakdT-WN_29CpLLS9AHaJ4.jpeg,pecora
OIP-AcsHTG-eJX_PvILKSrUzEwHaFS.jpeg,elefante
OIP-ad01gN9S17t7LpDfxyRtuwHaKi.jpeg,gallina
OIP-ADfPJPahrM9TEAYhhP9nnAHaE7.jpeg,elefante
OIP-adgwD_2rfV5iGnSvMqyQPQAAAA.jpeg,gallina
OIP-AdJGFK-LwGPzjxYMoiFONQHaFj.jpeg,elefante
OIP-ADJJeiBee8FJRpVqBoYOAAHaE8.jpeg,elefante
OIP-aDKNrauwYDOlNmCOGBx5LgAAAA.jpeg,mucca
OIP-ADnQHr1I8mvxsb9WCHd05QAAAA.jpeg,elefante
OIP-ADOooAvJ5Vag13ol8mDKVAHaE8.jpeg,pecora
OIP-aDpakf0kWgFhOGVlA9rM4wHaFj.jpeg,gallina
OIP-AdRX5EjqwRFkncpNeyzpIgHaHS.jpeg,elefante
OIP-ADv6EJrp9V8bPo9UeApYLQHaHa.jpeg,pecora
OIP-AE3ApZRJxPRv2lI9L609nwAAAA.jpeg,gallina
OIP-AEG6uznzZ0O36UESXv3NawHaFj.jpeg,gallina
OIP-AEgpxOdLdaKhbWqsSxtz8wHaDb.jpeg,elefante
OIP-AePIYoDRh057wRJscvoHUgHaFM.jpeg,scoiattolo
OIP-aerdB6H35_73yd8RLwu3WQHaE7.jpeg,gallina
OIP-Ag1AiXi5hlmZz6smjLwgwAHaGl.jpeg,elefante
OIP-aG1w0OIhwT_rtvmo9NNb_QHaFj.jpeg,elefante
OIP-agCYpLySZjvEz12QkG2mrgHaHE.jpeg,elefante
OIP-agGG5uTcghssmG-gUPkbcgHaLF.jpeg,elefante
OIP-aGRextRQCOdXVamATdcigQHaFj.jpeg,elefante
OIP-aGzEkEUyJxm_jzxeLSW3JAHaEK.jpeg,elefante
OIP-AHAt88v7Jf_ljLCNbyPfjQHaEX.jpeg,ragno
OIP-ahHxCkPxpGPej6AbInw8HwAAAA.jpeg,elefante
OIP-AhJi8SGrXqVkwCc61Yil7wHaK4.jpeg,gallina
OIP-aHJuXweSFf5PXWA8z0kvBQHaEq.jpeg,pecora
OIP-ahPfMRM3qnihiSGRXl9tdAHaFy.jpeg,cavallo
OIP-aHpK5UKhKLxGAN4ml9Bz6AHaE-.jpeg,cavallo
OIP-AHSrAWtCAg6eLf1ulS9sZwHaE7.jpeg,mucca
OIP-AHZm9N4WVxwIO4tZRT8npQHaH8.jpeg,cane
OIP-aih2NVC5vKeeDrMJgYQhhgHaFl.jpeg,farfalla
OIP-AIHBjXeB35Js9x4Sa9RW4AHaEK.jpeg,elefante
OIP-AiLKa-bLdDCwHVE0hWMhTwHaGE.jpeg,ragno
OIP-AImVLwcUOAHvtDwN7xAaWAHaG5.jpeg,cavallo
OIP-AIn-Y4fy0T-6kJr5Y5NVwwHaEs.jpeg,elefante
OIP-ainUm5ydLCq8GnU-YCabyAHaIa.jpeg,ragno
OIP-aIoqs0GfS8Lmn7guWdBAhgHaE7.jpeg,elefante
OIP-AIraW0T8ZiHLfHXQMeiELQHaFp.jpeg,pecora
OIP-AIRTzNpv1tNtTb7VRfz64AHaEo.jpeg,farfalla
OIP-AItc_ZvkauYmGdeEJJuZmQHaH2.jpeg,gatto
OIP-AIX512ZwRFXyBfeLgEk4jgHaFj.jpeg,elefante
OIP-aj00ynvP6ngtXe4YQt6voQHaFj.jpeg,mucca
OIP-AJ2i0kJIi2OmGicBKW5yVAAAAA.jpeg,gallina
OIP-Ajb58-BV0M19iFgLW3ar_gHaE7.jpeg,elefante
OIP-AJGEEWb7R-YbPTce6DZnlQHaGR.jpeg,ragno
OIP-AJH0kroS3ht6VP_78tEsagHaFj.jpeg,gallina
OIP-AJlfH12236t0bHOHFKDXhAHaFc.jpeg,elefante
OIP-ajNqs8MAMPyo48kTfawCWgHaFS.jpeg,gallina
OIP-AjQL4XMJ6YHgzD0DcRkBiAHaEX.jpeg,elefante
OIP-AjUn5MZ30ZbOpmEmPEtjKgAAAA.jpeg,ragno
OIP-aJxVlDB1HRsqRzomIZPYFgHaFn.jpeg,ragno
OIP-Ak-9lJn404UvGursfeGHVAHaEf.jpeg,elefante
OIP-Ak5sB75CWiM-vksqbuL_dgHaGS.jpeg,elefante
OIP-AkFJ9H9e0OYTrz-3RdzhcwHaE9.jpeg,elefante
OIP-aKk4U-Hr2EzpMxSGjBEkiQHaLL.jpeg,cavallo
OIP-AkkHy8akg8YM-F2ZuJyC_QHaGe.jpeg,elefante
OIP-akomgzSKKTDMnbyyndXm4wHaEz.jpeg,elefante
OIP-akrbSsIHs8Aig9hp23vLSAHaC0.jpeg,elefante
OIP-akZJ9jgyRS0lnyHnW4gAAwHaE6.jpeg,mucca
OIP-aL0nASaiCjdaqiyix1S6YgHaE8.jpeg,farfalla
OIP-aL1S0TmqqRBTCefzxqtpwAHaGM.jpeg,pecora
OIP-al2TILrVCb3BGMDWFkOVLgHaFj.jpeg,gatto
OIP-aLAIfL4PPk2xVxIWT7R-MwHaHa.jpeg,scoiattolo
OIP-ALj6cKrGib81bF3CjqdBsAHaE8.jpeg,mucca
OIP-AlSgpdmpY3DhALQQqKsQDAHaEw.jpeg,cane
OIP-aLShLGz9tMItGUHeoRpQ0gHaFj.jpeg,farfalla
OIP-aLwSJHaJHTd1WIVZsn97bgHaJM.jpeg,pecora
OIP-alyqL-FB25SkS4Tg0wWo8gHaFj.jpeg,scoiattolo
OIP-am06_6T08EAXLAYUxJfqAgHaFj.jpeg,elefante
OIP-aM0IQZ4t2AayudAK_TPtHwHaGd.jpeg,elefante
OIP-am6ndf0c0y3cW6Nb2wWVdgAAAA.jpeg,gallina
OIP-AMaJZOCV6Yn9L96VvuQV9gHaFj.jpeg,elefante
OIP-aMCEL85OLyU2FLnJ6j5H-wHaEK.jpeg,elefante
OIP-AMeAJLuwum4i-4aI1ED5AgHaE7.jpeg,elefante
OIP-amfulqBQHag3hENeYKOFrAHaHJ.jpeg,farfalla
OIP-AmGeHr-vOcf9xyM9gdOMtQHaD_.jpeg,pecora
OIP-aMH9JkG5K2VVmDEVlDJf_wHaGQ.jpeg,gallina
OIP-amIZ31Us7BQ_ZhMzCFuOTQHaE8.jpeg,elefante
OIP-amvFuQoAUahUlHf_VQq9rAHaEm.jpeg,gatto
OIP-amvUrhsHxKZhfU9F2iu4_wHaE-.jpeg,gallina
OIP-AMyvbAdcWuQ9K4ucmOTO5QHaE8.jpeg,gallina
OIP-aN-t7RoPcM-2tzF9L7JkpwHaFi.jpeg,elefante
OIP-an-UoXNu-WGDUUe7WZH13wHaF6.jpeg,gallina
OIP-an1KWg8nF6Z6NTQuXvqX-wHaFj.jpeg,gallina
OIP-AnBelFIOqz-vi_hnevuleQAAAA.jpeg,mucca
OIP-ANcaiVjpCkfTjHCpyDFBkQHaLD.jpeg,farfalla
OIP-ANcEAhVFwNaaNShgEc6FJAHaFj.jpeg,cane
OIP-AncGcGne_pw1paeDgW6ywgHaJU.jpeg,pecora
OIP-anfmgoGS5C881M7Bd_r1cgHaLK.jpeg,elefante
OIP-aNfn6alq4vrRSsTlo3DQdwHaFj.jpeg,cane
OIP-aNtiDa__wQpbA5Saz4x4VAHaE8.jpeg,ragno
OIP-aO-CZ3IvRdE2i1jvrY8zDAHaF7.jpeg,farfalla
OIP-aoBpHaDsBzu3pJs4k0j2QAHaFj.jpeg,gallina
OIP-aOJF5DbkSGiynyr3OeDz8AAAAA.jpeg,elefante
OIP-AokwZiyD_HUyhQMkQpmhqwHaE5.jpeg,elefante
OIP-AOm2n55G3PH7pXwabOjMiwHaGp.jpeg,mucca
OIP-aOq2VWJcHaFQONlnuL9-_gAAAA.jpeg,cavallo
OIP-aoQtvD5gg6MuriWSbQz7zAHaFk.jpeg,elefante
OIP-aOvdG3XJYv146eAwHcRW3wHaE8.jpeg,scoiattolo
OIP-Aoz-SavxW0pt9ljXedqPrQHaFu.jpeg,mucca
OIP-AP0ELgsy3lINqnOosbnlQAHaFL.jpeg,gallina
OIP-aP2g9pMIbRwSwXiWDhPbBgHaE8.jpeg,gallina
OIP-apknQBqg1lgfH9-bgy494gHaGH.jpeg,cane
OIP-aPLSp_ySvpCv_JY33uffTgHaFc.jpeg,elefante
OIP-AQ65KBQftfL2qWzzMW3CjQEgDY.jpeg,scoiattolo
OIP-aQ7lTvrYeScXc1nagz4u3AAAAA.jpeg,elefante
OIP-AQExi2R9lOn17ztClVo0BwHaFj.jpeg,elefante
OIP-aQFakmQvpw36R4Xe0seS0wHaE5.jpeg,pecora
OIP-AqK1usPcWmJ_JhMSnX9DkwHaHa.jpeg,cane
OIP-AqQfFyxS3j2xeelkWeYAvwAAAA.jpeg,pecora
OIP-aqQstRq9P_-Pdv3GOUPtogHaE8.jpeg,cane
OIP-AqSoGBfGJJhUSMdZ6ccIbAHaLJ.jpeg,gallina
OIP-Ar64bqHOTTyBs_qCxau_wgHaE0.jpeg,farfalla
OIP-ARiaKTBJQ74Ox0KZcKddngHaJ4.jpeg,elefante
OIP-arMnfr9iBzjsyZCeD1_ZeAHaEo.jpeg,elefante
OIP-ARmx5aJnpBrDhv--cWfF-wHaE0.jpeg,gatto
OIP-aRO9nhj6v4GJ7uBj2nrUBAHaFj.jpeg,ragno
OIP-arT4JlxssbK8y_woVRR5QAHaFj.jpeg,gallina
OIP-ArtsXPC1zhT_-Y5CqAI7gAHaGh.jpeg,elefante
OIP-aRvrs6ubgLgwzQrjHT-hSAHaHa.jpeg,elefante
OIP-AS-IRixZUZXGRHLKZdeeYQHaFj.jpeg,pecora
OIP-as4oquUx99xcQTRU8iXkHAHaFj.jpeg,pecora
OIP-ASFXEJQhQyS_GkcEWYMZlAHaEK.jpeg,scoiattolo
OIP-asJ23BXjIejADxtGkmGHkgHaGY.jpeg,elefante
OIP-AsJxLRsjZPbiXSAWsCZYegHaFc.jpeg,gallina
OIP-ASs1GMkHK7DQg2N5PJyhOwHaHH.jpeg,cane
OIP-assgdxnzN6edL0KdbsGm1QHaEi.jpeg,ragno
OIP-AStxaBfAC3CohKVGtndgcAHaE6.jpeg,elefante
OIP-At-iPKfghItGwdoMQCdAbQHaO9.jpeg,ragno
OIP-At6Ih1wqX5FNVfRgEd8WpwHaHa.jpeg,elefante
OIP-aT8PYdSoeRsLpknnzriQKwHaI8.jpeg,ragno
OIP-aTBY00TQe1ifiZHUILD1WgHaFp.jpeg,elefante
OIP-aTi_7V3M8lbI0L7A3BxyhQHaE8.jpeg,elefante
OIP-ATMfwsi2hZE5EC6ZRnMzDwHaJp.jpeg,ragno
OIP-ATo9X8cq2qdwK2jSP4hPLQHaF8.jpeg,farfalla
OIP-AtvJitnddjr8C8MMGjh23QAAAA.jpeg,elefante
OIP-atyHLECelAKwwr4-VyPxCgHaFj.jpeg,gallina
OIP-AU3cEsmHGFYGGEGhZwhLJQHaEK.jpeg,elefante
OIP-AUBG_CJ44mNij5za-0E_3wHaE8.jpeg,cane
OIP-AuPeEpvjEikZCzG9GNDHoQHaJ4.jpeg,pecora
OIP-AuqCINGHHNLYSVSZmzgJMAHaLK.jpeg,scoiattolo
OIP-auS_JDhDN-x4m93ziMPQVQHaE6.jpeg,elefante
OIP-auuw2Tn5WM35wakCYqfAoQHaJ4.jpeg,pecora
OIP-AUznynilU-shqMzR6cLoYwHaFA.jpeg,cavallo
OIP-av-d4tFv-Pd9s0gZ70b31wHaJ3.jpeg,elefante
OIP-aV8q-2gD1B3hiHEW1FM9rgHaFc.jpeg,farfalla
OIP-avEgQ8HWmvy1ceC4aoB_oAHaE8.jpeg,cane
OIP-AW5HvQ1wEagpEMgmkpYN8wHaE8.jpeg,elefante
OIP-AwaGxlPphxQfermmQ6DYjwHaFr.jpeg,mucca
OIP-aWAKgkN_1GocU8phRm2-ogHaEy.jpeg,farfalla
OIP-AWDSPs760keF9Bgy2u2kUgHaHf.jpeg,elefante
OIP-awL2EBTHfdMuP_2yb9_QdQHaFj.jpeg,scoiattolo
OIP-AWoo6U6lR-Ku3cWnLLZ1PwHaF6.jpeg,elefante
OIP-AwtqcNeTAXQqpNYpNUfI0QHaE3.jpeg,elefante
OIP-awU-oKMi3tTuRbPTxwBFaAHaFj.jpeg,scoiattolo
OIP-AwyZ-hIPweaKuxgo6RSfyAAAAA.jpeg,farfalla
OIP-Ax1QcXuwpH3qFRhrmejwfQHaFj.jpeg,elefante
OIP-Ax5j9vtg6LeaZhBfEut81gAAAA.jpeg,elefante
OIP-axdJ5dNYS0myoAg23xg04QHaHa.jpeg,elefante
OIP-axoHhKVynZrO2SLFD8uOMgHaE8.jpeg,elefante
OIP-axOin_P_HS0sQmlz1C9rTAHaJ4.jpeg,pecora
OIP-AXQYlaY3XdRZng32PRne6QHaFj.jpeg,elefante
OIP-AXrZ99jKezEJBV54RfbIsQHaFj.jpeg,pecora
OIP-aXsEpVj9P4Pc1Nah_6fgdQHaK7.jpeg,gallina
OIP-aXTIa9Ibg88zLnibxpeLQwHaE6.jpeg,elefante
OIP-AxvfoB9tMw6PdzAP5xde-wHaE8.jpeg,gallina
OIP-AxvSa1MdLyxYqkwXz6hnGQHaFj.jpeg,gatto
OIP-axwK4tfLfLrLvsvgMoz7WAAAAA.jpeg,elefante
OIP-AY1N3B_7Xv2pE7q-PyPIrAHaFK.jpeg,elefante
OIP-AYD2AVoD_BxSkIX5WTZchAEsEY.jpeg,mucca
OIP-AyIee0fViUeC2YzO8w-edwHaHv.jpeg,gallina
OIP-ayJFEgdN7-R9g5-w7yl4UwHaFj.jpeg,elefante
OIP-aYKVVvx9Mg-CZ8-JDntk2wHaE8.jpeg,mucca
OIP-AYlz-h0j48aGocifJ-5KsQHaFj.jpeg,farfalla
OIP-AYqeWkVbL7xxNGtNduK5kgAAAA.jpeg,elefante
OIP-AYRvE69PhrjAqspD3WZ75gHaFj.jpeg,gallina
OIP-Az-yaRC-q6mt6YqvP-yPogHaE7.jpeg,cane
OIP-AZa9sZL53olGhabrLPlLXgAAAA.jpeg,gallina
OIP-azCR_tX1Qiq0UKIWsytJsAHaHk.jpeg,pecora
OIP-AZdbbMsY9I2-G-wVmu-_JwHaFc.jpeg,elefante
OIP-azizj5lWClf77tPu2Ej1JAHaJ3.jpeg,elefante
OIP-Azlw2dGgFrtHIOP0KwcHxQHaFj.jpeg,elefante
OIP-aZO1bNmDPozukTqg4ToyewHaFj.jpeg,elefante
OIP-AzPlLgHJ_BwOC2d5qR_eUQHaFi.jpeg,mucca
OIP-aZqbYOf3r90QRXwbm_lt_QHaFt.jpeg,mucca
OIP-AZx6nMVM8qrMiAgZ9UN49wHaHa.jpeg,gallina
OIP-AZy6WWtXWHsLrvUHxybAewHaGm.jpeg,scoiattolo
OIP-b-0rsFIwhKjxhHvZesdBAgAAAA.jpeg,elefante
OIP-B-iRwVe8IMlC7t1WebWKywAAAA.jpeg,elefante
OIP-B-JiPZLqppPbN6cjBUrAJgAAAA.jpeg,scoiattolo
OIP-B-tekNNdhRmYFkC2HipLQgHaEK.jpeg,scoiattolo
OIP-B-WwHs6B2ZNPTASXAGZQOQHaIZ.jpeg,scoiattolo
OIP-B00v_Bsy5J6RMNTZXOegFwHaLE.jpeg,elefante
OIP-B0mPayI55q6f3V5mpMq_sAHaFj.jpeg,scoiattolo
OIP-B0vN2BX5hfo07gss-B91LQHaHc.jpeg,mucca
OIP-b1CZyWa4jkb7A-Q9xTobIQHaFj.jpeg,elefante
OIP-B1DPC3Dtyej-co3YaPdZKwHaHb.jpeg,gallina
OIP-b1gTcH9WKKXnd6vRb_GYhgHaFP.jpeg,ragno
OIP-b1siDsiju49tRxBHBuxrbQHaF7.jpeg,elefante
OIP-b1TJHOhudaRNrdlsPovXKAHaFm.jpeg,pecora
OIP-b23jTz9KQsK9XYKD1X7DGQHaLH.jpeg,cavallo
OIP-B2CbvYpRYtSpp--_A6d-UAHaE4.jpeg,elefante
OIP-b2FEv6-oNVgt1PnJddN_bgHaFZ.jpeg,ragno
OIP-b2jQJ-NekdHHdRC2ELN1GQHaE7.jpeg,elefante
OIP-b2tK4DF9PKHOVd5Pnf5kXQHaEK.jpeg,elefante
OIP-B2VDJgsBAYk7oC8qUBCTngHaLF.jpeg,gallina
OIP-b2vf1yukkAGj6RMz9jSdkQHaE8.jpeg,scoiattolo
OIP-b34PGXlxhRSffhTwDXmNiQHaHa.jpeg,gallina
OIP-b3D5NfgJsPGOE3eB6elQRAHaEK.jpeg,elefante
OIP-B3HsIXKbk0Uz2rWzOE2gHgHaE7.jpeg,elefante
OIP-b3pRpLnfvkz_xKYb01GycQHaFj.jpeg,ragno
OIP-B3qO6fpoyO2nMLewkOvjlwHaFj.jpeg,elefante
OIP-b55QXxuwXAPXdamn43Sy_wHaEG.jpeg,scoiattolo
OIP-B56FZiw87dtGjSrjrsBhUQHaD6.jpeg,elefante
OIP-b5GYRbxNX35PVsufsQRSGQHaI0.jpeg,elefante
OIP-b5hinAhF3JqS_bHGuLHMhgHaFk.jpeg,ragno
OIP-B5Z7nTgOsvjQeu1zrx09vgAAAA.jpeg,scoiattolo
OIP-B6An886mqBID4Ow2yrmEngHaKg.jpeg,gallina
OIP-b6aWT3Vbn8dzLKvnGYCr3QHaFj.jpeg,elefante
OIP-b6ncb771tyZ3NjLp0URZ7gHaJF.jpeg,elefante
OIP-b6t-Ex39DlqGUYZcXDZhVAHaHT.jpeg,gallina
OIP-b6tlgM3e56DyU3nXqekgHwHaFA.jpeg,pecora
OIP-B77hi9QK7ANaUiqL9z2tbAHaFj.jpeg,gallina
OIP-B7m0BxX8khBV9Yzd648JxwHaGy.jpeg,cane
OIP-B7m8ZCICb6fJTx0m91JFswHaE8.jpeg,elefante
OIP-b7vdqQTfKCEHZE1PfGL_IwHaE6.jpeg,mucca
OIP-b7yJeS2neTocMPxBS4vVFAHaF3.jpeg,elefante
OIP-B82u81DjWvBdZb-s14jUrQHaEL.jpeg,elefante
OIP-B8IDgsv59iYPT4wI9B5gAwHaE7.jpeg,scoiattolo
OIP-b9HaAzIVzMUzR4xEWPo5rAHaFN.jpeg,pecora
OIP-B9hw0kVBmvAn97E6tevc0wHaHa.jpeg,scoiattolo
OIP-B9M0n3MTKyDi166yIJYJPgAAAA.jpeg,mucca
OIP-b9MQVMRWfWOfgsJqhKpt0QAAAA.jpeg,pecora
OIP-B9OrXbuxePptMVEIxIkCMAHaLS.jpeg,elefante
OIP-b9tOPIJO_ptUcAgug4qzIwHaD2.jpeg,scoiattolo
OIP-B9vWd50k6B6taOZXW8qt9gHaE7.jpeg,gallina
OIP-b_-WAxn65WrzdR2Z8lCTSQHaEK.jpeg,elefante
OIP-B_0KVAv3KGCOSRDMbciIQwEsDh.jpeg,gallina
OIP-b_Bs8G6ZRjWSpWQt-D8hywHaH6.jpeg,elefante
OIP-b_HEg6XseK4iHOs5EPZiYgHaFj.jpeg,pecora
OIP-b_LWNLrjx0vOe0PFB4PzdwHaE7.jpeg,gallina
OIP-B_z1wdnFqAIVLBF-pY2YMgHaGQ.jpeg,cane
OIP-BA1PvL6qJxInI_E32TaoTgHaE8.jpeg,ragno
OIP-BADD_Y7yceFjagah0X4THwHaHB.jpeg,mucca
OIP-baEUeCGLa1AOlZjTCWl2zgHaHV.jpeg,farfalla
OIP-BAhnDEB-1Y4-FbXETUE15wHaFj.jpeg,elefante
OIP-bAIUhxSxnUmpK15f2xhoRAHaHF.jpeg,gallina
OIP-BaiY-cfYjHxg41gowvMVBAHaE8.jpeg,cavallo
OIP-BAK8vy0TIJ8OHwFMSu4IsAHaFo.jpeg,elefante
OIP-BaLeSOIGawASi1KdS4iyGwHaJL.jpeg,elefante
OIP-BaOtxxxPyNqYfb12zI0-BwHaE6.jpeg,cavallo
OIP-BaPGYNppbhQEPD5g-NDrjgHaEK.jpeg,cavallo
OIP-bAT7c2M3_OkSZyVlXHqtXwHaE8.jpeg,ragno
OIP-bAugXtWBq5eCek_VcrU0jQHaE7.jpeg,gallina
OIP-bavrsW4BWJ5z2PXfhKszRAHaGL.jpeg,mucca
OIP-bAWmasWe0fzWReRFBmj1bwHaE8.jpeg,gallina
OIP-BaYfJn1r7QhO01eA7zaedgHaD6.jpeg,ragno
OIP-bb4Qt-PL7InvDAzeGqHmrQHaFj.jpeg,pecora
OIP-bBBL0_vNWt-6hxLvgWROlQHaFx.jpeg,pecora
OIP-bbDBhQxQ7lkCERMLfi2digHaEu.jpeg,elefante
OIP-BBE3LuHcALxZnabDVYQ19AEyDM.jpeg,cane
OIP-BBGP0XR5i5uWBYuPxsmIhwHaJ4.jpeg,elefante
OIP-BbQ39pKzKlp9eUiaHSIZGQAAAA.jpeg,pecora
OIP-bbrbpOooN4evkeGzl5Tw1QHaE2.jpeg,cane
OIP-BbtHdvuHHyklTLz49jebUwAAAA.jpeg,elefante
OIP-bC7QB8EGbpO9ZZWA2zsV5gHaFj.jpeg,scoiattolo
OIP-bCAPtQaomrwbiPHwvYEPnAHaHW.jpeg,elefante
OIP-bcwgThNkydDkiPJLK9Lf2wHaE7.jpeg,ragno
OIP-BCyJXTYuCAKPX1M3GQHZZAHaHa.jpeg,ragno
OIP-BD1g0-Vy9SiY4TwhtYCefQAAAA.jpeg,elefante
OIP-bD4bxXlx8iiNC_piaZgXZQHaHa.jpeg,pecora
OIP-bd4iL28-0mZK32wDAIGqtgHaJ4.jpeg,pecora
OIP-BDav4pbJA56MVv0kSqPxPAHaFj.jpeg,scoiattolo
OIP-bDGJ2Kr61uwjVPSSC2oTxQHaEK.jpeg,gallina
OIP-BdHR3jUSWM51_EQJ83LIpAHaFL.jpeg,cavallo
OIP-bDkdVK3u15K07qsp09P4TwHaFj.jpeg,mucca
OIP-Bdkk_rKZrUkdnTyiN3cprAHaFt.jpeg,ragno
OIP-BDKppIWyj9RDfX7H23U4PgHaE6.jpeg,gallina
OIP-BDMGFPH_OgpCvCJB25MLKwHaE8.jpeg,gallina
OIP-bDNJso-bg8f6wd1xES5GeQHaE7.jpeg,farfalla
OIP-BDtldHUuMEVTUKAwGKBdWQHaFo.jpeg,elefante
OIP-BE0IQcOtljxWNjnfj7Xz4wHaFi.jpeg,ragno
OIP-BefcpB9vlRJ5mFgTbOFFoAHaFj.jpeg,gallina
OIP-BegY5faalpzoZiK3hl6ZEgHaFR.jpeg,elefante
OIP-bEj_uP4nQFq7HdQhj5-IwAHaEK.jpeg,elefante
OIP-beKsdoWDY09yzrmP-6SHtQHaHa.jpeg,elefante
OIP-beL3MsOwWCDNCYVSr6viIQHaF1.jpeg,pecora
OIP-BeoCZJd9xQUipqmnsmkNBAHaFc.jpeg,mucca
OIP-BEoqyL-_N27hMzt4qiGsXwAAAA.jpeg,gatto
OIP-BEqcWF77Te1ywfW1x-couAHaLG.jpeg,gallina
OIP-beWL6170F-IYc9WliKmnigAAAA.jpeg,cavallo
OIP-bF4Q_GpeJnv_eU1E6B66mAHaJD.jpeg,cavallo
OIP-bf4weZBFq-7OxiT6UFcE5wAAAA.jpeg,gallina
OIP-bFlODDnTBrVlw4HuwmSqjgHaGz.jpeg,gallina
OIP-BfQ21cuQ_4zeV5tjQfMyuQHaFj.jpeg,scoiattolo
OIP-bFypi3kkLspI6n-ExobSiQHaJD.jpeg,gatto
OIP-bGcUamYg_g6IkxmfmU6AqwHaFj.jpeg,gallina
OIP-bGT6VBdFXop90m2xBNtCMwHaFo.jpeg,pecora
OIP-BGu_pwROBcAmKOdrrI4B7AHaFc.jpeg,gallina
OIP-bH2aPQIzj7OJos_lTeHragHaFj.jpeg,elefante
OIP-Bh7xJ6omrYoFDkVE2jVoNQHaFj.jpeg,gallina
OIP-BHcRAmUPEz9pcd7sJTRJ8AHaE7.jpeg,gatto
OIP-BHE8Vxe7zeYqMhEZ1EPyYQHaFI.jpeg,elefante
OIP-bhm8bMH49-5otcokEP3mJQHaGO.jpeg,cane
OIP-bHm8Zc2aucFNOy5RggvMPwHaFj.jpeg,elefante
OIP-bhnp8T-ChpFEjQfLbrYGswAAAA.jpeg,elefante
OIP-BhQ-gqRR3_wdUSTYJwTv1QHaG3.jpeg,elefante
OIP-BhQIlsl-RgwvsWKpFReKWQHaF0.jpeg,gatto
OIP-BhRkTfe1IRoKPBYxc8NTLQHaE7.jpeg,elefante
OIP-BHSOJzXSkSXwsyZSsdwl6gHaFs.jpeg,gallina
OIP-bHWySF9cMTil9ZSi7-fFKQHaFg.jpeg,elefante
OIP-Bi-RlkRNa1fPaBV7s1hBowHaHY.jpeg,gallina
OIP-Bi8YysgdEilLOzT8RdOkCAHaFj.jpeg,ragno
OIP-bIas7csvg5ruQdBj8gsn8gHaEj.jpeg,gallina
OIP-biOWA00l_dbYitwHy1QaOwHaKu.jpeg,gallina
OIP-biPVE-tklBDe-hfK8dAwfQHaFj.jpeg,pecora
OIP-BiqB5vGrwro3ODgqjosnpQHaFj.jpeg,scoiattolo
OIP-BItIhf-TpXuutC3iEMZyuQHaE8.jpeg,ragno
OIP-biUVHyjdyF-B1idVQTFsvgAAAA.jpeg,cane
OIP-BIvVmCisHU-xjKFY5C9XOQHaE7.jpeg,pecora
OIP-BIWiRB3h7PExyGvhoSP0vwHaEK.jpeg,gallina
OIP-Bj0SMtXKyG3JI9QOEXTUGgHaDI.jpeg,cavallo
OIP-BJ8x0gnZXfIHxpHgRGCqpAAAAA.jpeg,gatto
OIP-bjgDNEQGZ9Hrdx9Kx0-5AQAAAA.jpeg,gallina
OIP-Bjs6uBPYqQLn_9ATkatJLAHaEj.jpeg,elefante
OIP-bJvAWEapXnsx2VLNUjSa8wHaFj.jpeg,cane
OIP-bJzqId9BSK4ny-0yEpMJ9wHaE7.jpeg,gallina
OIP-bK-Y0kE4xSba244B-OLcJwHaFv.jpeg,ragno
OIP-bK27IKge1AKDTaCM2DBKJwHaK3.jpeg,elefante
OIP-bk4eP9iB3rQvF8-FgED6twHaE8.jpeg,gallina
OIP-BKE_rLvv5pU_zIAaszmWxAHaGl.jpeg,elefante
OIP-bkGfUWzaJbdo7tfY9Zf9kgHaEK.jpeg,gallina
OIP-BkMbdOTz1853d48gE1xBFwHaE6.jpeg,gatto
OIP-BKYrTV6o94No8z1EFDmfDQHaGX.jpeg,elefante
OIP-bL5cjlyTjHQLXOE5GgItCAHaFj.jpeg,elefante
OIP-BlKUqhslRQ8AOBAkyL7_VQHaHE.jpeg,elefante
OIP-BLQsXJseejmfMSfZdZpTGQHaE8.jpeg,cane
OIP-blr_MnWCJFN9XCyyNq0o_QHaJ4.jpeg,gallina
OIP-bLSySjSjfpVr3sLxep_ETwHaFV.jpeg,pecora
OIP-bm5Q0S5FmWkuzAC9Bh9EmgHaIK.jpeg,elefante
OIP-BmkJg2lcMe23Fd-XBWkOIQHaFj.jpeg,elefante
OIP-bmmyoO324JRTBOwm_FXNfQHaFj.jpeg,gallina
OIP-BMyKX6f8mKdwtrmjlRwauQHaGZ.jpeg,cane
OIP-BN15X2DekRnUwD5eNZFXSQHaFh.jpeg,cane
OIP-bn569OIUEyB66BUBP3f_zAHaFj.jpeg,pecora
OIP-BN6kQ3X5ZoHGLFazICZVCgHaF7.jpeg,gallina
OIP-bn8HbxpVoOfekZaGkgJJtAHaFj.jpeg,gallina
OIP-bn_Q-zqWV2WaicWUowgh6AHaHm.jpeg,gallina
OIP-bNajk0ekXfTb9PIf0ii3HQHaFT.jpeg,ragno
OIP-bNEmhAP9GAzYgJUGif6-cwHaHa.jpeg,pecora
OIP-BNiev0VvCZhj3J5AuGacSQHaFc.jpeg,gallina
OIP-BnikQZ7dI_nlQH8EPf0voAHaEd.jpeg,farfalla
OIP-BNIwMW8mogezkSJRygWhhwHaFA.jpeg,gallina
OIP-BnMu7O2H6pnA1GUyRDRebgHaHF.jpeg,elefante
OIP-bnnXQQfvK4_WXfIpK8mf_gHaLG.jpeg,farfalla
OIP-bnpBdoBiys_gRwhKZaop6gHaE8.jpeg,gallina
OIP-bNXgmf8LUVQxNJD0WKv6AAHaFi.jpeg,elefante
OIP-bnz781OHUoarNDBvIXCmHwHaJz.jpeg,elefante
OIP-Bo-vTFkH8OnpIZBdvGmC4gHaFj.jpeg,gallina
OIP-BO1BfB4AWJKdBnqWV3WSGAHaFb.jpeg,elefante
OIP-BOCF4tZ7UCmBaAZvE5MwgwHaE6.jpeg,cavallo
OIP-BOdoGlK49H1COl_EywqFDQEsDh.jpeg,cane
OIP-boIU2yC4mvXSrNaVGn7C1wHaFo.jpeg,scoiattolo
OIP-boiWyuP1b0TVJHLlrKxcnQHaII.jpeg,farfalla
OIP-bOQJBswTtvWaO3vYsGVz1wHaIT.jpeg,ragno
OIP-BOR0yMcyIHh6jJ_rRO-JtwAAAA.jpeg,elefante
OIP-bOz_LQJpVFtKwqsd6dzyNAHaFj.jpeg,gallina
OIP-bpcRvPsNkjRZsVF1MxWmcAAAAA.jpeg,gallina
OIP-Bph3EJ5BlygVR6tyRnV57QHaE8.jpeg,farfalla
OIP-BPT5C2bZK014HPZk0ZqanAHaFI.jpeg,cane
OIP-bPURZXy4idHWUhKuXeL78gHaFJ.jpeg,gallina
OIP-bPYZptc1UDdeDYzw9R6LcAAAAA.jpeg,gallina
OIP-bQ-1Hww6j_zUswGYidO6FQHaGa.jpeg,mucca
OIP-bq4eWIC3QJCxEQOo3mATkAHaHb.jpeg,gallina
OIP-bq4TqI4FRAQqHYfcBZGC4AEODn.jpeg,ragno
OIP-bQ5tHT0PL6olxI-SMiYS7AHaGl.jpeg,gallina
OIP-bqBd8-c7u8k0CT9b6EhJCwHaFj.jpeg,gallina
OIP-bQK54WK8eCI60ezA8-06GwHaF1.jpeg,elefante
OIP-bQkVixvgkKNrCoVIfSRB-wHaFj.jpeg,scoiattolo
OIP-BqRRTq9LOHr_-wBYdP-rywHaFI.jpeg,ragno
OIP-bqSeaxcKJ9YZ6-LTsvBf1AHaE_.jpeg,pecora
OIP-bqvV9Aot2ZsDcWK1w84HZQHaE8.jpeg,scoiattolo
OIP-bQyil4kMwQdasr_eHUcXEwHaFe.jpeg,gallina
OIP-BqYwMA9LVd3XtCN_V46VeQHaGb.jpeg,elefante
OIP-BqZP4oqcnmxYA-FZe2o52QHaFh.jpeg,ragno
OIP-bR0buSrrEr5tok2Z6XQfgAHaEK.jpeg,pecora
OIP-Br4HqCpDQ0UVdSsvn9_hQAHaGx.jpeg,elefante
OIP-BR8Y_C3uCLGKXZcq6snluwHaLG.jpeg,gallina
OIP-bRGeXqK3ZJEtjZligsuscAHaGh.jpeg,cane
OIP-bro_1zKUoXOBPnjRFAgbjAHaE8.jpeg,cane
OIP-BrRGZSMDKo43XTQh76V_uQHaFL.jpeg,gallina
OIP-bRRje0u6D0sS9fJ6SFNusAHaFV.jpeg,scoiattolo
OIP-BRsUa__xoqGpTyH7ySPZ5QHaJ-.jpeg,scoiattolo
OIP-BrtfiVNV3po1vVkptIn6RQHaGP.jpeg,elefante
OIP-BRVA6jMjfaYUUBEkIXvjhgHaFj.jpeg,elefante
OIP-bRYKrGqSDqd8DkiXmEwXRAHaGv.jpeg,pecora
OIP-bSHiQOXehZk6rU_gD21M8wHaFj.jpeg,elefante
OIP-BsK6fUt9D6lGsbdCT4i-tAHaFj.jpeg,scoiattolo
OIP-BsMCmriCxC2Hyl21U7gGXgHaEo.jpeg,ragno
OIP-BSVNxHLYxVaOdqhutsGjdAHaGF.jpeg,elefante
OIP-Bt15lb56kCI6t_nzAxYQsQHaFj.jpeg,pecora
OIP-bt6DiI488dfzm9zyDc4V6AHaE6.jpeg,gatto
OIP-BT74YDAy43bSUYtsLBlWrAHaE8.jpeg,pecora
OIP-btAoTsVYpwE5ZQVbyyiZYQHaE8.jpeg,pecora
OIP-btGjIrnY8O4-Z9Tm4JA73gHaFj.jpeg,gallina
OIP-BtixZ-xQq-qNBgfW4zcxfAAAAA.jpeg,cane
OIP-bTmNAKXsNKr6VLV9wNBuTgHaFj.jpeg,pecora
OIP-bTPTdrz5SdilUjLDZlWK0AHaE8.jpeg,gallina
OIP-btSi76zadqBLuOuIj9OGIgAAAA.jpeg,elefante
OIP-BTv4MA3EeRgST8_6dXkrlAHaGr.jpeg,elefante
OIP-btwyAwXudsNH2vVyM4ZqEQHaGD.jpeg,gallina
OIP-bTYWxF5szlgg9S8cS3CISgHaE7.jpeg,elefante
OIP-BU4o9_-AOppA6VhFHcQXoQHaFC.jpeg,gallina
OIP-bu8yPs3FRvuTSgBuA__GAAHaFj.jpeg,elefante
OIP-BU_bb0pcC9jwt6X9VDcF_gHaFj.jpeg,elefante
OIP-bUAn3IasTUZxLgpMICNJbQHaHU.jpeg,ragno
OIP-BUBWrHsurz6sn5EydiXdtgHaGl.jpeg,gallina
OIP-bUorDddvDo4JEvDwbVKWlgHaFM.jpeg,gallina
OIP-BUP7Yk8m_Okyy7kUWZfktgHaFy.jpeg,cane
OIP-BuRC_Bn0mgEJXU8T9wPEHgHaFP.jpeg,scoiattolo
OIP-BUrN_N5giARtw0v1IIz84wHaFN.jpeg,pecora
OIP-BvGB46AvH0O-oaiaREun4wHaFj.jpeg,elefante
OIP-BvR83oa12iigECe0U2TcngHaF4.jpeg,farfalla
OIP-BvRaInFuiCAZGfFEMQE7ogAAAA.jpeg,elefante
OIP-bvuMiXg5w0pDzAKoXWRYJQHaE7.jpeg,elefante
OIP-bvvE1T1rf2JUL-SccwxgDgHaLf.jpeg,cane
OIP-Bw20NU2xLOGOcsPbdFPPHQHaE8.jpeg,cavallo
OIP-bw47xhAen0UiLtONf9biCQAAAA.jpeg,mucca
OIP-bW6UWoUkjqeG7Q5ZiUYO2QHaE7.jpeg,gatto
OIP-BWaRPN9UdS1zHXMqIvRE9gHaE8.jpeg,elefante
OIP-BWKYCFurGUFEdDKB9i9vPAHaJ4.jpeg,mucca
OIP-bWO7O-SfIy7VCcfOGOcDgAHaFu.jpeg,gallina
OIP-BwOfsDE0-Osv2ZHCYvTdPQEsEf.jpeg,gallina
OIP-bwqk7Xut_peYN0IloWt0zAHaFq.jpeg,cavallo
OIP-bWqTbmshw-jtBiEturYCQQHaE7.jpeg,elefante
OIP-bWTE9_pBwwp5Jwacvpvw5gHaJ9.jpeg,pecora
OIP-BWVNr2yySDDY58vFmtaNAAHaFj.jpeg,scoiattolo
OIP-bX1wwYKGEKLtQ655ER5GvgHaFW.jpeg,mucca
OIP-bX2M6mPkdkuK9JLrRyUkWQHaF6.jpeg,elefante
OIP-bxmifYaRcC8wLoAZJBpvAQHaFj.jpeg,gallina
OIP-BXmQVvrxxuVk3Y2NldRdpAHaEK.jpeg,elefante
OIP-BXvV19ePO_4XRK8Yyw8W2QHaFG.jpeg,scoiattolo
OIP-bYOXK81nYwPHRB_WeYEOJAHaLI.jpeg,pecora
OIP-ByP6Py58FNbaUAoukv8UZgHaHa.jpeg,ragno
OIP-BYvcTcjd0Rt3AA_U2-R0SQHaEG.jpeg,elefante
OIP-bZ0iq9ECCEMZy-QiKha20gHaHk.jpeg,pecora
OIP-bZbgssaVRxG4hLqBmWzw4AHaFj.jpeg,gallina
OIP-BzEQBok5KWzOIvZt0SWNdwHaJ4.jpeg,gallina
OIP-bzerovg-SDA_cjnllupUdgHaEK.jpeg,elefante
OIP-BZHmSIA6bWDqikUeLT6eYwHaFA.jpeg,elefante
OIP-bzjHqo2l91fC7DOzALEt7wHaE7.jpeg,gatto
OIP-bzLFL037y5jGCtHLvKqlBwHaFV.jpeg,elefante
OIP-BzNO_LC-Kzx8Rd4Fw-DzIQHaFR.jpeg,farfalla
OIP-bzr_6r8OS-S31RF1RoZnAwHaFj.jpeg,elefante
OIP-BZTSDdRFP7p2oWJbHQMwlQHaFj.jpeg,mucca
OIP-BZu53A1fKh4IpOMw_-a5NwHaJj.jpeg,gallina
OIP-BZwUTAz39WQdWBOzKxSfQAHaFj.jpeg,gallina
OIP-bzyP6NcqWeDJORQ6-qUlagHaFa.jpeg,gallina
OIP-C--PUldQyV0SyahvD9sgOgHaFj.jpeg,ragno
OIP-C-_c4qYpO5b43Kv4biW-jwHaIH.jpeg,gallina
OIP-c-c1T_YHHLdF6OSHbEeZPAHaD5.jpeg,gallina
OIP-c-gsCeZeEVMDDiz-ZfH1lQHaFj.jpeg,elefante
OIP-C-HfojUxyigJg9L_XRw0XgHaFW.jpeg,scoiattolo
OIP-C-Lr2bxmyI08i0R1nMcevgHaGa.jpeg,gallina
OIP-c07zjAaXz471deWhXDIFqAHaFj.jpeg,farfalla
OIP-c0BaJCoyBbQQ7xSre2V6UwHaF7.jpeg,pecora
OIP-C1it5ni3vEvbZinjlDK9aQHaEc.jpeg,gallina
OIP-c1m8Fs7r_2eQrB_VnMB-vAHaFj.jpeg,scoiattolo
OIP-c1oMUduQjD4c3IlKz7rstwHaEL.jpeg,ragno
OIP-c1RzmmBxAkn2N7pYxxtONwHaEK.jpeg,pecora
OIP-C2Eecj5GhGPNxR33WdZMhwHaFj.jpeg,cavallo
OIP-c2mOR6rhu46dfXCYywj_XAHaHa.jpeg,elefante
OIP-C31-_Jc--yCMXpON7FkNxQHaF6.jpeg,gallina
OIP-C3cSTx9ypUCfghzNtX3WDAHaJW.jpeg,ragno
OIP-C3sjwM68emxV_nIHKbcDDAHaE7.jpeg,gallina
OIP-C3xNGEZdRrTA15jRWHs7OAHaFC.jpeg,gallina
OIP-c45UKciXUv9dPXv4GV_g_QHaE4.jpeg,cane
OIP-c59uu8rMJbW35YbbR6F3TQHaEr.jpeg,gallina
OIP-c5eYLuTiQHEVoYrBnFM-MwHaFl.jpeg,elefante
OIP-c5fi6u2rX_QM1SP7OEK8pAEsDQ.jpeg,ragno
OIP-c5HZ_t1FJ9fqUOehxUN4VwHaFe.jpeg,pecora
OIP-c6b_MtNBwQNuJ6ENDE89aQHaGd.jpeg,scoiattolo
OIP-c7cAUfZxufWOXzx3CrRq4AHaEv.jpeg,farfalla
OIP-C7E50wQTzsiKr9Wt3eVpRgHaHa.jpeg,pecora
OIP-c7gwLOa7SqBGnV829xtdYwAAAA.jpeg,cavallo
OIP-C7SyarhoycIwcdYVrewSpgHaFr.jpeg,pecora
OIP-c8Ju5OCoHNPhYGOdVDyrGwHaI5.jpeg,elefante
OIP-C8nd_wXtOBFvWTmzLBF5GwAAAA.jpeg,elefante
OIP-C99UjjPLxdm4KBeVqFBBIwHaEo.jpeg,elefante
OIP-c9b96wfds6eEO8HuPtseXwHaE8.jpeg,cane
OIP-c9eiyGcdJrv7beMpRj7g-wHaEE.jpeg,cane
OIP-c9GCHgtMfr4aUoeWJt55wgHaFX.jpeg,cane
OIP-c9til5b5hxHM-YYqYO-ajwHaGV.jpeg,elefante
OIP-C_0Z6sEK8Jzo2bhW7wbmvAHaEK.jpeg,elefante
OIP-c_5zUkHkurBzVGskYQhRbgHaFU.jpeg,farfalla
OIP-c_90u3-0J-HGRmd2uihnXAEgDY.jpeg,ragno
OIP-c_HWl1sSrGFA9blZ5k4n3gHaJc.jpeg,scoiattolo
OIP-C_HxLDCixO63413xvWwkegHaJQ.jpeg,cane
OIP-c_qXzF4jyl-_q6GEJEdXjgHaFo.jpeg,ragno
OIP-c_tcm4GJsz57RuikZk2QCAHaGC.jpeg,farfalla
OIP-c_XEPeLnYeSFBaujfG06DAHaHa.jpeg,pecora
OIP-c_xgzS8dW7BRbyWuo4HyXAHaFj.jpeg,gallina
OIP-Ca23ef0W6FQVPkgVkDLboQHaFj.jpeg,ragno
OIP-Ca93pkBt6kfjDu7_IbicGgHaEo.jpeg,cane
OIP-cAfeRUyaDSsWnf8CE057EAHaFj.jpeg,gallina
OIP-cAs1HzV1pBvBtvFU94vlsgHaFg.jpeg,elefante
OIP-cavdCK_7-GtYSxivN-kuvwHaE8.jpeg,scoiattolo
OIP-cAxHU2zKxveT16vEUnoXLgHaFj.jpeg,gallina
OIP-Caymt4vrE2ZYVuniWS-CEAHaIF.jpeg,gallina
OIP-CazpsNqE7Vv-v6TEA7xV9QHaF8.jpeg,cavallo
OIP-cBDHc-GRjx_iMoAWabBCwwHaGa.jpeg,elefante
OIP-cBnBMtR3eUuGYYuNfKyJ2gHaE8.jpeg,mucca
OIP-CbXMTAcocBAFWQbgr9y0FwAAAA.jpeg,gallina
OIP-cby4hci63ofuWLPmQfsMoQHaLE.jpeg,gallina
OIP-cc-8iONP1GqIb2I5ueLnzAHaIO.jpeg,farfalla
OIP-CC41xoMko_eX71QAKOW0AwHaND.jpeg,gallina
OIP-cc4gPGDWIq9aoWm983JrOQHaE9.jpeg,farfalla
OIP-cc50LzvV_Svt2N7eG1yWmwHaFb.jpeg,scoiattolo
OIP-cC5zfXlbc903d_V7VWMMtgAAAA.jpeg,mucca
OIP-cCBThtJCH32nEM_dRnxa1gHaE9.jpeg,mucca
OIP-CcGdtuKClESHTuvDIguu6QHaHC.jpeg,gallina
OIP-cciXRs_-jbXgGk42tfrGnAHaF1.jpeg,pecora
OIP-cCMDGuowbbrp_ClT1lvzxAHaGh.jpeg,elefante
OIP-CcNRpVuoHw7iRUFZWL8NEAHaE7.jpeg,farfalla
OIP-CCRlJ-WAon6IKHPqDF-PVQHaHA.jpeg,elefante
OIP-CcVSM1pM-QoKnaQtO8rDRwAAAA.jpeg,scoiattolo
OIP-cCxxs8owDvEKI1rTKK9vSQHaFj.jpeg,elefante
OIP-ccYzlD_ho1QiaWApJJunmgHaFj.jpeg,gallina
OIP-Cd__dc47qI6x9X0Y2UluVAHaFn.jpeg,elefante
OIP-CDAR3yj6nS6QxrSrCegiowHaGP.jpeg,farfalla
OIP-cdC1S26c2pozyERU0IbLigHaFO.jpeg,gallina
OIP-Cdj4gGESbZx2FLDg5vL5QQHaGi.jpeg,gallina
OIP-cDmklzPpjVfja3q0HV3vygHaFX.jpeg,mucca
OIP-cdQVpMjez1SBBiTXWablJAHaFN.jpeg,elefante
OIP-CdR-6KBXx1zELwxLfTLGsgAAAA.jpeg,elefante
OIP-CDT8SDAJ-Qe9G6EXo8mdgwHaFk.jpeg,gallina
OIP-CdWP7kYBuiSS0H_oYKQ3ngHaE9.jpeg,mucca
OIP-cDWV1hJ6Me6p-IMTnWyJtQHaLH.jpeg,gatto
OIP-Ce1Mrqo35RaSK7ZVp2ba2gHaHa.jpeg,mucca
OIP-cE7GdkhEn1hHaLXMq8l4kAHaFj.jpeg,scoiattolo
OIP-cE7rRAF8CKqzrtA_1AIp2wHaGE.jpeg,ragno
OIP-cec5EyDmAeXcCvB60nvVqgHaE7.jpeg,ragno
OIP-cECWRGkxJY4kOd-l1AykdAHaFI.jpeg,elefante
OIP-CedP4_tjJeqLIShDS4zY8wHaEK.jpeg,cane
OIP-ceg7jhjzVCGdIU3azGUo8AHaFj.jpeg,scoiattolo
OIP-CeHtWML2cAlYtu1GOUhjmwHaE7.jpeg,gallina
OIP-CEIFKRpeDYxyJy0EdZSyIgHaGL.jpeg,elefante
OIP-CEka3HcP1pOS4br-2BVOwwHaFj.jpeg,elefante
OIP-CEo3sFzKoSMSFGQrKrdFpwHaGq.jpeg,elefante
OIP-CeowNso3eGWzi4uxQIA58gHaFb.jpeg,elefante
OIP-CEqBHheYu9P_hHPbKog7RAHaFj.jpeg,scoiattolo
OIP-cEsIZBo1Flu-QibQ36AyRwHaGA.jpeg,farfalla
OIP-cEWNqqxyG0_718VY8RtTKgHaE6.jpeg,elefante
OIP-cEWP6jbyfSrTW2YBisn2zwHaE8.jpeg,gallina
OIP-cF7Jxb-ygUw0SmI2L-7u7wHaFj.jpeg,elefante
OIP-CfADezm1osJA4LZ1UoJCeQHaFE.jpeg,elefante
OIP-CFbGxDjWA7OQ7zxx5WnjOgHaKD.jpeg,cavallo
OIP-CFBnXS4AOjUg8l5scP1RUgHaE7.jpeg,cavallo
OIP-CFdY67nIqfHXErNUEydkZAHaFj.jpeg,elefante
OIP-CfezXCw-EKWLwgA2RfSqAAHaE7.jpeg,elefante
OIP-Cfj1XYF8aLsUILh4TaYepQHaFT.jpeg,elefante
OIP-cfjhHuFaFQoSiGTaYzUqtgHaGF.jpeg,farfalla
OIP-CfjwC6hdesBBwUH4ZEvWxAHaFj.jpeg,scoiattolo
OIP-cFOME15Xegz6PhOTDJ1g3AHaHa.jpeg,gallina
OIP-CFua8XcQYhor5LgWBjSLoAAAAA.jpeg,ragno
OIP-cfXEswixtjID44jq7gTJjQAAAA.jpeg,cane
OIP-cfXsPxcuLXy9nw6BpUdNPwHaHa.jpeg,farfalla
OIP-cFY-X5FnE-NEU0-yf0Vu-gEMEs.jpeg,elefante
OIP-CG9ScW1Jh33Bg0uif6-XNwHaHa.jpeg,scoiattolo
OIP-CGaWwbvvgQKgO-QEaDDX2wHaJ4.jpeg,elefante
OIP-cGCNy1z_w66wE3yOnWedKgAAAA.jpeg,ragno
OIP-cgGgTTt1sS1RYsuSsbylUgHaH_.jpeg,gallina
OIP-cGjY4G6GCLdaaJ3cE6fEgwHaHP.jpeg,elefante
OIP-cGNeyld-67mf7VCZvbSNkwHaFj.jpeg,farfalla
OIP-CGp1B3YVRN5fQWf5rtI97QAAAA.jpeg,ragno
OIP-cGSeAAQegypHkxqnQvKeMgHaFj.jpeg,elefante
OIP-CgswfW0hqcfFkK2PeIMzGgHaE6.jpeg,scoiattolo
OIP-cgunBC461w6ABAkXytyQWgHaE8.jpeg,gallina
OIP-ch2g1R6iveCrvmYKFmNQ2AHaFk.jpeg,pecora
OIP-Ch4KMGkUQ44zRI6EgWCHAQHaE7.jpeg,elefante
OIP-Ch58zR5g9cv03XWgS9h_YAHaFj.jpeg,cane
OIP-chACMJA_V_xH_fBcHhXhdwHaFk.jpeg,gallina
OIP-chat80tQ3GsGkdFxdCpD7AHaFj.jpeg,pecora
OIP-Chbai5ssqMEVxCBzZ2FFBwHaD5.jpeg,elefante
OIP-chCGqbYpwtNfUD379ttIRAHaGa.jpeg,elefante
OIP-chdqMCoeMCu1PJ9MDrFSZQHaF7.jpeg,elefante
OIP-ChdY2HLIZD9RQXyO3m3phQHaJ1.jpeg,elefante
OIP-CheLQvx-rEg-ipA9cCb3cwHaFj.jpeg,pecora
OIP-cHey5gRWsRsaAeHZpuo8WwHaEq.jpeg,cane
OIP-ChF1r8cL_fs9SpVfGUdF4wHaHa.jpeg,elefante
OIP-ChgL3oY1iaEAKl7XrBOxlgHaHa.jpeg,mucca
OIP-cHIZKDx4pkDkFdLHDnKl4wHaH_.jpeg,elefante
OIP-chL8-bFDeKjtd-JrzK3nTAAAAA.jpeg,elefante
OIP-Ci-wQv34eUxY-MGHjsEB3gHaLJ.jpeg,elefante
OIP-CI9R2s71OtifnjkcY-91MAHaE8.jpeg,mucca
OIP-cibdGZG6699qj-0lkftdlAHaFj.jpeg,scoiattolo
OIP-cIbJXpiYS7CGwvN9P2vNuwHaGs.jpeg,elefante
OIP-cihFywlHpXlTnmt_A3AEMQHaFj.jpeg,gallina
OIP-cIlrGxs98NbXLNxYJ03BhAAAAA.jpeg,elefante
OIP-cimY0LpJDyirKmMGm6DhKgHaF7.jpeg,cane
OIP-CInG5dP4OTWux6-bo2AQowHaFj.jpeg,pecora
OIP-CIPbphsPIZj75WY7aoyWlAHaFj.jpeg,elefante
OIP-CiU6e_ch06Ljb5BcaHOHpwHaFD.jpeg,cane
OIP-CIWn2SRZJUUooXC-IsOgsAHaE7.jpeg,farfalla
OIP-cIXL_QbzY9dStoUhh5FNnQHaFG.jpeg,elefante
OIP-cj289opM53eTi1BrZjEfiAHaFL.jpeg,elefante
OIP-CjaYN5PFjjSMHChNGXLuawAAAA.jpeg,gatto
OIP-CjCoTdKDQYBORrN74Ev9IAHaFH.jpeg,cane
OIP-cjGpRdjLqWtTO1W6GYMchwEsDH.jpeg,elefante
OIP-cjmtN5PJ2qWuynSYl101SwE8DF.jpeg,ragno
OIP-cJSz_wXKitzVEUCRMq4r8gHaED.jpeg,elefante
OIP-CjT5We--TqAmuh5HBoQNmQHaLm.jpeg,gallina
OIP-CJzPf2foN6BU5424VBhk7AHaGY.jpeg,elefante
OIP-ck_hYbCNlnOvjik4gN498wEhEs.jpeg,ragno
OIP-ckbM79Iddn44A3FRSTlseAHaEw.jpeg,mucca
OIP-cKKDW12GWhI0cn9salQH8gHaGF.jpeg,elefante
OIP-CkWKjMFn12Mk4xickJNLCwHaJ4.jpeg,pecora
OIP-Cl4AiGdjm8pA7nPfWfqpyAHaFj.jpeg,gallina
OIP-CL70G2Ygnmv9sOq5jGo7EgHaDg.jpeg,elefante
OIP-CLaX6xyd9wWnw5tq5bRXdAHaGL.jpeg,ragno
OIP-CLFdvDJheCKC8cORw7zowAHaJ4.jpeg,gatto
OIP-CLiUUbb_gxfiByP_lwPW6wHaIM.jpeg,mucca
OIP-clLHF34nxmz8egGg95Su-gHaFj.jpeg,elefante
OIP-ClouaF7xCWC5xU_nhAJfxAHaFc.jpeg,elefante
OIP-cLxP_pbfCmwknjagDaDxxgAAAA.jpeg,gallina
OIP-Cm21in9jE8MQnsPdqf7GTwHaJ4.jpeg,elefante
OIP-CM9VdkmMdx7T7gYxmDzIjgHaEK.jpeg,scoiattolo
OIP-Cml_1FGWW64K4X6BZ_pHUAAAAA.jpeg,pecora
OIP-cMMLmBM706xlSEquU6KC3gHaJk.jpeg,pecora
OIP-CN0OQvykIXDq1wR_C7kcIQHaEK.jpeg,gallina
OIP-cnAGMlk5PKBy-6D86XRYWQHaFu.jpeg,cavallo
OIP-cnD0u71qMATGJ8xHQx9MuAHaF7.jpeg,elefante
OIP-cNgyeNfgW7-6GcL7uKoO2QAAAA.jpeg,elefante
OIP-cNIb_cAIERZy-4m5qm4cuAHaFi.jpeg,gatto
OIP-CNIkS7KhrlNHww2EbWBJpQHaFO.jpeg,elefante
OIP-cnmr4asX-mDGl1-RsJkcwwHaFR.jpeg,gallina
OIP-cnT4l1wEp-kF5VxvcZdKUgHaJG.jpeg,gallina
OIP-CnT9xEkdg9OOQwcHRrKVOAHaFd.jpeg,gallina
OIP-CnU7PzDL2Gdw8Rg2safwHgHaJ4.jpeg,gallina
OIP-CO-hSSW2qn9bJk97qxuNqQHaF7.jpeg,elefante
OIP-cO451atPzUMJAiqmYEjjaAHaFi.jpeg,elefante
OIP-CO7jhq10YTeiZRfjQ3lLmQHaFj.jpeg,gallina
OIP-cOa2H3w86eW80AGm4g2JzgHaF6.jpeg,gallina
OIP-coBO7uFplqKPqZoHXMSyyQDhEs.jpeg,elefante
OIP-CoCyGG8MdfTTTAuWjQEWEwHaKS.jpeg,gatto
OIP-CODA18ls4LN8vsa0eR9FoAAAAA.jpeg,mucca
OIP-COE-JAB_Ba8SXAfGKrvmWwHaEo.jpeg,elefante
OIP-cOGgO_0P9g9R85BTZwt-DAHaEK.jpeg,mucca
OIP-cohSUfrnANuWwu5z9jgPIQHaE7.jpeg,elefante
OIP-CoioeQKOw183tG71cy1fJAAAAA.jpeg,gatto
OIP-CoRMOT-G8eJbr_R4gjV0RgHaIB.jpeg,pecora
OIP-cOwu8QE7H_ntN2-vZBvKiAHaGb.jpeg,farfalla
OIP-COyt3F_OMuHNkEjsxtpVrAHaE8.jpeg,ragno
OIP-cp-ocofEkj1boyUzkuCGXgHaFj.jpeg,gallina
OIP-Cp0kf3DgmvpJA7UcHaalOAHaLF.jpeg,gallina
OIP-Cp3JXmduUHWUNkwGo8r-KgHaH5.jpeg,cane
OIP-CP9VIEF5lYfJ1KWdo99WzwHaFY.jpeg,elefante
OIP-cpE0KMbYZpML5ONYXvrZBwEyDM.jpeg,cavallo
OIP-cPxO7qPpvk_DfM4Xw-U3oAHaE8.jpeg,cane
OIP-CPZ901U4rxmW_Lg0OF41WAHaDU.jpeg,mucca
OIP-cpZUZba0RLh7l2d9ufyTewHaEh.jpeg,elefante
OIP-CQ1dKZJwulOFVfvSRkArKgAAAA.jpeg,pecora
OIP-cqElmkek2Tr6iRJVsVbzlgHaHa.jpeg,elefante
OIP-cQg8LLVtlmqTeD0nkszA7AHaE7.jpeg,gallina
OIP-cqIuXNp2b8uTF6BCLJj3wgHaIi.jpeg,gallina
OIP-cqpzFT706ZYKxXxpuKGJiQHaE8.jpeg,gallina
OIP-cQQVMOVcJn0hMBd1VrQrfgHaFj.jpeg,farfalla
OIP-cQr9XhtIGD9s0MB92mEo8wHaLH.jpeg,pecora
OIP-cqSA2Vq0adN_c5DWx7h7KQHaEZ.jpeg,gallina
OIP-CQsthSnFrYv-8p7PGHMpMQHaHW.jpeg,scoiattolo
OIP-CQWKLB_oKRJREfAxa5choAHaFm.jpeg,gallina
OIP-cQx_XtdKIis0NQhB_7m3fgHaFj.jpeg,pecora
OIP-cqznqxjZWPexvx2ZcDj-1gHaGU.jpeg,gallina
OIP-cr1Qf-MmKqKtvWvFjBDg_QHaE8.jpeg,elefante
OIP-CRbtTx2tu4t7MoamHYbrcwHaEK.jpeg,cane
OIP-cRe5foT2kPFphZ4ig29PlAHaE3.jpeg,elefante
OIP-CrEPBiqduLPeZCynl49N-AHaJ4.jpeg,cane
OIP-CRi2Q1qU4yb3mSj0yYINSAHaFS.jpeg,elefante
OIP-cRi3kLergY3K32CXfNIB3AHaFb.jpeg,gallina
OIP-CRJXZbzY67o09vMY47RBAgHaFj.jpeg,pecora
OIP-CRlgwzmOMHcNEJk5vxkI6QHaE7.jpeg,scoiattolo
OIP-CRLPhS_I0ZjuD_VH3EusigHaFk.jpeg,gallina
OIP-Crr61_aORPJz0ZdDn-Ef0gDIEs.jpeg,elefante
OIP-CrWpU_0ZLOMlvsu44EVD-QHaFj.jpeg,elefante
OIP-csdDYEAuWtvHs4LVxyPz3AHaFj.jpeg,pecora
OIP-CSI5kl_FeSVDaJHoleCf1gHaJ6.jpeg,farfalla
OIP-CsjLOw0C_RYX4QSI7hw7YwHaEK.jpeg,scoiattolo
OIP-CslS-MBLpkv4Be0-wKecwQHaHa.jpeg,elefante
OIP-CSvDZoLwZNwQsYD3pckouQHaEy.jpeg,pecora
OIP-Csx4_qSdMnhipBXP2xqGigHaE9.jpeg,ragno
OIP-cSz25ZlRYIBB0Qnz7HKJkgHaHa.jpeg,gallina
OIP-ct9c4ZBt4p4ZRKG41ZnbJwHaE6.jpeg,mucca
OIP-CTCAYDCKqB3WBlJOXD3QgQHaEo.jpeg,elefante
OIP-CTeDdcx_p_7cU5fnwy4yxAHaFj.jpeg,farfalla
OIP-ctEpvdjNIY-XUP6T23J_lwHaGF.jpeg,gallina
OIP-ctfbsXVavnQ2suRaveC_ewHaGX.jpeg,gallina
OIP-CtHOpA1Q3F0n5Oh27J9o8gHaFj.jpeg,pecora
OIP-CtLIk2oOVgYyxd3x_fS1PAHaFj.jpeg,cane
OIP-ctmotJA2LJGHGKNLDDcYNgHaFD.jpeg,pecora
OIP-CTQLLolwepEpHlL8Ri-HsQHaFj.jpeg,gallina
OIP-CTqxrGnvmXcDnF5vlcUO7gHaEO.jpeg,gatto
OIP-cTucz_88QCMahQW2h9mSjwHaEJ.jpeg,gallina
OIP-Cu4wCTbAuqNns3TuLDKE9wHaIl.jpeg,ragno
OIP-CU7hekviz00QuR4bVKiU4AHaEq.jpeg,elefante
OIP-Cu95chDcak4YWz4LAZmCkAHaE8.jpeg,gallina
OIP-cU9S9aVk2Of5n7ynvuqVjgHaG-.jpeg,gallina
OIP-CUa2MYdQ_CBfKOI8WNSplAHaGD.jpeg,elefante
OIP-cUDAJghYm4RcwdkZJ-CaSwHaFu.jpeg,gallina
OIP-cuNwXJzhWeXHu9cy6UQKvAHaE6.jpeg,elefante
OIP-cuVfwlo5zJbCC1LzAv2QgwHaEL.jpeg,elefante
OIP-cuWs8s57A9d7_c0RCwDDTwHaGL.jpeg,farfalla
OIP-CuZtAQI0Tkt2bwzAOipCJgHaFW.jpeg,elefante
OIP-cVaGQ7MaU3Sghm9UzNMMdAHaE8.jpeg,elefante
OIP-CvaJrVqRzqD481i9-HpWcgAAAA.jpeg,elefante
OIP-CvbPEMMtVCCOKpzOUnb1bQHaE7.jpeg,elefante
OIP-cvCwyJgo48OD11XdW4iBVQHaFp.jpeg,farfalla
OIP-CVdD0euh9um_AL_gCU5oZQHaE8.jpeg,pecora
OIP-cviMp1TsirlZBhHeB8uByAHaHZ.jpeg,farfalla
OIP-Cvjom2qdTWEmELUK4AnKqAHaFV.jpeg,cavallo
OIP-CVM_7w0IAZO26dDwn72UKgAAAA.jpeg,pecora
OIP-CVNXiIj7GybNUARwH5s5vgAAAA.jpeg,elefante
OIP-cvsi_luLT3JEQjEXuGq9DQHaFs.jpeg,scoiattolo
OIP-CVTy_DNr7BZuzfImPQl_1AHaJ4.jpeg,gallina
OIP-CvUsKZjTAFweTpr52HLxQgHaE8.jpeg,elefante
OIP-cvVjZQ7Z-ywEaeVTC8VkBwHaFC.jpeg,farfalla
OIP-CvvSt0EocXtpI_2wkrk3UQHaE8.jpeg,elefante
OIP-CVYZXIkH2EcMBaf1t-AgjQHaC7.jpeg,elefante
OIP-CvZ7pLveU15055xV-iegyAHaEK.jpeg,elefante
OIP-cw4CXbyoy9GaInwU7cs6ewHaE0.jpeg,gallina
OIP-CwgYbQEAidTfissHlAWcBAHaFX.jpeg,gallina
OIP-cwH16BLERlHnCfoaoX4_YQHaFS.jpeg,gallina
OIP-cWHKPQj9sgSBFZ7RyVJIiAHaGW.jpeg,gallina
OIP-CwilTBfToalXNk0ad4P38AHaKj.jpeg,gallina
OIP-cwsK_ilyUoKlgQLyv7z20AHaE7.jpeg,elefante
OIP-cwUxxcPZAIRou3tiVZQRJQHaFj.jpeg,pecora
OIP-cww0pdHF17LQl3AjfgvU2AHaE8.jpeg,ragno
OIP-CWWbPWu2gfGOrzhe4IYywgEyDM.jpeg,elefante
OIP-cWz62YP_XJsaGpAsFNN9zwHaJ4.jpeg,gallina
OIP-CX-iFk4nCc-yyLaGget_PgHaGe.jpeg,cavallo
OIP-CxbKwQ9whOtmoZi7YeIKGAHaHr.jpeg,gallina
OIP-CxguBjDoLppD718AstzxzgHaE8.jpeg,pecora
OIP-cXJMVJ05iWAvcDblkh7vrgHaFj.jpeg,elefante
OIP-CXLlNMy3RQ5N6p1GyMKa4QHaDo.jpeg,elefante
OIP-CXr8ZEzfvwhvQYL_ttC3ZgHaC9.jpeg,pecora
OIP-cxt2fYL907ooRg8tQaZA8AHaEs.jpeg,elefante
OIP-CxzD3NJfBSDaFzV38vb-SgAAAA.jpeg,elefante
OIP-CXZWIwtT3wYvlE2-3ofoQQHaHV.jpeg,ragno
OIP-Cy0D3aI9BNjJ4bPlZQgmtwHaFk.jpeg,elefante
OIP-cy74eQNQ3_vTnDDY5zK3CQHaE9.jpeg,gallina
OIP-CYQoF-yC2P6tmY06TSmtsAHaFj.jpeg,elefante
OIP-CYteIgppr9LIAnD91LIxaAHaHH.jpeg,gallina
OIP-CZ7ziW-q5Tiiik6kWPpVdQHaE9.jpeg,pecora
OIP-cz9ogXbrwPX7F71TBFrPCAHaE7.jpeg,gatto
OIP-CzG69-nGQ5fGnCiKsULvpwHaFq.jpeg,elefante
OIP-CZJbGH0BsTK9dPGmcDTg-wHaIB.jpeg,gallina
OIP-cZQfUKoh-eMspJ6fRei3-wAAAA.jpeg,cane
OIP-CZvodHugfKp2SgSAy_28bQHaFH.jpeg,pecora
OIP-CzWCtTEPzTllpl0sbqG8WgHaFc.jpeg,elefante
OIP-CZWZMeQON-pO2fghciX96gHaFh.jpeg,elefante
OIP-D-0B4vPROPCKLLMCOaQUGAHaF7.jpeg,elefante
OIP-D-ED9mH0THQOdqFqwfEUXQHaFj.jpeg,gallina
OIP-d0Hn1SEmhWySCWpVqbA_RAHaHM.jpeg,mucca
OIP-D0RHjyHHilr2Z1R1ShqmiQHaIc.jpeg,elefante
OIP-D19DHVSDYVMtWpP6TWZC6AHaFc.jpeg,gallina
OIP-D1b3pvKXMHIxnxLAWo7kXAHaFj.jpeg,pecora
OIP-D1byaYR4EjhJPGiY60pHaAHaE8.jpeg,gallina
OIP-D1ECpforuq6QEJCzzlUsUAHaE7.jpeg,pecora
OIP-d1gBFrJhoA-vppFR4lhuFQHaE9.jpeg,cane
OIP-d1reB5pHkd-N_rvjavW-UgHaE7.jpeg,elefante
OIP-D1uFxT3QcS914s9UvFTXTwHaHm.jpeg,mucca
OIP-D1vRsPmHn2Bl7HjT840KlgHaLI.jpeg,gallina
OIP-D26QfgCPDKEiGas2mmTkdAHaNK.jpeg,pecora
OIP-D2khLBSh1rAFwzbvXHLvJgAAAA.jpeg,gallina
OIP-D2pXu3FOqoK_IR2_HWICGQHaE8.jpeg,gallina
OIP-D3-GWfNnnq93lmqaGK1lewEsEJ.jpeg,elefante
OIP-d3mt5_f21GjWudTbFgbhXwHaFJ.jpeg,farfalla
OIP-d3T33F142ii6qG93hOPrkwHaFi.jpeg,mucca
OIP-d3zZfkx9CYr-uyGEJN0q0wHaE8.jpeg,elefante
OIP-d4gRimkmSluLrdAyvtxrIAHaFc.jpeg,gallina
OIP-d4GTtlOjUB9C5TxGG-OcHwHaH4.jpeg,gallina
OIP-d4yqvy2MOY4QHlXkpothrgHaHa.jpeg,cavallo
OIP-d5e-Z2lgwBC_oaB6hO1mqAHaFC.jpeg,ragno
OIP-d5LgzPYkKx2o8TaLj2vzLQHaE7.jpeg,gallina
OIP-D65shs_QaLjg8USfaWpNqAHaE8.jpeg,elefante
OIP-D6BUkBN5wh_nkoheV7sVOgHaE5.jpeg,elefante
OIP-d6FQ9oA9k0E8bVo_vUCaSAHaHa.jpeg,gallina
OIP-d6s0xD6niqf80XjzeG7htgHaFu.jpeg,scoiattolo
OIP-d7_s-dcGHE6r3r45WGBd1QHaFT.jpeg,scoiattolo
OIP-d7avlexCI5wvLQTenu3PfQHaFj.jpeg,cavallo
OIP-d7E2LSXp4qr_hrIZkCt39gHaE8.jpeg,elefante
OIP-D7l20Dm3j0PbTxE4sDd5tgHaNK.jpeg,elefante
OIP-D7pA86GIpJ-6HfwvEol41AHaFj.jpeg,farfalla
OIP-D7sOquZ9Sf47KQGnN02HdAHaE8.jpeg,pecora
OIP-d7yBCsDox6mBCRoDKM4itgHaE2.jpeg,pecora
OIP-d81m3tsAliB-sHgAvOyNHwHaFj.jpeg,elefante
OIP-D8_WRZ1UfCia8rfX5TpbwQHaE8.jpeg,mucca
OIP-D8b1JfTixarvdKsCgdzClwHaEo.jpeg,gallina
OIP-d8fz140mx8eQHTbmu_5hTAHaIn.jpeg,elefante
OIP-d8IbcHG5yYFMwOhtEvmglgHaFf.jpeg,gallina
OIP-d9-20UlLLtQDAMODxTY6TQHaGW.jpeg,gallina
OIP-d9bHJHlR2YghHgi4GttaAAHaFk.jpeg,scoiattolo
OIP-d9jcKuq-_1qmnbvnddYrSgHaJ4.jpeg,pecora
OIP-d9oyYjb9-GSA56Glv3EV0QHaIO.jpeg,gallina
OIP-D_3OoMx_INqgoE-rjLch5AHaH6.jpeg,farfalla
OIP-D_5l663NsHHmbtzYvOEcPAHaHY.jpeg,ragno
OIP-d_Fh7k6wmL0oBy6HmljboAHaFL.jpeg,elefante
OIP-D_huQpf-6beIj81DlpaibwHaFj.jpeg,elefante
OIP-D_k4ICHS9PG7cSIHzLgnIAHaG8.jpeg,ragno
OIP-dA2MwQ3wOPUFbsqn9P6ZUwAAAA.jpeg,mucca
OIP-DA4OK4pmLWr9b82pAqiCqwAAAA.jpeg,scoiattolo
OIP-DA9iT5qKq_bWQynhJpGPgAHaFj.jpeg,elefante
OIP-daackH5oYfaM-HK331ov_wHaE7.jpeg,gallina
OIP-DADV92EUf620vZR88TTYCwHaFi.jpeg,gallina
OIP-DaK_pAkClaIrZrTH0FVk_QHaFf.jpeg,gatto
OIP-dAOAcPPGr__aSk6kr_gimwHaE-.jpeg,pecora
OIP-daWggfAs-rdzIykOhDJ9uQHaH_.jpeg,gallina
OIP-DAwZxrtj_3gDgn1YOeFqLQHaGN.jpeg,elefante
OIP-db-huCbTuHrvNn8E-pL0MgHaJ3.jpeg,scoiattolo
OIP-db2uD6932T1c5prtkzpRnAHaGQ.jpeg,ragno
OIP-db7e2PXu7ggJqqPyxqfpAwHaGF.jpeg,scoiattolo
OIP-Db83EaUMf9O3fT6MpfkIxQHaGt.jpeg,pecora
OIP-Db8DLdMOt3xa4vd4Bbhw3QHaIV.jpeg,cavallo
OIP-dBBdy6AONSJoWqut9U1qygHaFk.jpeg,gallina
OIP-dbDRVzAqoTPk1BJFttTYqAHaFj.jpeg,scoiattolo
OIP-dbDYRG7G_myMCOfiTtJJigAAAA.jpeg,gallina
OIP-DBfUbwR8kJ9INwdSdZ-xXAHaHa.jpeg,ragno
OIP-dBH64zOpvnglYwNlb5h_sAHaFS.jpeg,elefante
OIP-dbHC9QL4p8TWmkEAgz_DZwHaIB.jpeg,elefante
OIP-dbJVax69JjxcOPWfyHtmdwHaGJ.jpeg,elefante
OIP-dbL3J8iYVwwpuvH_AGbKfwHaFS.jpeg,elefante
OIP-DBlaXsS1P6n748ETt7vOnAHaFj.jpeg,scoiattolo
OIP-DBZiRX5sVQOIh_L0NSORMQHaJ6.jpeg,elefante
OIP-dcF8wNkNTBL8lZ6uepPgtwHaE7.jpeg,scoiattolo
OIP-DcQf4YaC723GXS-XXV9EFwHaFj.jpeg,gatto
OIP-Dd6IJX_UtbRxu15ugrSWHAHaE7.jpeg,cane
OIP-DD8P_F4D2DSNU2BbeQGHYAAAAA.jpeg,cane
OIP-DdAAKCMsaS7IR8NDS1CpVwHaFb.jpeg,gallina
OIP-ddfqi5W3wfXwFryN7iFKkgHaFj.jpeg,elefante
OIP-dDHSARvUcAE0PuCfff2AvgHaGn.jpeg,gallina
OIP-dDLjPFqnq6cpeejLPqEj-QHaGx.jpeg,gallina
OIP-ddMsmcHVNpt8sxZar6kYjQHaFi.jpeg,elefante
OIP-DdpaUOhNRyURBbK89ihXRAHaFc.jpeg,ragno
OIP-dDXcKDHyP95guHx3t3ya2wHaHa.jpeg,gatto
OIP-dDzakgRrw9j2XPhp30CxxwHaH8.jpeg,elefante
OIP-dE-wNQfnlzxu1jsDWtMtdQHaEA.jpeg,gallina
OIP-dE0RyeYoiMR7D12rsGKAJgHaLP.jpeg,farfalla
OIP-DE_7GuDTr7Q7s-JNOAHK1AHaFj.jpeg,mucca
OIP-dEfP5s6T0IbgG_2biwuqWQAAAA.jpeg,pecora
OIP-DEg80A2BXG8zsdYhL_oR1gHaLJ.jpeg,elefante
OIP-DEhqfvk3r-UQ2oz9-_i0jQHaHT.jpeg,cane
OIP-DezrajSNFGDdT5NkIQHUlAHaFh.jpeg,scoiattolo
OIP-DF6BC184KJO4T8Ip-h_QlgHaFj.jpeg,pecora
OIP-dF6m3P5QC5C_sHDHgku0IgHaFr.jpeg,elefante
OIP-DfcaliKqw3-uWDU6uwCeYQHaE8.jpeg,gallina
OIP-DFCsGE6cmuBD__avblbELwHaFj.jpeg,pecora
OIP-dFdCdAQP9_e5MOmku07yFwHaGk.jpeg,gallina
OIP-DfFCEptPCtTn2_VZ4tODwQHaE6.jpeg,gatto
OIP-dFGbYMzWlocsfoVfh4suyQAAAA.jpeg,scoiattolo
OIP-dFiMbaJIRR4WOq98z96bfwHaJ4.jpeg,pecora
OIP-dFIqps2joOKgVOTEf1e99QHaE6.jpeg,elefante
OIP-DfkUxkNnMljgolsf2PSkYQHaDc.jpeg,gallina
OIP-dfl9Aw490aFrGo-aHz-N5gHaEr.jpeg,elefante
OIP-dFLMSWh7MTfPOpJ_b3kn9gHaFj.jpeg,elefante
OIP-DfmSRn-2XIwjU0XsyNdiXgHaEK.jpeg,elefante
OIP-DFQ8YqMU9y-IbfJAT8_VngHaHb.jpeg,cavallo
OIP-DfreurjrjB9vKYoElk9enAHaE8.jpeg,elefante
OIP-dfyTZhACUie1DYpm6KGLUgHaE3.jpeg,mucca
OIP-Dg67kXPQfPxcZdGb1z_5EwHaGL.jpeg,scoiattolo
OIP-dgCjs8kzbUBgoM0Ixc5-jAHaFj.jpeg,gallina
OIP-Dgd0S-5j1odXE50VmH7qwQHaFQ.jpeg,elefante
OIP-dgHrcHjeD44INTCOhRkYRQAAAA.jpeg,gallina
OIP-DgiBDfjbkSMbL_ANs-h7kwHaE9.jpeg,elefante
OIP-DGiug76ba8fYEDPi73DPsgHaE7.jpeg,farfalla
OIP-dgJU7N434c4DVApmix1EDAHaEe.jpeg,elefante
OIP-dGP-oNaM8aFkSYdl7SNSMwHaEK.jpeg,elefante
OIP-dGpOsN-cb_fb3uXH9F62QwHaFp.jpeg,farfalla
OIP-DgsbzWC-tVokjdfdl4q_MwHaDj.jpeg,elefante
OIP-dgWx6S4thfc7jWJc_GrsnAHaGR.jpeg,cavallo
OIP-DGy59yjiRVFMsibGB4ymRAHaG1.jpeg,gallina
OIP-DgYb5Rtl831DRNrv2RzdPAHaE8.jpeg,gallina
OIP-dh-ksc5IsoZPXxIaudeXIAHaIQ.jpeg,pecora
OIP-dH2pDyR_-bh3T7JcOU9C4AHaGG.jpeg,pecora
OIP-dh98DDFSVDwxnJZquJiyFwHaGn.jpeg,gallina
OIP-DH9IKUkb3QViL3sEusrn_AHaFx.jpeg,ragno
OIP-dHbIw6ZdRSD5dhCF6D0hlwHaE7.jpeg,gatto
OIP-dHHSRau74PoOGIXA5DkCcgHaEK.jpeg,elefante
OIP-dhIzRzgDn25cKhCKxFdNfwHaEK.jpeg,elefante
OIP-DhqiBszsAAHsEPGMzBHtiQHaE7.jpeg,gallina
OIP-dhRFxC1YeHAG_Moi0TCnBQHaJ4.jpeg,elefante
OIP-dHuBemyQBjdTSToV092QQQHaHP.jpeg,farfalla
OIP-dhUtdVkGYDRTs7ypawO9-QHaG3.jpeg,elefante
OIP-DI1ZiF8PCZ2_XneBzLLGAQHaE4.jpeg,gallina
OIP-dIa3Ya63XYnYjQJr7cVPbgHaFE.jpeg,pecora
OIP-DijuhTy-FM029ZgsZT4oVQHaFj.jpeg,pecora
OIP-dIMCwLfqJyaTLUqMiKS8XgHaE7.jpeg,ragno
OIP-diMnohJ8LVZZvABr31xJHAHaHV.jpeg,elefante
OIP-diVY8zXCk8O91syGcD2XZQHaGZ.jpeg,elefante
OIP-Dizq2R1I2qhxGHmooD25RwHaIN.jpeg,pecora
OIP-djCoNZIvfxhlGndMOU8jVAHaFp.jpeg,elefante
OIP-dJrK9Ti7LFKBuCG3oJpCtwHaE8.jpeg,scoiattolo
OIP-dJt6Basi6IobkHiXQcpuiAHaFk.jpeg,gallina
OIP-DJVyUIdtUzWYsCq4YgLDcwHaDK.jpeg,elefante
OIP-DJw1g3Jg6rzk_8iysMFOKgHaHa.jpeg,gallina
OIP-dk-_pb6e3vpgSCgieR_QVAHaIj.jpeg,cane
OIP-DK8kLnfqUbggl0J-TB24_wHaE5.jpeg,elefante
OIP-DKCiEzdL-NNa7QF9jySUSgHaGV.jpeg,elefante
OIP-DkG6w7oaGzMOQhSpdEJx9wHaKo.jpeg,elefante
OIP-dKN7OD7JzkovvlxJr33GpwHaEG.jpeg,farfalla
OIP-dKNe3M4vneE_rxVI-oZclAHaE7.jpeg,gallina
OIP-dkPoin87cPGBN8AB_TTb9wHaFj.jpeg,gallina
OIP-DKSEFN5KdGDzJHwiRv2E_AHaFj.jpeg,elefante
OIP-DkSIVaYTz9d-MD_-F8_GMAHaGw.jpeg,gallina
OIP-DKzzAkGK5Tt4y8G16p5o_QHaFj.jpeg,scoiattolo
OIP-dL70lxhhAAp2gAUDYT4BVwHaFR.jpeg,gallina
OIP-DL_IigTXGyMfa6OEnyQF3QHaE8.jpeg,farfalla
OIP-DlDViQIblSmIc42nETFiMgHaHa.jpeg,elefante
OIP-dlEojPypIkt--w3ukDrOFgHaKe.jpeg,elefante
OIP-DLfKFBD3i_SGY3W6kau6TgHaLH.jpeg,elefante
OIP-DLQyfXgfjEL5mHlreZZdkwHaEw.jpeg,ragno
OIP-DLrOi02RiDEWGhGaUet5RAHaEi.jpeg,mucca
OIP-DlvOxNav2Eqpb4DSpcF74AD5D5.jpeg,gallina
OIP-DM3ShkqQA4hIm3NaInaZyQHaJ4.jpeg,elefante
OIP-Dma9Drvy3E1u_la5Ku4ZUQEsEs.jpeg,gallina
OIP-dMqgKdcpE_sPyravYVx6bwHaE8.jpeg,elefante
OIP-dMvqnQLX3-5d5o1Crcfd2wHaHk.jpeg,elefante
OIP-DMynqLR22ikEkQ-tswj4QgHaFj.jpeg,elefante
OIP-dn2OQCKARrHW-rl9ziGlOAHaHW.jpeg,scoiattolo
OIP-DNdGx8Himj2C7NCdjGKnIQHaE7.jpeg,elefante
OIP-dnnXK-qoD1V_Jzy13S2WfAHaEK.jpeg,gallina
OIP-dNoQ8gCveHTCsoR2wm6gdAHaIp.jpeg,cavallo
OIP-dnSMK8Sf4kh6u7Ept4v4mQHaE7.jpeg,pecora
OIP-DnSV_9VzsAn65-ImWShrVAHaDj.jpeg,pecora
OIP-dNxYCBzHlD_5vtCGESEEyAHaFj.jpeg,gallina
OIP-DO0iSney0-N467TJ3TAMSgAAAA.jpeg,pecora
OIP-do0zeZP--MBAEE4s42WhXQHaEo.jpeg,gallina
OIP-do5iI_zicHN7Nvw84L0OgwHaFc.jpeg,farfalla
OIP-Dob_0_zeWrbXMZNUVCz5ywHaF6.jpeg,gatto
OIP-DOHjmPyPva3PzkhuNFggfQHaFk.jpeg,elefante
OIP-Dol3ktQ9fHnemGru7ie_kQHaFj.jpeg,gatto
OIP-DoNysnbcKX_lyNxDirI3owHaJd.jpeg,cane
OIP-DoRn_mwP61bOZNsjCJCShQHaFc.jpeg,elefante
OIP-dOwLl1xKVTgkg6cPQ016UQHaGu.jpeg,gallina
OIP-DpBrU8LjDdSk9CTzK94jiAHaE9.jpeg,elefante
OIP-dPeb9995k8qJQ8NG04qcxQHaF0.jpeg,ragno
OIP-DPeHlqGIWwzKc2Q7_P95lAHaFU.jpeg,elefante
OIP-DpIo5oWbCYQOkC3buvAerwHaFN.jpeg,elefante
OIP-dPJWp54pP_xnZEE6Is6KeAAAAA.jpeg,ragno
OIP-dpKvuGF9APZ6Yhpu7cebuAHaKH.jpeg,gallina
OIP-dpQvTH-hDoNtzK6WRK6MBAHaFj.jpeg,gallina
OIP-dpTWtfeaqXAy48Pm0C90mQHaFy.jpeg,pecora
OIP-dpUUzuiFWl8PAfhFLyeSMQEsDh.jpeg,gallina
OIP-DpWSAPGRxdk0226svwljgQHaFb.jpeg,pecora
OIP-dPz_3AbDDAn4h5szRJ41kwHaFj.jpeg,pecora
OIP-dQ-W10cpRb2iWITvqf4Q1AHaHs.jpeg,gallina
OIP-dq5Lf1rIwe-TqiCXWntLYAHaJm.jpeg,elefante
OIP-dQC1TTzuRAUedglXkxta2AHaE6.jpeg,gallina
OIP-dQCl4BDvdGx6j9tmiE4PGgHaE7.jpeg,pecora
OIP-dqDXQW6bcj80OC2OAp7IDwHaGM.jpeg,farfalla
OIP-dQfsnGrAccIuR3MAwNo3KAHaE7.jpeg,elefante
OIP-dQg7msxJpLektiiJkDkgtgHaG_.jpeg,gallina
OIP-DqIa3-bVkKvedOg9r0zoDgHaE7.jpeg,gallina
OIP-dqmI4Ww7gRFZMT0mC82pdQHaJ4.jpeg,gallina
OIP-DqQvjRn_2o6g_NQ2jnikbQHaF8.jpeg,gallina
OIP-DqTfYn7hH-rLpZkGpTK3agHaE8.jpeg,gallina
OIP-Dqup6PsIbRXolKj_x2Ix7wHaEK.jpeg,gatto
OIP-DqyqMevkR1jycJkbfIXGAQHaGf.jpeg,elefante
OIP-dqzDKtTuF8IiuskjyUkABgHaGS.jpeg,gatto
OIP-DR29fheFjfzpB5T129oXyAHaDt.jpeg,gallina
OIP-Dr4xrzqKwUs9w7CcOb9vvAHaFj.jpeg,elefante
OIP-dr82EbZ0yYZbFLVxgQ2pxQAAAA.jpeg,mucca
OIP-dR9Iq8V5oJ9r5sN5a6i8XgHaE8.jpeg,cane
OIP-dRa6Iw8hHINcdz76urPvoQHaJ3.jpeg,cavallo
OIP-dRDlA7YujZauzSvXiTjL1gHaFj.jpeg,ragno
OIP-DRdS2ZAg4bK3A_IxtodcnAHaJA.jpeg,gallina
OIP-DREa1YQPMY0CQenBRsXH1gHaEz.jpeg,gallina
OIP-dRj2RXz4nUiVccg9PbcmdAHaEn.jpeg,mucca
OIP-DROImYxBc6n-US8o2lyxowHaHW.jpeg,pecora
OIP-dRx92WO5ZGXpiJcD70LcmwHaE1.jpeg,gatto
OIP-DRXlDJ5O8jGgSuH8EaXzTQAAAA.jpeg,gallina
OIP-dRZ1ztyEtOHCT4sStFyq4gHaE8.jpeg,pecora
OIP-DRZ2xp4V3Jw3nSCTSfooDwHaHa.jpeg,gallina
OIP-DShmnvrh5iPQGA2l1T8_nQHaKB.jpeg,elefante
OIP-DSIvdNEGAP5h1H3nRShQ9QHaFj.jpeg,elefante
OIP-DsptawZTCAgdcDrT5SEeqwHaFj.jpeg,cane
OIP-dstRicvCsHhXDym0mQWvrwHaFj.jpeg,elefante
OIP-DsuvS3PGxSLBGH35IKqb7gHaE8.jpeg,elefante
OIP-DSvB2BHZvssXiEXQxunO6QHaHa.jpeg,gallina
OIP-Dt0__xv9ElFIX0noj_1EzgHaHa.jpeg,farfalla
OIP-DT_OB31-aHSWaHpXiD0ymAHaFj.jpeg,ragno
OIP-DTDGZ7MtUMUDm0oLGmlLDgHaFj.jpeg,scoiattolo
OIP-DTe5gCGgPG6OWhTtjsq7WAHaE1.jpeg,farfalla
OIP-DtEMgVpIfQHXKqKMv5eTnAHaE8.jpeg,elefante
OIP-dTjGsbLH-FuoFfQAeVAH2AHaHw.jpeg,elefante
OIP-DTKWRh3qP0NhCRRm6iuAqAHaFK.jpeg,gallina
OIP-dTnZ5GPY__u5s7I5SotfZQHaE9.jpeg,pecora
OIP-DTTpVGcqwSYJq6bveQHI1gHaFf.jpeg,farfalla
OIP-DTvq8DJZTpW3YJsXpv8_owHaFp.jpeg,elefante
OIP-DUEHjGZrwG1xUBQx5Cd3FQHaEK.jpeg,cavallo
OIP-dUia4RSBT4_jfiVnisiaggHaG0.jpeg,gallina
OIP-duqYvC3Bb25wCiHPQPwmSAHaHa.jpeg,elefante
OIP-dUUmM7yVE3vhAxInRvhlaQHaFj.jpeg,pecora
OIP-DVbJemSmF5mvk7JRwmbOuwHaE5.jpeg,farfalla
OIP-dVPLbJ9LDT9LxuHQ287jawHaFj.jpeg,elefante
OIP-dvQqseCzACJqCvVD5RmLIQHaFj.jpeg,gallina
OIP-DVrt4V1x262LY3GuGqKIQgHaHa.jpeg,cane
OIP-dVrZkIaMxedHEE6kz9QqHAHaEZ.jpeg,cane
OIP-dVYMICXMXFcLsMjss6g5KwHaFW.jpeg,elefante
OIP-dw6DBUr3QKkdYqHo4TafHwHaFj.jpeg,ragno
OIP-dWag2Nvtfna6bo-ZDWIVMgHaFj.jpeg,gallina
OIP-DwbiWJZ1xv1k3QGq4OgIVAHaEK.jpeg,scoiattolo
OIP-dwf1rnAnm2W33T8qUSEd2QHaHa.jpeg,cavallo
OIP-dWJaGOeYSHgR5Nu3ah87OwHaE7.jpeg,elefante
OIP-DwJC4ZA0xgo92naWTH4zkQHaGe.jpeg,cane
OIP-dWJtct4ZkFJYStzGUztf_AHaFQ.jpeg,pecora
OIP-dWo_1TC1QY8_V7d9vVAVVwHaEo.jpeg,farfalla
OIP-dwp-4yxe5LX3kwzQ4zOfHwHaE8.jpeg,gallina
OIP-dwt3Vi5SYYUPdkc2R2vuSQHaGO.jpeg,pecora
OIP-DwY2rDIJN9s6ALZjkvxPVgHaFq.jpeg,pecora
OIP-DX6J20dUYUuHGmAqFcgUzAHaFj.jpeg,elefante
OIP-DX7jzRonEeHf4yKNz8Ql7wHaEQ.jpeg,elefante
OIP-DX9jFb6RGfQRdf8sPXFwDwHaEK.jpeg,gallina
OIP-dxFlmqRYkRd3qwF4RVFOvAHaFh.jpeg,pecora
OIP-DXmSzLm0wmV-FBJFy_2snQHaEE.jpeg,cane
OIP-DXNudO1yllAd1ZU8mHg4BAHaEL.jpeg,farfalla
OIP-dxP9o7ahKjITwSu3hZYhQwHaEI.jpeg,mucca
OIP-DXrDXwXjzqiqYliT3gN4DgHaE8.jpeg,cavallo
OIP-dXRxpGxy7BqIFs-6FFu6mwHaFX.jpeg,elefante
OIP-dXT6IBRHPMMwCpUbzPZ1-gHaHa.jpeg,gallina
OIP-DxUuKBmfmcpoPExTgbxdOQHaFj.jpeg,gallina
OIP-DXYB9z4gKnPFPtv1Pqx5BgHaEW.jpeg,gallina
OIP-dYa06xISiRFqmEXEJ7_M_gHaFw.jpeg,cavallo
OIP-dYGqvRO_gEI5g83g7eQW6QHaD_.jpeg,pecora
OIP-DYiDMR9L2cau49iBxbheuAHaFj.jpeg,elefante
OIP-dYoiyaJE7MAZ25N-XgPOIwHaHa.jpeg,mucca
OIP-dYpd_9xTToaVxDIU70FhdwHaFR.jpeg,elefante
OIP-DYSfLD8XCG7tjSwXJEXEGwHaG6.jpeg,cavallo
OIP-dYt9lApUWiFKHd7PtFSqdwHaE8.jpeg,elefante
OIP-DyWqiZK-bYIAhP_vlRNngwHaIO.jpeg,elefante
OIP-dyyVwwWm8yRdKms-IRCoMgHaDM.jpeg,pecora
OIP-Dz4RELcVx-Ri4qg6eVtbfAHaFj.jpeg,elefante
OIP-DZ__EYiz71WmfFKrcwYSkgHaF1.jpeg,scoiattolo
OIP-Dzb4xim1o0FdMT8hMoihEwHaEO.jpeg,elefante
OIP-dZBt8gIq3gSZpJOly2e75gHaE7.jpeg,elefante
OIP-DZCOGXRCmOPfehxMW7K9-AHaGE.jpeg,gallina
OIP-dZhCkfhc64P-j78iXIjsOAHaE6.jpeg,elefante
OIP-dZmEl-c6wKq8xfDEyrrKcQHaEh.jpeg,gallina
OIP-DZqtS35Fb3ZkrhUEjmG6FQHaE1.jpeg,elefante
OIP-DzYmjShfZA-S60UIkbgaNAHaFA.jpeg,farfalla
OIP-e-F2TFszXfVhj1deY97HZAHaDR.jpeg,gatto
OIP-E-IwtXrc7Wjw5xXOiJ5DSgHaE0.jpeg,elefante
OIP-e-jCQVSyd0OfayZ09eCAqgHaFj.jpeg,gallina
OIP-e-L8tvJ7lX0IZDc9P4ajdgHaHs.jpeg,pecora
OIP-e-OQFNPb-Qxul-h9vEWQOwEgDY.jpeg,ragno
OIP-e078YJvnOdQnan3Lww1B0wHaFj.jpeg,pecora
OIP-e0dp-sqGSj36vS1be8GONgHaEo.jpeg,elefante
OIP-E0GDZaoMyDMnwdxCxf_tmwHaFj.jpeg,scoiattolo
OIP-e0gi665nrl_ysaesTdvPwgHaHO.jpeg,scoiattolo
OIP-e0goEWmvlY4F5S8KLaH8jgHaHX.jpeg,gallina
OIP-E0j0TOJpjMhdVJ0JuUsWdgAAAA.jpeg,gallina
OIP-e0OfFWsXUlqElDCiRYfnwwHaE8.jpeg,elefante
OIP-E1Cz-grWMhm8evvrzWQujQHaFj.jpeg,elefante
OIP-e1Tqhk-9RUFfJk2LtIc6dAHaFj.jpeg,farfalla
OIP-e28HHfRDnXcbe2pmH9xLvAHaFj.jpeg,elefante
OIP-E2BvWy-Z4FR5oxvfXBEZ7AHaFB.jpeg,scoiattolo
OIP-e2LosVk7clypucNkxeZ5EwHaEy.jpeg,pecora
OIP-E3CQZcjGji07HXCENCeQ3gHaEp.jpeg,pecora
OIP-e3hObsHYuEfvSop7ZSzWWQHaE7.jpeg,mucca
OIP-e3lje_k9d8b8b-Mr5YKN9AHaE8.jpeg,pecora
OIP-E3qZV1H1IB3a7w_L_VTQcQHaEI.jpeg,elefante
OIP-E4dXh-7HPSNK4IhJmk6l0AHaEy.jpeg,gallina
OIP-E4iziXlDMMwwC7pkaz5zegHaFj.jpeg,ragno
OIP-e4U-KkykRq5jjgmw0lGUTQHaFN.jpeg,cane
OIP-E4UdwZjOkkSf0LEUCZBlJQHaHa.jpeg,pecora
OIP-e4Vn1mr4VUGT_I5tBhxOuwHaD5.jpeg,ragno
OIP-e4yyo7wlwYsnWGGiVsNLygAAAA.jpeg,elefante
OIP-e51-EKOudgT07H3qVZ7dQgHaFj.jpeg,elefante
OIP-E5kBbLOrxagymRe7-eMQPgHaF_.jpeg,gallina
OIP-E5s2fBRmmJkc_1YLuBObxQHaHx.jpeg,cavallo
OIP-E5zrOUSVkvPNyFt3-q7_jQHaGL.jpeg,elefante
OIP-e64tYj_5mCJKH3E6VqhPCAAAAA.jpeg,elefante
OIP-E6CHaw_ydXUj_CWKocqLHwHaFq.jpeg,elefante
OIP-e6H3_aCtzXyxuExfwTHcVwHaE8.jpeg,gallina
OIP-E6v4QKYVFe0h-mvC-R-DqAHaD4.jpeg,mucca
OIP-e6vigtKmrzSrSTJpOLCYmQHaKF.jpeg,mucca
OIP-e6VoWq3Lbulj13C_OObg9AHaFj.jpeg,gatto
OIP-e6xJYleoVgwSlPwxRjxkkAHaHP.jpeg,elefante
OIP-E70RDC-Dd2a9jqSJfcKfzQHaF0.jpeg,cane
OIP-E7GS40Qs6NV8OX0lI2N0GwHaFv.jpeg,farfalla
OIP-e7HIa2D4YHigN3DhNtqeIgHaLW.jpeg,elefante
OIP-E7L2b-9TZAs995PBMlGEmAHaEK.jpeg,elefante
OIP-e7Vem51OkXzkfsWrlj32aAHaEK.jpeg,elefante
OIP-E89tGEuaZ4wzBvIYvxOEjAHaGL.jpeg,scoiattolo
OIP-e8Guavd1y-ux_IgUgXU7AgHaFM.jpeg,scoiattolo
OIP-e8IFGzsrlVtDf_QbKrRXAgHaFO.jpeg,ragno
OIP-e8U_6k2u6PsGRISI1saipwHaFG.jpeg,cavallo
OIP-e8x0rOA9DEq3agEGbUdwawHaFj.jpeg,ragno
OIP-E8YAi3TIyNSJ7Zx9blJ5lwHaFj.jpeg,cane
OIP-E901vJR38QiVYROLPv5b1gHaFS.jpeg,mucca
OIP-e9A1QTw-BR-Hvje432gVcQHaI8.jpeg,elefante
OIP-e9HNqho-3P7lukdQl17J8gHaFc.jpeg,gallina
OIP-e9IDQCZespp1d4zQTNH-lwHaFj.jpeg,gallina
OIP-e9Mz3MvWwYqtYwC8bsmxIAHaF0.jpeg,gallina
OIP-E9NM2O8ncDHm_M0iuVpfUgHaFj.jpeg,elefante
OIP-E9pww0f1I_bNgsxzoIkkGwHaHl.jpeg,cane
OIP-E_8KBc5JbbxPHheTAVg9_gHaEY.jpeg,elefante
OIP-e_hVFrR_7m9Ut4SmbfP7IAHaFj.jpeg,gallina
OIP-e_Mo7LZr6q4NifLV9i8dPgHaFj.jpeg,gallina
OIP-E_tjWPTTdqvId_FpHitT-gAAAA.jpeg,cavallo
OIP-eA50ZGJPLLy-2XyR0dEJWAHaG5.jpeg,cane
OIP-EAcm0tgjQ8k6cYvwvyvPEwHaHN.jpeg,elefante
OIP-eAgJ2XiY5Rf3ZqSrF1H-TwHaGl.jpeg,gallina
OIP-EAIevrcUPiFf0RmZ1Y_W5AHaE3.jpeg,elefante
OIP-eajkOyFhfWfwOzJCzHGMRgHaFj.jpeg,gallina
OIP-EakMWkDkscFrvo-1vZYuoQHaFj.jpeg,gallina
OIP-eAMugf0OP1WuV6yEVaz73wHaFq.jpeg,elefante
OIP-eAs3BzSJCt4FPOVXO6caIwHaHA.jpeg,cane
OIP-eAV0eVZxFYtMxpJX_bpKbwHaFM.jpeg,gallina
OIP-EawawIUaedQJcOqmYaLpIgHaF7.jpeg,gallina
OIP-eB4vbil_6m5iZxj_YaztTQHaGM.jpeg,cavallo
OIP-eB8-ISup8YKcYRhSKCYIvgHaFj.jpeg,elefante
OIP-Eb80xBRI_ePsqmWLOY8eOQHaFj.jpeg,elefante
OIP-eb9GIYdRPrnXE4lxaamhBQEsEE.jpeg,ragno
OIP-Ebel8CWMjbPSxpiQs-hAKwHaFi.jpeg,ragno
OIP-EbErR8KNlYyBM9jlNrIGIAHaGK.jpeg,farfalla
OIP-EBhtJyCcJewRrz_m6bANXAAAAA.jpeg,elefante
OIP-EbJQqvhnelHb5ivfcdxX8wHaEJ.jpeg,cane
OIP-eBOGY_xCHCf93E4tJ3nHjQHaLJ.jpeg,gallina
OIP-EBOTBLk5UamMbtstR_dF1AHaDS.jpeg,cavallo
OIP-EbR-QQbOHCLl0czNKJiD4gHaFh.jpeg,cavallo
OIP-eBz0b2spdTJqzgBwxOA33gHaKy.jpeg,gallina
OIP-ebZbUINonx8Jm5UajvJ-ZgHaE8.jpeg,pecora
OIP-Ecf_2EWoZ0Mi1GhivZNSYQHaHa.jpeg,elefante
OIP-ECg-But0WowvNZcIb8QIeAHaEo.jpeg,farfalla
OIP-ech0PifLTM4FBg35vfyotgHaFj.jpeg,gallina
OIP-EckToZ388WVMmxwQ8UlndgHaEK.jpeg,gallina
OIP-EcxdFy8-9UBZGwjSnNtTKAHaE8.jpeg,elefante
OIP-EDbqy5GJ_18QTCcAkSC6yQHaLI.jpeg,elefante
OIP-eDDQfz6fqNOKiz4KtUlfqQHaE7.jpeg,elefante
OIP-eDF0rmOIXmIkW05haHN0sgHaFt.jpeg,gatto
OIP-edKZfP9IcsPoTWsNFtTFcgHaEp.jpeg,gallina
OIP-EdL5qxaa31M5b3Tl42nMtgHaDf.jpeg,gallina
OIP-EdOyyCZAH3Fuf7s9CN19GwHaHI.jpeg,pecora
OIP-edyEf4afg9-6JFn6AGKiiwHaE8.jpeg,cane
OIP-Ee8fxcBDRquv4L3hzzkr0wHaHG.jpeg,cane
OIP-EEaX63t6-AyqJY-KWf8sjgHaG5.jpeg,elefante
OIP-EebCZqdEet9hwwjJj1Py0gHaFS.jpeg,elefante
OIP-eEbSgfimbiWYbBqzLl5SgQHaE7.jpeg,gallina
OIP-eeCwE9mKqU-VtVoAVh-G_wHaE8.jpeg,elefante
OIP-EEEJM8D-jhqV4EiSn6tp1wHaFj.jpeg,elefante
OIP-EEiRSRbpsQ2WPIdTLYKdVAHaHa.jpeg,elefante
OIP-EeK8qer_ndgujpo---RUYAHaKU.jpeg,gallina
OIP-EeqrkQ2ayvBGB1C3b7iJFQHaE8.jpeg,gallina
OIP-ef56drPgxe4QoTXnP6xtJgHaFj.jpeg,elefante
OIP-ef_BUjZxdFTxvYazJTO7jAHaGz.jpeg,gallina
OIP-EFHHEtcDjm_Vasbe0vI63gHaHa.jpeg,ragno
OIP-EfJ3cYVVcUBS5bbtYfS8_gHaE7.jpeg,scoiattolo
OIP-eFmblYi7WCBALwfqZkuHTQHaFj.jpeg,gallina
OIP-EgckjzzOB-bInroQJau3AQHaFL.jpeg,gatto
OIP-egfvgyzLritcoe4p5yBDBwHaEK.jpeg,mucca
OIP-EGGcFcF2HE4nMy0WwUl8FQHaID.jpeg,elefante
OIP-EGgi4CdQu-UeUOuZP946agHaE7.jpeg,ragno
OIP-EgQrXtinWal9y2l9rlR_MgHaE8.jpeg,cane
OIP-EGSlD7PlwvvFeR2sc3v54gHaEJ.jpeg,elefante
OIP-eGV6kFvYhoEGRU4xuq9oIQHaFd.jpeg,elefante
OIP-eH2QMeJh2VrFkSGFBfxQNQEsEn.jpeg,ragno
OIP-eh8eD8Sy2vBthG_wh0XA-wHaE8.jpeg,mucca
OIP-eH_1Fbn8w58FGBxN1ZwuAgHaFU.jpeg,gallina
OIP-EHA3EJrK7AmeG7_xoG81PQHaIC.jpeg,elefante
OIP-ehf8Z1Tt9g7cRD3wRn0EnAHaLL.jpeg,cane
OIP-EHNVFsifFkk81DUO_i3_cwHaFj.jpeg,ragno
OIP-EHPqq-jfIw_xSUd0zusTkwHaE7.jpeg,gallina
OIP-ehVVSJSZ-U4XPeq77aS-jQHaFP.jpeg,gallina
OIP-eI2L6NJiXOTmnKxBowZ6JADHEs.jpeg,elefante
OIP-eI4PxbLoEXvd07G_MjIirAHaHa.jpeg,cane
OIP-ei4X-ln_qYRw3yBkFpEjfwHaE6.jpeg,elefante
OIP-ei621VcvrDTqZgS8ofAdeQHaEo.jpeg,ragno
OIP-EimU2OHhoOVWGMv4vqZtAAAAAA.jpeg,scoiattolo
OIP-eioW6uSt_5UnX7wi8maAoAHaIf.jpeg,elefante
OIP-eix7GoiInOVVsuR7VVUUaQHaFj.jpeg,gallina
OIP-EIx8WI_hmZ1NaXKPbp3BLAHaE8.jpeg,ragno
OIP-EiXDM0-84JJMsJwR6UyqqAHaHa.jpeg,ragno
OIP-EIz2NYhZViHrQWauIiV6owHaJs.jpeg,elefante
OIP-eJC9RLSm4FyHYaDEf_TBawHaIy.jpeg,farfalla
OIP-eJhXHaqrc0d_V9UjXCYMlwHaF8.jpeg,elefante
OIP-ejIesdI4re6diOipG-NymAHaFY.jpeg,pecora
OIP-EjkbQePwYlxHPyvxrAh8WwHaFj.jpeg,scoiattolo
OIP-Ejr-WL3ngIDbdkJRsU7D8wHaED.jpeg,elefante
OIP-eJR5RZOJvwgWEGba8QdJ3gHaGB.jpeg,gallina
OIP-eJrfB-vuv07hR2-UTzD_FgHaHa.jpeg,gallina
OIP-eJSR-7IGlwP_-GJYXLuhnAHaFr.jpeg,gallina
OIP-EjTC8KpKyMzvjcv0NgXNHgHaDf.jpeg,elefante
OIP-eJvQ6O23BC_HuA_fZNhsUAHaFj.jpeg,pecora
OIP-EJZk0GSdY5PG5FvxJpRjDAHaFA.jpeg,gatto
OIP-ejzoeuWa4wh2HWkECimT0AHaF6.jpeg,elefante
OIP-eK28wKu6XdkDHTr6stxtNwHaFQ.jpeg,elefante
OIP-Ek6doHbeGu7Cy92b_B8kpQHaFZ.jpeg,pecora
OIP-EK7hGWYAxZcdFJUsnj4KeAHaJk.jpeg,gallina
OIP-eKAWhnis6diZdE22W1ydYQHaHa.jpeg,gallina
OIP-EkFr4t-wDeNf54WHB6vDGQHaFj.jpeg,cavallo
OIP-ekGFBUIoeUKSNaQdQn0EhwHaF7.jpeg,elefante
OIP-ekH1fPJXDqNCblUODwjEOQHaFj.jpeg,elefante
OIP-eKiFVkilpz9N5HbmCtl7RgHaIw.jpeg,gallina
OIP-ekJA5TbhQZTMyM22fcbqfQHaFj.jpeg,elefante
OIP-ekK41CpZjzxn-6jDu6sAdwHaH6.jpeg,gallina
OIP-ekq-w2inO2ZINJMIkna5RAAAAA.jpeg,scoiattolo
OIP-EkqjSWXHSur1HOWG9N_IJQHaE7.jpeg,mucca
OIP-ekT49G0cW_Ywn5aO_848awHaFb.jpeg,gallina
OIP-EkuqJNI-boZZRtPRigMEswHaE8.jpeg,elefante
OIP-EKxZAZPjJDpCwDkbej_CxwHaFj.jpeg,cane
OIP-eky-Z82uHsW9rgd54I0VQQHaEn.jpeg,elefante
OIP-EkY8CVhla4P3e1hzfXYU0wHaE8.jpeg,pecora
OIP-el-Pq6X2flTCAOL7EZt5CwHaHa.jpeg,elefante
OIP-eL29e_SNjeU9vGnbFM8YRwHaEW.jpeg,gatto
OIP-eL6o8mEXq-n9-7GAQz8aLQHaFj.jpeg,elefante
OIP-eLdoGz0qvwoseih7O8j4VAHaDL.jpeg,elefante
OIP-eLF0l2c9ooZimEqQMcu8wAHaEm.jpeg,gallina
OIP-ELJNzAmcHkmQbHjNc8aHKwHaEg.jpeg,elefante
OIP-ELkUZOYOluNMeoX_veUxmwAAAA.jpeg,gallina
OIP-ellDhJUQNk2o6HL9tKDB3gHaFj.jpeg,cane
OIP-Em0iy5_n5aGd8542BnBvAwHaE2.jpeg,elefante
OIP-Em3I7ec1slt_5Dt829_QvwHaFj.jpeg,elefante
OIP-EM53nrbRIhjz2sPRZ43vwgHaF6.jpeg,cane
OIP-eMDT-wvTL7UvL69qwmBYugHaE7.jpeg,elefante
OIP-emebs7yJv0R0AEqNyd4n3wHaFj.jpeg,mucca
OIP-EmeGjtWq06W74V4BJ9WDGwHaHa.jpeg,gallina
OIP-emixgmrXkdTK-JP-NCe4QQHaFc.jpeg,pecora
OIP-eMlAoQ8MYt_zAB-L7x8CJQHaDT.jpeg,mucca
OIP-Emy8JIbvK3gkjOc4J6kmSwHaE7.jpeg,scoiattolo
OIP-en2h1dm8rzSpPOYk1kDnJAHaE8.jpeg,cane
OIP-en_D5fAFLpzxM0g4eBWUNAHaFT.jpeg,elefante
OIP-ENe8O81SpCXgICg0sARHXgHaE7.jpeg,mucca
OIP-enHhso2T4IAd8ySBSpn6IAHaFj.jpeg,pecora
OIP-eNHnsfJ3h6Vpt-4SBfRsEgHaFc.jpeg,pecora
OIP-enJ7wv74bVg1K-GQHnOZjgHaFj.jpeg,cane
OIP-ENKrKagusX_gUYkAgQNcDwHaFj.jpeg,farfalla
OIP-eNqKUmkPPsKgYcerNON9JAHaFi.jpeg,mucca
OIP-ensV17BOAtrROib6Xtwo4gHaF4.jpeg,scoiattolo
OIP-ENU0nwvPiRLL_Gj9Xcl8_AHaEK.jpeg,elefante
OIP-enuEs0B-5sdHg4J5Z813LgHaF7.jpeg,gallina
OIP-eO3tg9zCphvcFpT-RNySUQHaJ4.jpeg,scoiattolo
OIP-eo95Z1FyElueX5DQfXKnkAHaD1.jpeg,gallina
OIP-EO9K-bswmB-AFMCmCQMwmwHaIU.jpeg,pecora
OIP-eo_LdJ43RzZDanlBLaIn3gHaE8.jpeg,gallina
OIP-EOH0Y6GMn4WUzloQSu-qZAHaFj.jpeg,scoiattolo
OIP-EOIzl5cxnNoA-MNsjhnyLAHaE8.jpeg,elefante
OIP-EopgdtGjSzzni163DzEdQAHaFj.jpeg,ragno
OIP-EOQMZ5IHnBjTt8yuCCVMugHaFR.jpeg,pecora
OIP-EORtK3i28bK0QRtK0CueIQHaE8.jpeg,pecora
OIP-eouFfNViGx0kRDO8ShrJRgEgDY.jpeg,pecora
OIP-eOuoCsdfcco8OgTLQgyFtwHaE7.jpeg,gallina
OIP-EOUsLiVUxSIGkgjKr2nIjgHaHa.jpeg,gallina
OIP-EPAEHVHgN9bRPhdXrAelQQHaE8.jpeg,pecora
OIP-ePBo6rX84vh8QAb78a4xTQHaFK.jpeg,gatto
OIP-EpFTMNygW2suqhrw1uL_EAHaGE.jpeg,gallina
OIP-epgmUQvIc77bv_R-NphgVwHaE8.jpeg,cavallo
OIP-epMGp847khN-7kFeQ9nOLwHaEo.jpeg,farfalla
OIP-Epr0fWxPLGrDfoCs4FkI3gHaE6.jpeg,gallina
OIP-EpW2s60w-gey5_Z4aMQHHQHaFj.jpeg,elefante
OIP-eQ13wMr-9jfDNi5JjtTAqgHaE7.jpeg,gallina
OIP-eQ7uGJy3Eaxp1r21ErgeVAHaFH.jpeg,gallina
OIP-eQ8b4Nf8ooR0kcrx6ZY4VAHaEo.jpeg,elefante
OIP-eqaL1s_X9nFCpxR7YCQ9IAHaFj.jpeg,gallina
OIP-EQkV2pf3Eo9SrcIsDJ14FwHaGA.jpeg,farfalla
OIP-eqsaqQwi7FumiELJuG25RQDLEs.jpeg,ragno
OIP-eqt2uIhEnPuK0GQNKRkrAAHaF4.jpeg,gallina
OIP-eQxbzdSim2G8Keb1LhtKGwHaE8.jpeg,gallina
OIP-EQzBZOxAuGmaOBWq173PpgHaE7.jpeg,elefante
OIP-Er5-rpgfTiqWHs92mNMXPAHaFj.jpeg,ragno
OIP-er7lpcXhrGBzgyTdHIddZwHaEZ.jpeg,elefante
OIP-eRFSW1VASlwEeOwGsL2d4QHaFj.jpeg,elefante
OIP-Erpiqq95lAnBexHrwM2fBwHaFa.jpeg,elefante
OIP-eRWJnt4YABoAbi03_ENxugHaET.jpeg,farfalla
OIP-Es_h844Pv0cYaKNZ0zcKUwHaE8.jpeg,mucca
OIP-eSdlevtlho3NoJsUddTHygHaHf.jpeg,mucca
OIP-ESGL-AHPA3QXZj0yXzuV_gHaE8.jpeg,ragno
OIP-ESGr_XP50Xgvmq6cAumHEQHaE7.jpeg,gallina
OIP-eSNi9EwjQfxcio7cyr4oUQHaFy.jpeg,gallina
OIP-esqoZyetZSwHTP-B6rdM3gAAAA.jpeg,elefante
OIP-eSsQRz_9pTFLXG7PQpHXQgHaE8.jpeg,gallina
OIP-esxSw4Vbe5uLhMUFgmUp_wHaHF.jpeg,gallina
OIP-ET6gFUYEqtU08SYdq-5LRAHaI-.jpeg,elefante
OIP-Et9pVCXB9gErOSDh9W_Y0wHaE7.jpeg,elefante
OIP-ETFRth73H_o90aZAy0JRrwHaEo.jpeg,cane
OIP-eTngHsTMbdTvwrlXWMpanQHaE8.jpeg,mucca
OIP-eTNjoXBcVEv7NwfCHnebgQHaFj.jpeg,elefante
OIP-EtQJbgrXIwPsCwRgjGkqmwHaFj.jpeg,pecora
OIP-eTreMoA_fR3bRnaflqqdwAHaE7.jpeg,elefante
OIP-EtuvWUtdXRltU_038gDhyAHaFg.jpeg,elefante
OIP-eTv1aWFSXioPZgCY1NWdFgHaJ4.jpeg,scoiattolo
OIP-eTzn-vmK9AZulVLRDLB4kAHaE8.jpeg,gallina
OIP-eU11eNt2T-p67xIjyjMzNwHaHp.jpeg,elefante
OIP-EuAdaMexob7RwLTlSNQg6gHaFS.jpeg,ragno
OIP-eUb0do8w6cqyF2uXGl-UPQHaFj.jpeg,elefante
OIP-euCB2EgPBi_C3wv_AdKFkgHaFj.jpeg,gallina
OIP-eUGT07DhK5Zhr_ucq0AYYwHaFj.jpeg,ragno
OIP-EuINlB0tY8Bc28WD6KaduAHaE8.jpeg,elefante
OIP-euONoM7dARNlfbOVfqmKIAAAAA.jpeg,cane
OIP-eUXiiYUf36jxm21KoUhEgAHaFY.jpeg,elefante
OIP-evAz4TApLnKRPO7a2YC_kAHaHn.jpeg,pecora
OIP-EVeh8pihhqJNADqPi3k-QQHaEK.jpeg,gallina
OIP-EVFIQxyUH4uYl6wR74wRIgAAAA.jpeg,gatto
OIP-evLlCUBhb2d9AIDSKbVy1wHaE8.jpeg,scoiattolo
OIP-EvVxLQrcvXRwd57xukC1mwHaF-.jpeg,elefante
OIP-eVwf0TY7exxSnUYLepCceAHaIK.jpeg,cane
OIP-eVwMdvA4V19QRYiYoll7tgHaFj.jpeg,pecora
OIP-eVxth_TeZB-tYXVw1_Ju2AHaEK.jpeg,elefante
OIP-Ew8FHgz3z-FbGIUYjFjh8QHaGJ.jpeg,elefante
OIP-EW9_N_-fAIJW_HQaND4WDQHaFj.jpeg,cavallo
OIP-eWafU_Pv-9VusUdpeaAIBQHaE8.jpeg,gallina
OIP-ewcKrYRnR4TzrOZVtVqnAwHaHa.jpeg,farfalla
OIP-ewIpJjtqUuOjmmDm3XrCFwAAAA.jpeg,cane
OIP-EwkvaW5ZwVmRsVrjDpKLzQHaHa.jpeg,ragno
OIP-ewo914dqzprviSHQxzCPCgHaE7.jpeg,gallina
OIP-ewsYi5k_TKTwgcYw_439wgHaFC.jpeg,cane
OIP-EwWbP-y62Cvk-GNXtcqDoQAAAA.jpeg,elefante
OIP-EwyF96bw9N5zwNyeYM-r9wHaLH.jpeg,cavallo
OIP-eX1vckGTEWRhoIDjr6-qygHaFj.jpeg,gallina
OIP-ex9mxGSUrWFIzvBtiQBKCgHaD-.jpeg,elefante
OIP-exE-ugBhrenOwXzBFLBnRAHaHa.jpeg,elefante
OIP-EXfZybjH83r1O6-5ZYt-MAHaHp.jpeg,cane
OIP-ExGiWFkaTS_B9Ib6WiAzkwHaJ4.jpeg,pecora
OIP-eXhi9mK2FS2d3IZlec1_igHaJ4.jpeg,farfalla
OIP-eXkl3wu2uTQUW2gw9KqG2wHaE8.jpeg,gatto
OIP-ExpqVzAO5CposVuvprI88AHaE8.jpeg,elefante
OIP-EXTpoz3Zq9b0CBx0uYmLSwHaFj.jpeg,gallina
OIP-ExX0WQ4QL112iaUo_lTPqQHaEK.jpeg,cane
OIP-eXXnJ2fAojNTp72gJPm5uwHaEi.jpeg,elefante
OIP-exyEuglzHYW3qcGVl8e4egHaEr.jpeg,gallina
OIP-Ey1v-3QtsvCDKl9ldBx_IwHaFk.jpeg,pecora
OIP-EyPnilcEumNa-GspUjw8RAHaDp.jpeg,pecora
OIP-EyQjw7HegEiqMa1IEUqFTwHaJt.jpeg,pecora
OIP-EytcT1juyqoEvHhzPiJ8dQHaFj.jpeg,pecora
OIP-EZ0lXVpo9H3yk4148f9NiQHaFj.jpeg,cane
OIP-eZ0Tg5Tl8opsEpxD8FF7uAHaIV.jpeg,mucca
OIP-eZ1jc_aCejRktCOuOdvvagHaFi.jpeg,elefante
OIP-EZba5Qm8v8Wnx-RSfuXltgHaFa.jpeg,elefante
OIP-ezC5pZvDSgpOiZi533zhpQHaF2.jpeg,gallina
OIP-eZhCVqPrr7T1XiU3FyWs1gHaE7.jpeg,scoiattolo
OIP-EZjjcgtpK0UulggRtd_msgHaFj.jpeg,gallina
OIP-EzvFJcDeX5LB3VjleDtdrwHaHa.jpeg,ragno
OIP-eZVpUlbZeqgn06h36y0nggHaFj.jpeg,gallina
OIP-f-5ZDyk0CfCTSm509j-p4QAAAA.jpeg,gallina
OIP-F-DMnr5vaTOCctuThndsJwHaJ4.jpeg,elefante
OIP-f-eCnzlHoP28KrEe3G6HcwHaEl.jpeg,mucca
OIP-f-ZUxpqY45jCT4UwSOrRrwHaJJ.jpeg,elefante
OIP-F07SSN2zKkH2mlgW4O7tRQHaE8.jpeg,cane
OIP-F09MNg2hcBkHAdZUPi0szAHaFj.jpeg,mucca
OIP-f0aQcqzZiQMl52b5JRwE0gHaJh.jpeg,cane
OIP-f0AzDZ7mEjUOrVdQukCnTwHaFj.jpeg,elefante
OIP-f0BoB-JU1GbYroE7IHC6ywHaC7.jpeg,cavallo
OIP-F0g5gdSdPWco3poJbw4YaQHaEn.jpeg,elefante
OIP-F0NV58lgkXZr_wv-XAUiqQHaE6.jpeg,farfalla
OIP-F0q3TT4m0PLK0ITeTooeSAAAAA.jpeg,elefante
OIP-F0rwRujAhQ69ciOtv1nkVwHaFL.jpeg,cavallo
OIP-F0UbI_OMwlLwkT3Iul3-MAHaFc.jpeg,gallina
OIP-F0Yer_MsSNfyEKUZYHa_CgHaLn.jpeg,elefante
OIP-F11D8CU9n7NANkLny6hLMwHaE7.jpeg,gatto
OIP-f12jQ06XMTkQYiW_6YiyAgHaE7.jpeg,ragno
OIP-f1dG0fW3FRmYg8VhFqgWmQHaFk.jpeg,pecora
OIP-f1pnXXbIZAHdRG88CPvnvwHaFj.jpeg,elefante
OIP-f1VOPafAANjSDvEDb22wcQHaE9.jpeg,elefante
OIP-F28-H-blnp-eX531zcDBvQHaGD.jpeg,elefante
OIP-F2AqCN7D6DCHg4PNwkN24wHaFj.jpeg,elefante
OIP-F2PLl5vlYaqPslDe1oFtaAHaFj.jpeg,cane
OIP-f3d0SR5Of-LIEhtcNqBnwwHaE5.jpeg,elefante
OIP-F3LHFSvBMjjkgB2j0EC46QHaIJ.jpeg,cavallo
OIP-f3qvTHt_hCzqhKyl7HD_GAHaFj.jpeg,gallina
OIP-f3zEFeVW83xexBql-iqfmQHaE7.jpeg,gallina
OIP-f4045Bjchcoo1NfA6LAErwHaE8.jpeg,elefante
OIP-f4agv-YdshZRN7z52a2xYAHaFj.jpeg,gallina
OIP-F4FMS3wTPPBwT56nDSIHVQHaLH.jpeg,scoiattolo
OIP-f4Nwzfgmxzji9Sn97J_q2wHaFk.jpeg,elefante
OIP-F5c-qFamZ-BxyAwvc_ZWFQHaEu.jpeg,elefante
OIP-F5Ccxb9KCKv_LPj_ln_REAHaFj.jpeg,gatto
OIP-F5hBp7ULGmR0rLD-YwIsbQHaFE.jpeg,pecora
OIP-F5i8rIbqJFVbOs7UDSs06QHaF4.jpeg,pecora
OIP-F5UjZZWxUpG1Zntf1m0S1QHaEm.jpeg,pecora
OIP-F6fa8PGimDmQKq47PG-s4wHaFA.jpeg,elefante
OIP-f6FWPnfMoUGBaz-7PtA29AHaFj.jpeg,cavallo
OIP-F6GmcoAmoRSNAYJmWG64fwAAAA.jpeg,elefante
OIP-f6n4wTzJyXLHvdr0PtxmVwHaLG.jpeg,ragno
OIP-f74mbKchPTuR2tS3BMHHUAHaE7.jpeg,pecora
OIP-F7Cx5v8346KF5NmOpAAOegHaEK.jpeg,elefante
OIP-f7Q7PTAdF4G9geCZHl6INAHaFj.jpeg,elefante
OIP-f7SLzDLhEpGOVhmbieDhBAHaLH.jpeg,gallina
OIP-f7y6O6WFRgpjHRgu_6rHHgHaE5.jpeg,elefante
OIP-f8dOA2BFXByF-Gn8u0fkwAHaE8.jpeg,elefante
OIP-f8UxpeEoroBDV9zFl5GVGgHaE8.jpeg,gallina
OIP-f8wRg7WTul38kf9HiVWfQgHaHA.jpeg,gallina
OIP-f8YAJjnPtcZpvz_62DuAvQHaE8.jpeg,elefante
OIP-F99_59eeK1tWGh5GQrflTAHaE8.jpeg,gallina
OIP-f9dNFlxOGyQLrkQ7FeO9EQHaEK.jpeg,gallina
OIP-F9dRoHVRVxJ7F4KwhstqFgHaEK.jpeg,cane
OIP-F9jlq7XlBuaVKhIV3riZeAHaF4.jpeg,gallina
OIP-F9mt-nQAVPCBMxm3_48QugHaHa.jpeg,gallina
OIP-f9P8cYWpnZLzBAG5c7F9WQHaFb.jpeg,farfalla
OIP-F9Q9H2pldmgODmAGrgRI3gHaI1.jpeg,farfalla
OIP-f9VbfOauNxD514iWQ6tEqQHaFj.jpeg,elefante
OIP-F9YkJZX94TufU8Oqo_mi4gHaFj.jpeg,mucca
OIP-f_bwzSUOyIgmE8E7dMKtKQHaFj.jpeg,mucca
OIP-f_s4xI3tazWKguh5_q8PUQHaHa.jpeg,gatto
OIP-f_tIXmwqyOYdSTQTsYaxnwHaE7.jpeg,gallina
OIP-FaaDAHuVi2KVZVNVspAt8gHaE7.jpeg,elefante
OIP-FaDldddr2NcdUb1PD2ISmgHaIP.jpeg,scoiattolo
OIP-fB-tox_AywWa7_7Fa0y0RQHaFj.jpeg,gallina
OIP-Fb0ET9KxOv3DeZwutRbqTQHaFj.jpeg,ragno
OIP-fbAFnGDYJHsH3GUli0nFfgHaFA.jpeg,farfalla
OIP-FBDHnKp8a5iFYN1mwC5xaQHaK9.jpeg,farfalla
OIP-FBEtE7u3cwaf01M5oPUuuQHaFI.jpeg,elefante
OIP-fbg6olyclASFKumUwW-bmwHaEs.jpeg,elefante
OIP-FBHP5r08RDNx1V0p2O8_jAHaFj.jpeg,gallina
OIP-fbiZiMN2MWIsehoLf76uhQHaHD.jpeg,ragno
OIP-fBlwMsI8wSzzEMoPCy1CEgHaK2.jpeg,elefante
OIP-fbnHEvJlFVe0z2IBBJY7xwHaFC.jpeg,elefante
OIP-fBSWAhQajcG7tqDbKs0JnQHaFF.jpeg,mucca
OIP-fc3p16bc-mcbLTryaRCzSQHaGC.jpeg,ragno
OIP-Fca4hyTRF3AH1LJEmKu5XQHaJy.jpeg,scoiattolo
OIP-fcbGN745YMPPL6lenk40MQHaEK.jpeg,cavallo
OIP-fCCvfOanFY9ExLsk2wLdygHaFj.jpeg,elefante
OIP-fcJoNroNhKq6HwSwUXAeFwHaJ6.jpeg,gatto
OIP-fclqGfYrRH1j7ESfpmATMQHaGw.jpeg,cane
OIP-FcNfQsD3YjM_cyA-9h-qewHaEo.jpeg,mucca
OIP-fCpsmqLGnHOpnUK5ed8nzwHaEl.jpeg,elefante
OIP-fD2SgJ0a1_RBJOC8vIktjwHaFj.jpeg,elefante
OIP-fDDgJ7n_ptcEvhr_FHN7PAHaFj.jpeg,pecora
OIP-fDE_DxL7pUTa-zHT4MLrrgHaG7.jpeg,elefante
OIP-FdeEvviqvPG_UsyFiLqA7gHaFj.jpeg,pecora
OIP-fDJmfi8S3t2jbP6E9ETwHQAAAA.jpeg,gallina
OIP-FDKt-LYSfrAffFOfTUaLVgHaE8.jpeg,farfalla
OIP-fdmQ_EIWQmVtssDdknyA5QHaHa.jpeg,cavallo
OIP-FdRd3L4wwCKOOf74pPr0OwHaI_.jpeg,elefante
OIP-fDtauUI9EoRxoR3xuAfw0AHaGP.jpeg,ragno
OIP-fDtoP46gvC5IpnABlv4jqgHaFj.jpeg,elefante
OIP-FDVxJwJE8Qehh7NLBSOsWwHaG2.jpeg,mucca
OIP-FdX9u3PYs46WWTt0AauKTgHaI-.jpeg,gatto
OIP-fdxxFJj6J9SIa5xj9EEkQgAAAA.jpeg,cane
OIP-fE5mPJW1YN070sMiFS1L6gHaE5.jpeg,pecora
OIP-fe5Xx6obuNTbLW0q11zfxAHaFv.jpeg,elefante
OIP-feC1vDcTPFyC9kSemq1-HgHaFq.jpeg,elefante
OIP-FEeg_llyWApediy6aRGnbgHaFL.jpeg,elefante
OIP-FeexT701v4tahB4URxSoIAHaE7.jpeg,elefante
OIP-fehVDhrvaCVCaQjkIYZRSwHaKL.jpeg,gallina
OIP-FeJ0G3thfUR4Em_QDaBN-gHaE7.jpeg,ragno
OIP-FEjpLNaBPTzGe9OGLZH12wHaE9.jpeg,elefante
OIP-feK_VEte0nApbJunWFFYGgHaEw.jpeg,mucca
OIP-fepB1ky7rFwT2m9WBQJgpQHaG4.jpeg,gallina
OIP-feQfKP2fjs1I84lQgpFsWwHaE7.jpeg,farfalla
OIP-fEUmW_j6FMVbaaYS00rVcgHaGF.jpeg,cane
OIP-ffCxUG0zbwkucqc8IeYtLAHaLG.jpeg,mucca
OIP-FfeiceRU9snZ2oJE1quskQHaEK.jpeg,elefante
OIP-FfkpAnmULAuMMUAlDjOSAQHaGl.jpeg,gallina
OIP-fFvTkX3z7AXrK8pXBForNQHaEo.jpeg,scoiattolo
OIP-fFZqX23CiYsGkg2QSGurzgHaGW.jpeg,pecora
OIP-fG2b0W-VC3gL6cCHTUSwWQHaHi.jpeg,gallina
OIP-Fg4C8CckgE8tiDH7rk4YCwHaE8.jpeg,gallina
OIP-fG8QcqVOAA-d32U-Vfke8AHaGi.jpeg,elefante
OIP-fg_PQHSUnh41IhddRqLu0AHaHa.jpeg,cavallo
OIP-FGAUP_ZdWl7fp7NNlogM5gHaE8.jpeg,ragno
OIP-fghrlZBPhAZZWn7H4RRXkgHaLm.jpeg,gallina
OIP-fGiOu6o3bWD4FbfwVSSvNgHaFJ.jpeg,scoiattolo
OIP-fGLmNTSMHAaIpnGqlJ16lgHaFL.jpeg,elefante
OIP-FGLWcqEP42fyddjSICvntwHaEK.jpeg,elefante
OIP-fgOI6iKIeSqhmK1fqqLuXAHaFj.jpeg,pecora
OIP-fgRIwJ8NtddztqKQDPLalQAAAA.jpeg,scoiattolo
OIP-FgTnm2yuyCupgjJOZumTbwHaEy.jpeg,elefante
OIP-Fgy6tz0f_AUKMJ3KmrSBXgHaEe.jpeg,farfalla
OIP-fH3I8t4W81DONyuT1as6-gHaF9.jpeg,gatto
OIP-FH_YZl1_rWkv1D-npZbktgHaJQ.jpeg,cavallo
OIP-fHBLpKbYPBy6vhivHe3YtgHaFj.jpeg,pecora
OIP-FHcxw3X-wsUeliI_kG66ugAAAA.jpeg,elefante
OIP-fHDnFKGo7Dfzy-Lq3SjllwHaE7.jpeg,elefante
OIP-FhiLQncLGFmbk2K36W39dQHaJ4.jpeg,cane
OIP-FhKnfsz_IFLAaPnnun_GbgAAAA.jpeg,gallina
OIP-FhNvHTe0Uk43zl6c3T5c_QHaGC.jpeg,elefante
OIP-fHT9vOCzg2DJgIXOVZowwQHaFu.jpeg,gallina
OIP-fhTE9wtU09EppG7NMjVtUgHaFj.jpeg,mucca
OIP-FhueN0XaQgrSHAWS17Qo6AAAAA.jpeg,elefante
OIP-FhuUFungIvULqcFPkXSPFgHaGC.jpeg,ragno
OIP-fHuv3I9SVYqFYdlrtZyYXAHaEo.jpeg,pecora
OIP-FHvuKj2jA6FRqGavt7uypQHaFe.jpeg,pecora
OIP-fi-X4s4Ft1f6Rh8SGXUp5gHaKY.jpeg,farfalla
OIP-fi7dzQ6Xs-7E1ZedF1TyVAHaGR.jpeg,gallina
OIP-fI9NRq_m2koiZ1ZhzAuS8QHaGp.jpeg,scoiattolo
OIP-fIDyd9SGDyO7-gbm1PlAPAHaFj.jpeg,gatto
OIP-fIE16CvxaHeE7iw3hk7XzgHaF7.jpeg,elefante
OIP-fiiAMloPn5N-2ImE6LZ7hwHaFj.jpeg,pecora
OIP-fIvZgQ7GdMA8OWu8frJKngHaFj.jpeg,ragno
OIP-fIWHiwbRxMCU8PgBVmYP_gHaFj.jpeg,gallina
OIP-fJ6fgIUsoQKzxKvfrhyk1AHaHD.jpeg,scoiattolo
OIP-fJD51ub0l38Om018yUV-HQHaG_.jpeg,gallina
OIP-fjFvEwe3YfxuTyqGwoYCCgHaFk.jpeg,cane
OIP-FjOe1BNYJQ753GUMJtUh2AHaE1.jpeg,gallina
OIP-FjoFQgjfVxiwhBKGVgXURwHaFj.jpeg,pecora
OIP-fjPe0wMNVsOg69JeYnMbFwHaEK.jpeg,elefante
OIP-fjWupXou8Ks9J0qIaT7c2wEjEs.jpeg,gallina
OIP-FjXAQa6nUYv8MSE2iL-VqQHaE7.jpeg,elefante
OIP-Fjzwo_SKIt_dQI8ER7VtiQAAAA.jpeg,ragno
OIP-Fk6Q7Wq3WB08nBbV4OAzhQHaKB.jpeg,gallina
OIP-Fkfe_Xqb8PC7yErZQ56eyAAAAA.jpeg,pecora
OIP-fkNDIv5PyQcRpyo8Xu9KJQHaFj.jpeg,scoiattolo
OIP-FKo5sHO9c1TFLa5hlKgwWAHaGd.jpeg,elefante
OIP-fkPYxdnaJeLEg8SbGLRdEgDVEl.jpeg,pecora
OIP-FKT6rkU96t4hLEtORfMI8gHaE7.jpeg,ragno
OIP-FkZQUXtDHiQs4yRrjNToIgHaIH.jpeg,cane
OIP-fl2THMAoMSl8mVVC-MmJYQHaE7.jpeg,gallina
OIP-FL55M1R8TBW365WQhAaSngHaLH.jpeg,cavallo
OIP-FL5NICTvsBD2hvZlGuB8WQHaE2.jpeg,elefante
OIP-fl6NVdNYulY6oZ0oMkPFcwHaE8.jpeg,elefante
OIP-fl6UmIZeveOOsQo8ursAzwHaEK.jpeg,gallina
OIP-FL7_BHGO3AWGHOA9nh-iXQHaFj.jpeg,gallina
OIP-fL83tWc4niJ682OJDpNSFwHaKW.jpeg,elefante
OIP-FL_0t4W2Izl15ibw0NFHPQHaEY.jpeg,gallina
OIP-fL_3iUEfNPl9oBH-hZroFAHaFi.jpeg,ragno
OIP-FL_E8n3dA_g9YuLrvuRywQHaFY.jpeg,farfalla
OIP-FlK9c7dVmb2UWg9TyA-xzQHaE8.jpeg,gallina
OIP-fLNDlKI0x0TxY0WMyZESoQHaE7.jpeg,gallina
OIP-fLsVltgOpm2n-5tIQNJi9QHaFI.jpeg,scoiattolo
OIP-FlT1ICWrax5zhGErWjjfSgHaFj.jpeg,pecora
OIP-fm6qsp9UTIoAAOYIAZt2QAHaE8.jpeg,scoiattolo
OIP-FmbJOuydCQP2ob864cgxfQHaE7.jpeg,elefante
OIP-fMfi87lQEPkCzRtuHFpfBQHaE8.jpeg,gallina
OIP-FmMqveoquNoNn4YYf0gkOQAAAA.jpeg,pecora
OIP-FmqsJyUf4wB5700ISOlzEQHaFj.jpeg,ragno
OIP-FMRPqfqKJiyjnd1NvaY_CQHaE8.jpeg,gallina
OIP-fMRROQfmER4lRfgK_qGpIQHaKu.jpeg,mucca
OIP-fMWSVHyMMsYD9tft3xZDQQHaE5.jpeg,gallina
OIP-Fn8Ngndx8svxmEUAy5cJgAHaFj.jpeg,gallina
OIP-fNacjFELc7_p7YTXDLSoIQHaFj.jpeg,gallina
OIP-FnF1g-dKMFYcCvodienYRwHaFj.jpeg,gallina
OIP-FnFbRh186ZkPjps3CUlaQAHaE8.jpeg,elefante
OIP-fnr7dNBWkPI1PBAnKB31GQHaFJ.jpeg,scoiattolo
OIP-FNT-Q1JD7rnIgdU0sSdDAgHaDQ.jpeg,ragno
OIP-FnW9nDJsBiZGFF_2--3vrQHaE7.jpeg,elefante
OIP-fny38CyrqJ9oh11pxchtGgHaFn.jpeg,ragno
OIP-FO-Wun6SR51l84dekj6GuAHaFV.jpeg,farfalla
OIP-FoB26SvZoGtXgCFLeJ-vxAHaJ4.jpeg,pecora
OIP-foE_OvxfLDFUo-NTc9cGVgHaFk.jpeg,farfalla
OIP-FOeMtRjnY6psauz3h9klSQHaFj.jpeg,pecora
OIP-FOPlu3CIqxTTJBcMQBY5RQHaF6.jpeg,farfalla
OIP-fp5R5lu8v_mQe4zWTrxORwHaEN.jpeg,cavallo
OIP-fPBI8pNKStJdwWaIvopiigE1DK.jpeg,elefante
OIP-fPI2jIGkPdBphQZ-z38cQQHaHa.jpeg,elefante
OIP-FpM9xWeKA8nHW2y8s4zd8AHaE7.jpeg,elefante
OIP-fptm1JrxZPzb9zpt4QUn2gHaHc.jpeg,cavallo
OIP-FpWATHCrBBJY4N9sQqbMMAHaEo.jpeg,cavallo
OIP-FPwQ4VZl6SuVNMH5k8N6LgAAAA.jpeg,elefante
OIP-fqALUl0Qfa4u4h6h-FGKTgHaHa.jpeg,ragno
OIP-fqEMmNk-D-ysJQ9uSbzW3gHaEo.jpeg,farfalla
OIP-FqfvTAsUts7zvZR5Z5374AHaFj.jpeg,elefante
OIP-fqGLEVVq-Tgs0e0fcjIiCgHaJ4.jpeg,elefante
OIP-fqhecssFJqN1uoyh9hdMpAAAAA.jpeg,elefante
OIP-FQMdyZC7rLqaID6wjV13kwHaEL.jpeg,gallina
OIP-fQmNS-_DW5VJHHkCCDMP9QHaFj.jpeg,cane
OIP-FqR2okA510aQLO247sYwhgHaIa.jpeg,scoiattolo
OIP-fqrJZD-bt8zrE9mryzVdGgHaHa.jpeg,gallina
OIP-fQrziLg76_Cvn1osxcxFVgHaE_.jpeg,cane
OIP-FRiB6lAkv-rEddRBa5-QcwHaFp.jpeg,cavallo
OIP-fRIOjDTpxwHgNX_5LwNXdAHaEI.jpeg,gallina
OIP-FrJF-hoKI5izIMyCDcMPcwHaE7.jpeg,elefante
OIP-fRNlg7TXqXZNmCtOLIqscgHaEK.jpeg,elefante
OIP-frWwpTdL11hD0AKzDRiwsgHaFj.jpeg,elefante
OIP-fS-ORUZnLNYYy74fI2lE9wHaE7.jpeg,gallina
OIP-Fs8Kzj5q1Czwzeaej0dm_QHaFT.jpeg,gallina
OIP-FSdApGtSRuYMcnIe1M5GuQHaE6.jpeg,ragno
OIP-fSi910TpmwDtlQPoMvr5iwHaFj.jpeg,gallina
OIP-fSyEEt3OIK7iDqwLP6ywIQHaJd.jpeg,pecora
OIP-fSyUpuIJXideo7cZCZPJSwHaEk.jpeg,scoiattolo
OIP-ftcO7VZVOKLR1uS1iwCLagHaHn.jpeg,elefante
OIP-FTFIfGzH8SwfDSpDj2e4jgHaHa.jpeg,gallina
OIP-ftGK8InJzHieI1FkZScNMAHaFD.jpeg,scoiattolo
OIP-FtgznxyvJBSFv5d9koFGQwHaEL.jpeg,gallina
OIP-ftoQOF8bk7OYfaRvAlLkTwHaFJ.jpeg,elefante
OIP-ftWTxr-mQccUKL1mZlexrwHaE7.jpeg,elefante
OIP-Fu4RuLC1YHAHWF4BKbWERgHaE7.jpeg,pecora
OIP-fUB4o4VwpYi686vKuVT7FgHaFj.jpeg,cavallo
OIP-FUcoG5VSNVbqMBu8dMuBlgHaE7.jpeg,ragno
OIP-FUcOvcfngNRNfZ1s7o7xmAHaFj.jpeg,elefante
OIP-fUdUcL6uWwAlv7dC-4o4JAHaE6.jpeg,elefante
OIP-fuedeoLpnoRbEVuIQ6FjAgHaFj.jpeg,elefante
OIP-FUkBNd-8FNE2jUE_DT_WIgHaJe.jpeg,elefante
OIP-fuWuYUDCQ7a3canAakFX5gHaF7.jpeg,pecora
OIP-FuY-jDUJ129XkH_-Xi6FtAHaFj.jpeg,scoiattolo
OIP-fv2mP-Ba72CxrHW9a1X-fAHaEK.jpeg,gallina
OIP-FV8Fj5JuWMU56i_W-X8NDgHaJ4.jpeg,pecora
OIP-FvaPsbRBhDbpmslfQiBgNwHaFc.jpeg,gallina
OIP-FvkEIYTox6JR5ZvHHW-pywHaFj.jpeg,scoiattolo
OIP-fvmszP9ovj_Rh4mCW-mAOAHaEK.jpeg,gallina
OIP-fVnWfb562qPNUXrrOf_z8QHaF8.jpeg,cavallo
OIP-FVp4CIOl6X_s45q1F83PDwAAAA.jpeg,elefante
OIP-fVRzJJ-NhK3TgUNkb9jKewHaFf.jpeg,gallina
OIP-fVwP0RjYilMDNSDlyXyvEwHaGb.jpeg,cane
OIP-fW3N62tjhj8wTmOHH3JySgAAAA.jpeg,mucca
OIP-FWHHDbT_Sx5p2BUGD0JF5QHaE7.jpeg,elefante
OIP-FwhldIm_8K3WxYmwC0YwEAHaFT.jpeg,elefante
OIP-Fwkby2z1vd6NaTac-bOPagHaFj.jpeg,elefante
OIP-FwlVW01e-vKSqNNBxtfGOQHaE8.jpeg,elefante
OIP-fX1RvRYmG_HdYjrm81WSAQHaFj.jpeg,gallina
OIP-FXKAzi7l_NGwh6e9BB6VwgHaE7.jpeg,elefante
OIP-fXmVXAUSCw1ZLWhnqeA_wQAAAA.jpeg,ragno
OIP-Fy67FmM6XQxj3RypE5D5OgHaE8.jpeg,elefante
OIP-fyaI56VBowaYeC_HYW190QHaE7.jpeg,pecora
OIP-fyAMlvY-55oABrU5xx86EQHaEu.jpeg,gallina
OIP-fYCJ7KOxllNmwBvz7ax8BADXEi.jpeg,gatto
OIP-fyesUDOUDR8O9ErggxDQ-QHaFj.jpeg,gallina
OIP-fYfm_pL6PoG4QABGc9FkeQHaFj.jpeg,ragno
OIP-fyGASqc8j97i5FsS-LCc4AHaE3.jpeg,gallina
OIP-Fynxi9mLMZ-KgB-2qiFaTwHaJQ.jpeg,cane
OIP-fYRRjv8buSYASCeglKvHmwHaJh.jpeg,ragno
OIP-FYS5xf1Lg_x8wdOpwj4HyAHaGP.jpeg,elefante
OIP-fytyFTcnUCqD-z1t96O7GgHaFS.jpeg,elefante
OIP-fYVaFKWfpom5NJwKdb2I8gHaE5.jpeg,elefante
OIP-FZ0DZF3mj7NFaZR01paxPwHaE7.jpeg,gallina
OIP-fz0y_2-42znZjnTWn4Sk7QHaF4.jpeg,cane
OIP-Fz6kwHTCkGNotjuv2cNtWAHaFj.jpeg,scoiattolo
OIP-FZbjcObMV42gYVEsUNkq_QHaFc.jpeg,gallina
OIP-FZH8s_-01hmI9F0ouj_0bgHaEK.jpeg,elefante
OIP-fZIQnwmn-vDRbJhrm4A3RwHaJ4.jpeg,cavallo
OIP-FzIqYX5Pbmekg6KmerZkqwHaHa.jpeg,elefante
OIP-FzmRScQ_TP32gBXZqXlMxAHaEo.jpeg,elefante
OIP-fZQ7f94wk6lTRCLsJzU48gHaE8.jpeg,elefante
OIP-fZqOQs0NhGgEQJPy7vp3GgHaEh.jpeg,pecora
OIP-fZUIkNfX368WKrJimsr2gwHaFh.jpeg,cane
OIP-fZz5oXC2Br3bxicD8aP0-AHaFj.jpeg,ragno
OIP-fzZmmgYkJjf8I5mpXTekuwHaFS.jpeg,mucca
OIP-G-4ju2tzb9TqIfZ9R2iiBAAAAA.jpeg,elefante
OIP-G-64CzJZZ_M-qmJYhIib0AHaE-.jpeg,gallina
OIP-G-bVVBJVfXD1FLnyJfKWvgHaFl.jpeg,gallina
OIP-g-ns5m1oDGmqWVVvLxlB7gHaG6.jpeg,gallina
OIP-g-r0jrWXywXobFX1y2AKDAHaEl.jpeg,pecora
OIP-g00Mc4fWbhSyTTMK9UVK4gHaFY.jpeg,mucca
OIP-G09lcDuPS5XSnDpO5dnEdAHaFi.jpeg,gallina
OIP-G0dXFROtKO5ZgPE1i_LltAAAAA.jpeg,elefante
OIP-G0jIAqD_0Qb4_fcsIwtqdwHaFj.jpeg,scoiattolo
OIP-G0OgTFJHBi2CWqfKCs8YIAHaKP.jpeg,elefante
OIP-g1HNG84FuXkrCPBDtI8w2wHaFZ.jpeg,elefante
OIP-g1hrU6pD6GELpMfXxapwbQHaE8.jpeg,scoiattolo
OIP-G1hZkMQNSJFd6OZlenL4igHaE9.jpeg,farfalla
OIP-G1KuBaGVWOrX5rL6pzpJqwHaFk.jpeg,cavallo
OIP-G1vC9x2zkmKBxOTyGrTZVAHaJ3.jpeg,pecora
OIP-G1w_l9KvgAFrbZXWPZOuvwHaJ3.jpeg,elefante
OIP-g2OH87gfdLyKZ9yKXmv-CwHaFE.jpeg,elefante
OIP-G2YeOgNqT6deFuKXbb1iEAHaEK.jpeg,elefante
OIP-g2ysV7ZtLXJSmzOYfJlKQwAAAA.jpeg,farfalla
OIP-g3IWohIiT6oV36_zc7l9KgHaG7.jpeg,elefante
OIP-G3otFkXaN7wMZhYeytBvDwHaEK.jpeg,pecora
OIP-G3TXwpTEQbNAHJkP96Q9EgHaFj.jpeg,mucca
OIP-G3yT2C_aOMm7S88L5xyxfQHaE7.jpeg,scoiattolo
OIP-G4CCvVoySi0l26aj6f7hswHaFc.jpeg,gallina
OIP-G4p5JCaOm5_7X1wnC5PCdAHaFK.jpeg,cane
OIP-G4rsrNTwaJGlAoIcFWiwVwHaJb.jpeg,ragno
OIP-g4tMf3wcKZRt0UwKem68xgAAAA.jpeg,ragno
OIP-G5MJIweJ7YkJk-4Ncy4IkAHaFj.jpeg,elefante
OIP-g5qzTh5zouKRVchQXNeqswHaF0.jpeg,gallina
OIP-g6CiZ45l-zwSTXpEQF8qVQHaIW.jpeg,ragno
OIP-g6w_2dtDtdNK53DJbrSIRwHaFj.jpeg,mucca
OIP-G79YEv4jGaCf1kHVPVgkPQHaFj.jpeg,cane
OIP-g7fsz1ST2CbKuPs2z9hEdAHaFj.jpeg,gallina
OIP-G7OUoQ1Or9a8hvaOZT0fXwHaFj.jpeg,elefante
OIP-g7tZYI9hya2FhEi1G9vM7QAAAA.jpeg,farfalla
OIP-G7XqXz6Y42LW8lUdWUT3LgHaFM.jpeg,mucca
OIP-g8cpMBkSkue-960o-krGFAHaEj.jpeg,elefante
OIP-g8UZpC8cBKlwV6zfsDOFBAAAAA.jpeg,gallina
OIP-G90Cd1Pv5fjj2e6bZtXRCAAAAA.jpeg,gallina
OIP-G99zKNIzyDZnBs1B-oVRBwHaFj.jpeg,elefante
OIP-G9FOpiwdWEUDU4PWZtof4gHaEK.jpeg,mucca
OIP-G9r11Asjm7COUrgd1gfK_gHaE8.jpeg,elefante
OIP-g9xrk_d6a0tUdh_pdz0gcQHaFj.jpeg,cavallo
OIP-g_jLJQ6NRQB39o7i4xGlSwHaHH.jpeg,elefante
OIP-G_lOMtd6gqq1CISWdj3NZAHaFj.jpeg,elefante
OIP-G_QsSNgW0Jf1zWGi56csRgHaE8.jpeg,cane
OIP-G_YjeXMdvlncS5q1Ds5KuQAAAA.jpeg,gallina
OIP-gA29-BjLJAmA3C3sS6ct9wAAAA.jpeg,farfalla
OIP-gAd6klXk7fqIoqbFoG6nfQHaIr.jpeg,pecora
OIP-gADLm6b7T6VyrRLSvba8JQHaHa.jpeg,elefante
OIP-gaEDIBAwmgABgflnIWR1XQHaE-.jpeg,elefante
OIP-GAFHfdPWQ31Gbu6ygB1BIQHaFk.jpeg,scoiattolo
OIP-gajSi1snxc3O7GEqMfTuwAHaEr.jpeg,scoiattolo
OIP-gaKMPsFWf7xJ-VP92h-UEAHaE-.jpeg,ragno
OIP-gayTl9CatU8BaTaPtn2gUgHaFj.jpeg,gallina
OIP-Gb-yLFMp1zovKH3iFUvCqwHaEn.jpeg,gallina
OIP-gbhBRAHlFNJfojxC5aEmuAHaE7.jpeg,elefante
OIP-GBjG4dq5j0wYkNyfa2FwXAHaFj.jpeg,ragno
OIP-gbkcf5IS3N1tsJBjA3ARpAHaFp.jpeg,cane
OIP-GBKlMLL1bk6wR9uIl-7K4wHaE9.jpeg,gallina
OIP-GbkTKWxxuLN2BiZ3Y1spNAHaFR.jpeg,farfalla
OIP-GbqsrSbGP-2z9mgHUGPRzgHaFW.jpeg,scoiattolo
OIP-gBrsAf6ebCFQvE0CoNy1PgHaHa.jpeg,ragno
OIP-Gc82ZLFft7oGOpPlbziNTwHaEK.jpeg,farfalla
OIP-gcDcCfuuTunDGoyjkP4d3wHaGE.jpeg,gallina
OIP-GCI78SxA5_z5Tw4cBRG1dgHaE8.jpeg,cavallo
OIP-gcLAKvGox7L5Z0pnFbRd0AHaHa.jpeg,farfalla
OIP-gcNuyZsGf-xtvYP-pUSddQHaJ4.jpeg,gatto
OIP-gcr890BFOWYVZYQa_LXSjAHaG-.jpeg,ragno
OIP-GCrOwr4M-aJ8uxoPTnQTvwHaGF.jpeg,gallina
OIP-gCXcl1XuWHTgjyAsoul0kAHaFj.jpeg,pecora
OIP-GdbhzHseuyKQ5JKnFaRMRgHaFU.jpeg,cane
OIP-GDFXSTMRMABFqDLnKPCMlgHaFm.jpeg,elefante
OIP-gDltiSP_dGW6G3UK6dQRfwHaEI.jpeg,ragno
OIP-GDqIPzrhJuTIsGnRxc-Q8AAAAA.jpeg,farfalla
OIP-gDrTy5bAGcT4UXDa748KjwHaHa.jpeg,gallina
OIP-GDuU5qUSMHn21BieuNm7ugHaFW.jpeg,gallina
OIP-GdvfzRu8nxZ7vHCJFhmHUAHaFj.jpeg,gallina
OIP-GdxI-WFmFt9cafbNX1ITMwHaFj.jpeg,gallina
OIP-gdyHnFdQmd-yE0M-g_ua9AHaFc.jpeg,scoiattolo
OIP-gE30VOA1mWEzaXWxWvaR3QAAAA.jpeg,elefante
OIP-Ge6iKUBVPSXExy8857AywgHaG9.jpeg,elefante
OIP-gE_ep0wsvbRJYVvFghaKkQHaJ4.jpeg,elefante
OIP-GEALVwEJWNmxTv1hSz7ROwHaF6.jpeg,gallina
OIP-GeclwLkdyS9f-NLVYp-qVQHaI9.jpeg,pecora
OIP-GegDQe6WY2V8TRLSF301_gHaIz.jpeg,pecora
OIP-GEHP0ojJFgQ5XJw_NAfsjwHaF7.jpeg,gallina
OIP-gejhFFZqkRdxvcc3tuJymAHaF0.jpeg,elefante
OIP-GEkDmZIeXCa87EFvzryO-gHaFj.jpeg,ragno
OIP-geKiYb_uZ4JuSbAC0oObKAHaHa.jpeg,gallina
OIP-geqk0CKoMDoTHBcDObY5mwHaFj.jpeg,gallina
OIP-GeRnJFdeE-Hsj3VOTEl5KAHaEK.jpeg,farfalla
OIP-geYI8dwrRpPFnOcxD8K_FwHaFj.jpeg,gallina
OIP-gEyyNDk-Nym-X4weAl7IsQHaFz.jpeg,gallina
OIP-gF50rfJOpswJmTmStfjZLQHaE2.jpeg,elefante
OIP-gF7lSoJ7XagLqplEcqdemgHaFj.jpeg,gallina
OIP-gFBkLStAb3FNelir3d4tiAAAAA.jpeg,elefante
OIP-GfCg-jZBPBQg-sVVilPDKQAAAA.jpeg,gallina
OIP-gFI6YgAqWSe4f0ieV6w7OQHaEJ.jpeg,ragno
OIP-gFj9hlDNxFIlThrHFO32AwHaFj.jpeg,gallina
OIP-GFnRJSY90Wi7yv6FMt6-zwHaFj.jpeg,elefante
OIP-gG4Z8jQEIJyUQMBG1Z4NNAHaE8.jpeg,gallina
OIP-gg_EV6rBj6yTLiBI5sVPgAHaH-.jpeg,ragno
OIP-GgA30pyEqI8Jpj4GRZkyzQHaHa.jpeg,mucca
OIP-GGaUFEB5J0ja66FJGCeeDgHaHa.jpeg,gallina
OIP-ggdQSa9BfrfzMlG7utdiuAHaEK.jpeg,elefante
OIP-gGFyFpTkh54poAYYIl8bPwHaGw.jpeg,ragno
OIP-gGK4xtwPmfb4adcYXNQKGAHaGp.jpeg,elefante
OIP-gGk_AZZNOiKWzVzZkPtG_gHaEr.jpeg,elefante
OIP-gGLJMG4iNyV8nvWOAXaLGQHaE8.jpeg,gallina
OIP-GgNecpRbpTvl0VRPv52XEgHaGq.jpeg,elefante
OIP-gGxBDduVmvIYes-eNLVFFAHaEK.jpeg,elefante
OIP-ggZ604URCltDNi1UQOb6QwHaE9.jpeg,scoiattolo
OIP-ggzH-1UrygG-TlSDDUH9VwHaEy.jpeg,gallina
OIP-gh3NP-1K1UvdGW16DvehTAHaE7.jpeg,gallina
OIP-GHPQmFP8Ec__YQZ_cgmD8AHaE7.jpeg,elefante
OIP-ghRoEqgrUWyUEIaCLPeElwHaE7.jpeg,elefante
OIP-gHscVVeJLLcThNcPgtjvjwHaFr.jpeg,gallina
OIP-gHTRUkGF7pG9pz5K7aE-JwHaHO.jpeg,gatto
OIP-gHwLXCA8uscnviy1JIdTFwHaDw.jpeg,elefante
OIP-gHyrIXIIKIRgg0st701GDgHaGQ.jpeg,mucca
OIP-gHzcYfh3aJLrXaKtuDEjpQHaGa.jpeg,ragno
OIP-gi4fO-EGsTRlVab15OiR8AHaHa.jpeg,ragno
OIP-GidsuH-TIf6WcJ4FsTfESAHaGe.jpeg,pecora
OIP-giezsU3GG1RWMDUMIKZzaQHaFj.jpeg,farfalla
OIP-giGVzq2_HiDovmKkibLwYwHaE6.jpeg,ragno
OIP-giOeQq2iqD80dJQKBy14MwHaFj.jpeg,cavallo
OIP-GIT1E-DGfP0urJzg1rOR0QHaIo.jpeg,elefante
OIP-gjaeqC2yOgkQ41lL10Ed_wHaHa.jpeg,gatto
OIP-GJDfgTilgFG8VqpGyYnMHgHaFH.jpeg,pecora
OIP-gjdPAAbJl6pxjI6G1Kyj2wHaEK.jpeg,elefante
OIP-gJfHuFMr-DuNCh8SKGTw3QHaFJ.jpeg,farfalla
OIP-GJh-7_mTERTzw66gFYPrXQHaJq.jpeg,scoiattolo
OIP-gJKI2eE-QhYFFpOgCG3TqAHaE8.jpeg,pecora
OIP-GjPUDWgG3adSbLkRZvBtOwEsDh.jpeg,elefante
OIP-GJQMyJM_aN8RV-TPPIQZJgAAAA.jpeg,ragno
OIP-gJTrXlWBcpewxX5KeWwgfgHaE-.jpeg,mucca
OIP-GjvrpnaHBYKoo6FxNGK29gHaFj.jpeg,elefante
OIP-gjzQtR9vNGk42G3zOc8f2AHaFD.jpeg,elefante
OIP-GKbb6r9_EusfJePsT1K0vgHaEo.jpeg,gallina
OIP-GKBpSCVhCpsvtGnW1YVw6AHaE7.jpeg,gallina
OIP-GkBY9hiUQESS9Xi60-xYKAHaE7.jpeg,farfalla
OIP-GKh-o2SBntFKr35yiRGy9AHaE8.jpeg,gallina
OIP-gkIeycftKcX8_7jEG5kx-AHaFj.jpeg,gallina
OIP-gkjFn_AvFG4HVdd-donBSwHaFj.jpeg,elefante
OIP-gkKNE9ui8RMqdbya1850GQHaFj.jpeg,pecora
OIP-GKKS5qU2e-sIz5zv7twwNAAAAA.jpeg,scoiattolo
OIP-gkPrCXTAtTlHBz3wEtTdwAHaLH.jpeg,cane
OIP-gKWDukUGZt31YCEKTcQ32gHaFj.jpeg,elefante
OIP-gkyzQcZ6DcUSaj5iopnW4wHaHa.jpeg,gatto
OIP-GKZ4p4cmKutESAr6Xa3h0QHaFf.jpeg,pecora
OIP-gkZjrh4kk2NtJrv7hcS2NAHaGP.jpeg,pecora
OIP-gl_uNhXSX8HgbWmYfyEMywAAAA.jpeg,elefante
OIP-gLGYwLry6npf2IHh22kwvwHaFj.jpeg,pecora
OIP-GlgzLI05yfkrR38AvRCMQQHaF6.jpeg,ragno
OIP-glhaVUSpyxeXVxqvMBKNDwHaFj.jpeg,elefante
OIP-gLHIGCmglBuZslBcDIT8jwHaFj.jpeg,pecora
OIP-glJJL81XW1-UTvIaKgdnBgHaFj.jpeg,cavallo
OIP-gLnU2njttmViUS0zWlYQQwHaE7.jpeg,ragno
OIP-glP_df2geLAzylRLlK6RvQHaIt.jpeg,elefante
OIP-GLUAfPNLvlx_AfaFTkEmvQHaFU.jpeg,elefante
OIP-gLw3jKfJR8wK-xfsCGsicQHaFf.jpeg,gallina
OIP-GlZ8aa00gVQVgEao7JuYzgHaHJ.jpeg,cane
OIP-Gm6S71J-l2M5BfxkzM8GFAHaEK.jpeg,scoiattolo
OIP-GM83P1zwMgnflw5wJATGIgHaFj.jpeg,gallina
OIP-GM8eTx3XbBAMKsOcgcxxTQHaFN.jpeg,elefante
OIP-GMfi_7vGNDYSQxga-iFu_wHaFj.jpeg,scoiattolo
OIP-gmggQ839ZwvfBk9Ttz_M5QHaFj.jpeg,gallina
OIP-GmgROtXxGoWmK99ymunQGQHaEK.jpeg,ragno
OIP-GmhjlRSbfBzr0y4msT4lrwHaEK.jpeg,ragno
OIP-gmIenPqs_RB26bn_2WZsgwHaF7.jpeg,scoiattolo
OIP-GmMcLQXDX352XrZ1TXxz9QHaE8.jpeg,gallina
OIP-gmnNMXeL9jx29L_h_GlPpgHaJ4.jpeg,elefante
OIP-GMTxpS9bbxoGyvaE5Nn_wgHaFf.jpeg,elefante
OIP-GMVzvoQZrgxLHViYY5p7BAEsDh.jpeg,elefante
OIP-GMW0Ru9Q6FdfqzGtscpJMgAAAA.jpeg,scoiattolo
OIP-gn0PKw3rZiYzt5FPXPOAkQHaFl.jpeg,elefante
OIP-gN6s0cySOncdruZKBtqbnQHaE8.jpeg,gallina
OIP-gndhJz1RceRh0uXjVgTjpgHaDT.jpeg,elefante
OIP-gNDI7rN9LexG4KRe-85nJwHaGE.jpeg,elefante
OIP-gNfPI4Ei8DwQQKS-BGwA1wHaF7.jpeg,gallina
OIP-GnWd0gqbd8Wo7yX2Dzz2AwHaE6.jpeg,gallina
OIP-go6U3KReepOfvzEJqZ1t0AHaKj.jpeg,cavallo
OIP-GO91VbSZo4KS5mP2H8xQTQAAAA.jpeg,pecora
OIP-GOapwONM5Db0z44IZ4v14AHaHa.jpeg,elefante
OIP-gOBIeFStdM36ImznYmZzyAHaGT.jpeg,elefante
OIP-GObtxy7_w9v2ScKlk5SWKgHaGt.jpeg,gallina
OIP-gOeJqUaxwAxSpGxs4FR1NQHaLH.jpeg,ragno
OIP-GogV-ojINVQWDgPkECUNGgHaE6.jpeg,farfalla
OIP-gOkl8jRPprA3IOeny4dqLQAAAA.jpeg,gallina
OIP-GOmmGdwEAZckL9f8hj5rzAHaFC.jpeg,elefante
OIP-Gp-fzORBR3ZGWZxgKZYjuQHaF5.jpeg,cavallo
OIP-Gp3iVb6wQlshSNI8KCVgugHaIf.jpeg,gallina
OIP-Gp4ThAV_Rt_SPT3NoN4csAHaHO.jpeg,cane
OIP-gPAq9R0X0sb2zR5a5FyC0AHaGm.jpeg,cane
OIP-gpbHMnWLg_iOWse2KMqd_QHaGn.jpeg,gallina
OIP-GPF1lbUhPprVEb_3j4xTxAHaEK.jpeg,farfalla
OIP-GPfV2Z5_ZLKHq8NBBzy_yQHaFj.jpeg,pecora
OIP-GpTv3eVv_wrsvdtuqsooGQHaHa.jpeg,gallina
OIP-gQAhtEuSzWUc7bLg5FnzmAHaFj.jpeg,elefante
OIP-gQCPaokfCctDG-UhEUKjtAHaFm.jpeg,farfalla
OIP-Gqd_5GLYGwmZCDZS-ylFuAHaFG.jpeg,gallina
OIP-GQE7VFC6S4ixtSg8AQhcQgHaFj.jpeg,ragno
OIP-gqF1W_bcWYUalCEb5fsuNQHaEF.jpeg,cavallo
OIP-GqGzFU46nSm4p5AWfgngmAHaH4.jpeg,gallina
OIP-gqm68Df8moHky0S8MYHn_gHaGl.jpeg,ragno
OIP-gQNNxU5Dr3yRGoE5Iz9iCwHaHa.jpeg,cavallo
OIP-gqOZ8QRCctIyBn1m1ClapAHaFy.jpeg,elefante
OIP-gqpJiMu1LScGJ3ay3H2cKwHaIX.jpeg,pecora
OIP-gqvhiyel9oTEjmoQAPoQfQHaG6.jpeg,farfalla
OIP-GQY8QNtMeVz-ijatA4XkQAHaG_.jpeg,cavallo
OIP-gr1looGurQi8DdOJMk3CpwAAAA.jpeg,elefante
OIP-gr2CSDCm1T3tOSzB8R90AAHaKw.jpeg,elefante
OIP-GR4NN8RA2bFzNQarCC9BRgHaGs.jpeg,ragno
OIP-gr4pDUJ5uKoh1gSOvUR1HgHaFj.jpeg,elefante
OIP-GraWv3uITFb4TTwkEJ8DeQHaGZ.jpeg,mucca
OIP-Grcvdp_auxL1RRC7462A_gHaFy.jpeg,cavallo
OIP-Grd_QaAyxKSsn7YpLm05aQHaJ3.jpeg,gallina
OIP-Gre3JeNCy-yD5FsW1SMPwAAAAA.jpeg,pecora
OIP-grgSEk5WXm43o9Zj_XUmUwHaE9.jpeg,elefante
OIP-GRhWXhnZ_u1lX4M9lnCLwQHaFj.jpeg,elefante
OIP-grsAWZ5Acz-6j4hnMnWuhgHaLH.jpeg,cane
OIP-gS7ajgzWy8icJM5Vfa7VrgHaCq.jpeg,elefante
OIP-GS_7HsqYmpEmsMMPbjjQpAHaFi.jpeg,gallina
OIP-Gs_nasFOv8DrLrfyzFzb5QHaE-.jpeg,gallina
OIP-gSC1XI5woc_9lk3MqZspBgHaH3.jpeg,farfalla
OIP-gsD6YCq39NsdZA4tmqWcLgHaIe.jpeg,pecora
OIP-gsebVqG7yav1rXvSEccp0wHaFj.jpeg,pecora
OIP-gSIPPiMyDE4DbAqUjPXggQHaD6.jpeg,elefante
OIP-gSRngGcPw39to_-uFl7UsQHaIh.jpeg,elefante
OIP-GSSfTtUCZ-OOVWrNMGaxfQHaFj.jpeg,cavallo
OIP-gSV06Y0yAYKGnEQWLDtZigHaGH.jpeg,elefante
OIP-GSVk4n8uuaQVJFv_oib0JwHaFj.jpeg,farfalla
OIP-gSVROl8YLtRBhydeTgbWXAHaFj.jpeg,pecora
OIP-GsxgpOkTPHTxiC9w938ZnQHaHZ.jpeg,pecora
OIP-GT0HuR6mCC9jBj8DKnvdOwHaFS.jpeg,pecora
OIP-Gt5CiKuIRfA44qabNpPCLgHaGt.jpeg,ragno
OIP-GTC9XtxF8xJ7QIUj91ZcIAEsDh.jpeg,gallina
OIP-GtjmFQmTYgySbQATcs3QMAHaE6.jpeg,scoiattolo
OIP-GtjY8Gnm_4cZwBzbtnP2eAHaE8.jpeg,elefante
OIP-gTK3d_QKpQq3eRzJQlB0FQHaFj.jpeg,pecora
OIP-gtzI2B8gcrlvbKvk3tf2UgHaFj.jpeg,gallina
OIP-GTZq1eYasXqsO2G1cSXspwHaFj.jpeg,elefante
OIP-gU7i_R9hwFMzhO4rW_ClXQHaGL.jpeg,farfalla
OIP-GU8sZhHziy4aoEZA_zJHJwHaFj.jpeg,elefante
OIP-gUDY_5en29FjKVpU5pn4qwHaDn.jpeg,farfalla
OIP-GUfvEwhohRRrDm_lN755zAHaLH.jpeg,ragno
OIP-GUHywNxuAKsJ1tHRK64VIgHaNK.jpeg,elefante
OIP-gUJvTeQmZz8VKG99hzwIfgHaD4.jpeg,gallina
OIP-Gula4XuRSI8RoIxUOjMjUQHaFg.jpeg,gallina
OIP-GUstF25p6LNJWJ9m17D26AHaKH.jpeg,gallina
OIP-gUTNDGtX0xpZbRyOxnQC9gAAAA.jpeg,ragno
OIP-guxj1rL9rLjQaQVI-c0pYgAAAA.jpeg,elefante
OIP-gv2PzJdpLvNLXnbjLnRIFQHaHQ.jpeg,gallina
OIP-gv56o1oRILuQYd9rL2Z_QwAAAA.jpeg,elefante
OIP-gv5fO5xE8Xgv_LggtAeuZwHaH-.jpeg,scoiattolo
OIP-Gv5RrQj3YeO7toMcJ_VK1wHaFj.jpeg,elefante
OIP-GvDoNiP9kTApby4VRLVwjgHaE6.jpeg,cavallo
OIP-GvfldB00KzTxWMCqJXaMBQHaE8.jpeg,elefante
OIP-GVIUVkBXajN7605QeMkvOgHaHs.jpeg,gallina
OIP-GVJdkXl1ecLMesnZgJZ4kQHaE7.jpeg,elefante
OIP-GVlWzEN2W5-sN_HBtXaTKAHaHK.jpeg,elefante
OIP-gVN1MWZAHsSSNfO4UYmhAQHaDj.jpeg,elefante
OIP-GVnsPu9O0NPL0XIo3XiABAHaD8.jpeg,gatto
OIP-GVpwimRacfAF0JZQk9QXXAHaGk.jpeg,cane
OIP-GVRYYXIRlduYORyauqV4VgHaKy.jpeg,gallina
OIP-Gvth5Rr77QvmHaOQubUwHwHaEb.jpeg,elefante
OIP-gW2qAMQpqVfTaqeObGYAXAAAAA.jpeg,elefante
OIP-gwj-UQc9ZFVU3mVt2k-pwAHaEo.jpeg,mucca
OIP-GwUWfQtG1EDXurmebs-LHgHaGz.jpeg,gallina
OIP-gWVNnwo-Eea7wKEsM7o7kgHaHn.jpeg,pecora
OIP-gWzu6IZi_3rhmrNzxRjOXgHaHf.jpeg,gallina
OIP-GX1zVYiZJ4IT5yrF-1xDdAHaJ4.jpeg,gatto
OIP-gXaLP1BoMWHDz4S9kM8guQHaE8.jpeg,elefante
OIP-gXbaPyyDnxpkP-CwDyiYgAHaFK.jpeg,gallina
OIP-GXDFTn7XV7Mj3Z3qe42TzwHaFj.jpeg,scoiattolo
OIP-gxEA0H-toXjW8NTZDIRVbgHaFv.jpeg,ragno
OIP-GXHHiX4jFZzJK0KYLCEG1wHaFc.jpeg,scoiattolo
OIP-GxrbJfsoMwR4zGis6AaStgHaDt.jpeg,gatto
OIP-GxU-GdJlyNbcrVjs9qgdBQHaFj.jpeg,elefante
OIP-GxwW3Wcej4as0FFjiRXyNwHaFj.jpeg,scoiattolo
OIP-gy3t3f8hIUl-zD9rHkKZvQHaIw.jpeg,elefante
OIP-gyAP_R053_g_asBpzX41xwHaGh.jpeg,pecora
OIP-gyGDhH0JkukA-kEjWT1osQHaHv.jpeg,gatto
OIP-gyj6ZLT42bE1n1jp3qeNWAHaH6.jpeg,pecora
OIP-GYKI9kAqhr52ubknmSF9vwHaLH.jpeg,pecora
OIP-GYkMOj7wnbEqDpsOIEw4agHaE8.jpeg,gallina
OIP-GyNObRTpn9tVxbLjSxwrCAHaFx.jpeg,pecora
OIP-Gz7GwYuAYwa1G9Ph3f7bZAHaEX.jpeg,elefante
OIP-GZ89F_t0bc-CdzrxK7jH5wAAAA.jpeg,cane
OIP-gZ9zs0nw47lcN7Eqn92pfwHaGT.jpeg,farfalla
OIP-GZKG6Pe6J5j1Ncq6XacdaAHaF7.jpeg,gallina
OIP-gZKIP2vHUioVNPIagmHxnAHaEK.jpeg,pecora
OIP-GzLsuWFSba5wVulD9l9SzgAAAA.jpeg,elefante
OIP-GZmwqPl_g2mmsVYeIsqqmwHaFj.jpeg,elefante
OIP-GzQUJB6qnpYSzQK9QX4SSAHaFz.jpeg,elefante
OIP-gzs_Wk8UHWWmo1y1MEzhMgHaHu.jpeg,elefante
OIP-GZTtuZOiyp2zeIIQ6C2VDwHaF9.jpeg,pecora
OIP-gzUtJ4ntKvAX_7fareX1fgHaLJ.jpeg,gallina
OIP-GZV1uknXzh2_yGGU3XaLoAHaFx.jpeg,pecora
OIP-gZzXeSGi3eTY8WHLATSWgwHaFj.jpeg,scoiattolo
OIP-H-30QIlkomYR6455FtCx6gHaJV.jpeg,farfalla
OIP-h-a0t5rgxNEim3XNwGEvbAHaFj.jpeg,elefante
OIP-h-dvbUnMMZACmwkgn-Tg0wFNC7.jpeg,scoiattolo
OIP-H-EDrXFmTX5w5QM8ylJhCgHaLh.jpeg,elefante
OIP-h-gUH_7hlZUtjlARv0zmWwHaI2.jpeg,cane
OIP-H-lOD8RAB1ZWa00kF6NtBQHaFL.jpeg,gallina
OIP-H-tRkuRjks7kM-SjUfZZ0gHaE8.jpeg,elefante
OIP-H0dxGx0vZHkH80CeH2o0sgHaFN.jpeg,elefante
OIP-h0rQhRG5U-dstQ604FRtowHaGh.jpeg,elefante
OIP-h12yG1KiNI9FVAXnXbqBegHaIr.jpeg,elefante
OIP-h2x9xelJw8AJqDvxXNnrFgHaEt.jpeg,farfalla
OIP-H3eRjiHJVmYn8qoNCyZATwHaLH.jpeg,pecora
OIP-H3IhdvgQc5VZ_OVPJ--fMgHaE7.jpeg,ragno
OIP-h3qpeRSqR8MfHBfPTG1vSAHaEo.jpeg,cane
OIP-H3VHt8aE2n0I1nkSXJ3_ggHaE8.jpeg,gallina
OIP-H47u2GdIbf4i5-lZ5_fdvAHaEK.jpeg,cane
OIP-h4OidYc6DhrLVuVgDiyEnAHaFL.jpeg,elefante
OIP-H4OKXH2kK_uwOwDE2gIQ1wHaII.jpeg,cavallo
OIP-H4pJe1v6lFnJnsrctkqqIwHaGW.jpeg,pecora
OIP-h50lX8yvVNlqs4AJ8yv7aAHaEn.jpeg,elefante
OIP-H55ySLmdY5fXe0-4mrsIYAHaFj.jpeg,elefante
OIP-h5AxK0ZA6O4vdJpWO6tjXAHaEL.jpeg,ragno
OIP-h5tyNnunXV_KlhX-0yN1TAHaE5.jpeg,gatto
OIP-h5xm2kqKi3BiAsRbPAAKIQHaFj.jpeg,elefante
OIP-h6Hh52_jEoMbHumrAoobgwHaFC.jpeg,gallina
OIP-h6mOI0UUjZn_jAwpnnWI1AHaE7.jpeg,elefante
OIP-h6p8Nk7oF5rpKFIIEhZK0QHaE6.jpeg,elefante
OIP-H7ayRTwoSyW3ipHbA59o-AHaEo.jpeg,gallina
OIP-H7c7K9Xv7-0FSegekTi7GAHaIM.jpeg,gallina
OIP-h7fjT1VBNrAivgGh6rQtVgHaEK.jpeg,ragno
OIP-H7jvRzyWpBWVFPaE1B-aLwHaFj.jpeg,pecora
OIP-H7N9zmHoqy-lnjCuNgdvbAAAAA.jpeg,mucca
OIP-h8d-0mPCtOnF_KXsHp4-agHaE7.jpeg,elefante
OIP-H8M9JnrQvcVk56MZyCpPowHaE9.jpeg,gatto
OIP-h8PjWDqzA06CWg11sQ8lbgHaGx.jpeg,elefante
OIP-h8RJJ4M-ly7e-vjrziSdWAHaFj.jpeg,pecora
OIP-H8TLN_kT4s19RFXqoJy92AHaEo.jpeg,elefante
OIP-H8VMYRu7Jpl24923_6arLQHaNL.jpeg,elefante
OIP-h9AyGF3jFGoXVI8D2WmL_wHaHH.jpeg,elefante
OIP-H9LYNjEURYRADZrrcXLBjQHaFj.jpeg,gatto
OIP-H_13v63XAeEANHDc6PyPHwHaKD.jpeg,elefante
OIP-h_1AvIYyAyAokCdvGt6EAgHaIj.jpeg,ragno
OIP-H_B7t6e9F3LnVH2SzM2iRQAAAA.jpeg,elefante
OIP-H_M4v-niOLIcpGI83oJyaQHaFo.jpeg,gallina
OIP-h_y2HyMzfEcFWAP8PtJ5RAHaE9.jpeg,ragno
OIP-H_YBBl0rroQW-nqfYEgTrgAAAA.jpeg,elefante
OIP-hAFjRVhGoom_XYbQvqJGAAHaE7.jpeg,pecora
OIP-HaIzZlMWNkqeGNDs9FMtGgHaF8.jpeg,pecora
OIP-HAm91mC3kMFIukkyDeYYsQHaHv.jpeg,mucca
OIP-hAmll5iqEvXwvktIxb88PgHaFW.jpeg,elefante
OIP-HAR3COOa_yoS4Lo0BxQt9QHaFj.jpeg,gallina
OIP-has5mIbL0nf7G18NWlV87wHaFf.jpeg,gallina
OIP-HAVOCOysuApNHwLtyyn6_QHaMX.jpeg,elefante
OIP-hayBnBngpQnL_LWG7fyNLAHaFj.jpeg,gallina
OIP-hb1N8LTyNfU9-PBc9lE-9AHaFc.jpeg,pecora
OIP-hB9VSWaxLEHX8PrQ6HD0SAHaEK.jpeg,elefante
OIP-hbb2eDfHkgbko8tURcsozgHaEK.jpeg,mucca
OIP-hBC2L7us4_6mf3RQP7iziQHaD4.jpeg,farfalla
OIP-HBdY6kCXNZpRMqX8p6NsNwHaFj.jpeg,pecora
OIP-HbJyTLN25EtTtaMBNzFrzwHaEr.jpeg,elefante
OIP-hbmjoRyHQzSDm4mNxtjz4wHaE7.jpeg,pecora
OIP-HBOnBrXhW7179tn4VzXWiwHaEx.jpeg,mucca
OIP-hbPCR6VClj-URau732yeVgHaJ4.jpeg,gallina
OIP-HbPgpm9TYmWge1SFHJdIfwHaE8.jpeg,elefante
OIP-HbQLx2NiuELNIKkcEbpbDQHaHa.jpeg,scoiattolo
OIP-hBqsXqPOEAbWExKKwRTjzwHaFj.jpeg,gallina
OIP-Hc3-00XmA-YiMaNA7jwlHgHaE8.jpeg,gallina
OIP-hcCdEEqKihc9ckxM4VuGJwHaFj.jpeg,gallina
OIP-hcOV6XnR9XQHAmtyeBx1awHaFj.jpeg,elefante
OIP-HCTQPaSioqKHY6_UY6KCwAHaJ2.jpeg,pecora
OIP-hCvtJxl-AabvSQuaKfwPUQHaHa.jpeg,elefante
OIP-hCwKh2tsqPp90HDdJP38qwHaGl.jpeg,gallina
OIP-HcX_ydQvLobsS5CN-DhJPgHaHQ.jpeg,gallina
OIP-hcXH0HdOunIv2JH9qilOEAHaDZ.jpeg,scoiattolo
OIP-HD53rpvixXyGQ8sLIcc-HAHaFY.jpeg,elefante
OIP-hD5wJmes5xZ0fZiZeHoZewHaFj.jpeg,pecora
OIP-hdBdyWUTGh0plvg7_-GIMQHaFb.jpeg,scoiattolo
OIP-hdCQmaivLhkpoVKkovn0-wHaLJ.jpeg,scoiattolo
OIP-hddl2zkp7RsJzUs6K9TOwgHaE8.jpeg,elefante
OIP-hdDPIv5VSvE6SOPltgPrsQHaJD.jpeg,ragno
OIP-hDgSdnNlIbXFv3QsX4hz_wHaFf.jpeg,pecora
OIP-hdik6nnyx9Iamz3nQLJuiwHaFL.jpeg,ragno
OIP-HDKsg2FJTbi0yG_DNYa7kgHaFv.jpeg,elefante
OIP-hDQruPAX9skTE7fOzvKXAQEsDw.jpeg,elefante
OIP-hdt-0_OfegQp3MCJehH2kgHaJC.jpeg,gallina
OIP-HdTlSqGgVCX4l-LJgmkF2gHaFe.jpeg,mucca
OIP-HDufTfW-0SKGhQqkV6hutgHaE6.jpeg,scoiattolo
OIP-HdXePLx5BJSVacM8038rBgHaFj.jpeg,gallina
OIP-HdziKALnyXPNHiHJUqYjPgHaE7.jpeg,gallina
OIP-HE2yxRuzOfPQKAgP9UqovAHaFj.jpeg,gallina
OIP-HE7FDpcfoN9t6ugniCItwwHaE6.jpeg,gallina
OIP-hegW8hg8lSMAjqECCM6kWAHaD5.jpeg,cane
OIP-HEjocB6H2HSrpWP3d74GyAHaE8.jpeg,elefante
OIP-heNXEVeonVuAQqeIUP_vKgHaHa.jpeg,pecora
OIP-heo9XsjVsOvKB8D1uD9M2gHaGW.jpeg,pecora
OIP-hEPu_TnHYzBXieCMNwq9CgHaEU.jpeg,mucca
OIP-hEX50nJ1AhJJf9rDH5qVVwHaJ4.jpeg,gallina
OIP-HF05paKa7_hLItsKYsBEjwAAAA.jpeg,ragno
OIP-hf1qPQr7IqjbRI63b8YZuQHaFC.jpeg,elefante
OIP-Hf3jLnXaJWNCggj5RsPmkwHaFq.jpeg,gallina
OIP-HFaATUywqLDWo9tYa3abVgHaFk.jpeg,pecora
OIP-HfEu-l88DX0KRYDzv4obWwHaEo.jpeg,pecora
OIP-hFjlxEEemkU8yrHFVSSmBwHaFn.jpeg,elefante
OIP-hfnSs0ZKbXYFecM0HkTTQAHaGS.jpeg,cane
OIP-Hfo_uJ2egbaHUD-8TqwPYwHaLG.jpeg,gallina
OIP-hfuGLUHRYTchcQrrMuGCSwHaEK.jpeg,scoiattolo
OIP-HFz2pkGh8At5swPJ-Lc1YgHaE8.jpeg,elefante
OIP-hG0jJz1LYE6J6w-8B5OZ1wHaE9.jpeg,pecora
OIP-Hg1DZwF71Ch33rBe5ZAy9AHaF7.jpeg,mucca
OIP-hG5ceEaYCxwYq-uEIA1G8AHaFj.jpeg,ragno
OIP-hG7z1Bz4qD-aPXt1ZTQ_2QHaFj.jpeg,scoiattolo
OIP-hg9dWY3-K_rw7BmqCL2-_AHaLH.jpeg,gallina
OIP-HgmUIneWszGNAjwv2gFJ_gHaFj.jpeg,elefante
OIP-hgpoJJRufizx8RAlere_CAHaEg.jpeg,farfalla
OIP-hgPYtwyqSqQxUtiOQqkV4AHaE1.jpeg,elefante
OIP-hH2_sbGSpH2wgJz9BCS2IQHaFb.jpeg,mucca
OIP-hhaUuJ_ONGMQHuCbtMg8twHaE8.jpeg,elefante
OIP-HHblyQSRhDfIzaXMwA1psgHaHJ.jpeg,mucca
OIP-HHCJ5LFikx3mHcRnrAGmiQHaF5.jpeg,ragno
OIP-HHDMwxYinDms21P53ehm8QHaHw.jpeg,elefante
OIP-HhfvmMsdjhNCbmZDUQsLBgHaEV.jpeg,mucca
OIP-hhG-70JiV175ZAFZTsVRhwHaEK.jpeg,elefante
OIP-HHHlCDBLrSA-l_L7S0UCUAHaE7.jpeg,cane
OIP-HhLnxdZDnr9HZIuyqRP0jwHaE7.jpeg,pecora
OIP-HHrSSeccaZG8529aj4vd2QHaGz.jpeg,elefante
OIP-HHwlX82soupqbntSzTz1KgHaIB.jpeg,scoiattolo
OIP-HI09YuMPCJLIOpjM2JtbbQHaFj.jpeg,elefante
OIP-HiCE3XtjLYBbA-VJu8bQ8QHaFR.jpeg,farfalla
OIP-hIcYVeuMg7Xvu3XEWw0ERgHaJF.jpeg,cane
OIP-hiGFgW2td6lQ6sIXPiyqkAHaFj.jpeg,pecora
OIP-hiiXyqcYDuBs7bIC1Dol9wHaFu.jpeg,pecora
OIP-hIl7f_gL4sw2CWYcYkv9SwAAAA.jpeg,elefante
OIP-hiqwRsp3biM4QXE21c0BKQHaHd.jpeg,cane
OIP-hIVNZWnZ2bRGvrDYughWQwHaE8.jpeg,gatto
OIP-HiX5VCOfLS0wrc5ggO9scgHaEo.jpeg,scoiattolo
OIP-hj0QkDscMPI-HQO3LDWxCAHaFj.jpeg,pecora
OIP-hj5cCyx7a3mcKtcJboRXAQHaFj.jpeg,gallina
OIP-hj6QX1eBD3gSzdlUTiiTaAHaE8.jpeg,farfalla
OIP-hjBm80HFaT4QqRt0qSuAiwHaEn.jpeg,gallina
OIP-hJeYf79TUPxT8S-gNrc8DAHaE6.jpeg,gallina
OIP-HJH1KvHRZ5-CtV2QQX4urwHaGU.jpeg,cavallo
OIP-hJLO4eEhMDqUpyKHXzfiHwHaEK.jpeg,cavallo
OIP-hjNK8v0miunsmhrOKHAJQQHaE9.jpeg,elefante
OIP-HjNy0JvSoTt6rqCt0H7v3QAAAA.jpeg,elefante
OIP-hJO3_4eXH_fL-J8K4MwX-gHaEK.jpeg,elefante
OIP-HJOYJdZsjMKQKrac_vctlwHaHO.jpeg,elefante
OIP-HjwK4SponOzeMs9_zfuteQHaFj.jpeg,elefante
OIP-hjwUcfDwp4yVNOVir9Lg5QHaE7.jpeg,elefante
OIP-Hk68Hj7N6lGfuTqzi8NnxgHaEo.jpeg,gallina
OIP-Hk7dnVlee8naTDX6LPholAHaF4.jpeg,elefante
OIP-hk8Ca4hOAeS16Cuuk9J4GAHaL-.jpeg,gallina
OIP-HKEX2YzxomuOiFrtWCbl2gHaGE.jpeg,gallina
OIP-HKHBQH_noKK4m6rkysPUlgHaFj.jpeg,cane
OIP-hKSsmk-1cWhTUqW_rUzAGgHaE7.jpeg,elefante
OIP-HKvxTyun7wcjjV7tCXCxuQHaE7.jpeg,gallina
OIP-hKwx9zo4opUszcqkxVEHHgHaFr.jpeg,elefante
OIP-hlBxV54MySJbyN7z1Z6csAHaE1.jpeg,gallina
OIP-HLeb97GAq5bBAZV2VdZz1QHaFj.jpeg,farfalla
OIP-hLlDulLxb9M1PR3LvQnqJgHaE8.jpeg,gallina
OIP-hlO1bzFr4o3XZ5Duma_JDwHaFC.jpeg,farfalla
OIP-HLoATCStsI16cdSiCaqUZwHaE7.jpeg,scoiattolo
OIP-HLTrBuzp0NC9C9X1NDw9JQHaFU.jpeg,cane
OIP-hLxesQqpzCdddJCGRnlseQHaFj.jpeg,pecora
OIP-HLYz9oPkNkQ5ABExnOwBzQHaJj.jpeg,elefante
OIP-HLziK1nINUzYObj-2XOJewAAAA.jpeg,elefante
OIP-hM1oLUy5-NSuT99YLVOrqwHaFY.jpeg,mucca
OIP-hMHD_sxappZQM3oVgA_mIQAAAA.jpeg,gatto
OIP-HmMiel3e69oez-ILWulCBwHaGy.jpeg,cane
OIP-HMOdDw97CZpyoA6880fnMwHaFj.jpeg,pecora
OIP-HmR--cUd3UXQgsCxfKc8HAHaJ4.jpeg,elefante
OIP-hMYQuU5BbtqM6_dOB-Tp8gHaFj.jpeg,pecora
OIP-hN0GZKl7aACeEjc74RdHKQHaE-.jpeg,gallina
OIP-hn5H2xq7MF2-f2IB-nUdQQAAAA.jpeg,pecora
OIP-hnLlh9RxFZlzJW3JJNVJPwHaFs.jpeg,elefante
OIP-HNpo_i1VSZXY9NQ3asVV0gHaE6.jpeg,elefante
OIP-hnSLholxU3YAGnAAMeZRmwHaE8.jpeg,cane
OIP-HnssZSKncsXlfiJOgvCWQAHaFi.jpeg,gallina
OIP-hnULNKDpvO21yel2vtnp8wHaGN.jpeg,gallina
OIP-hny39QRxZarUqepFK-PVnwHaK_.jpeg,elefante
OIP-ho5X5lEI6QRnikHb2n9nOQHaFj.jpeg,elefante
OIP-HofNw_P5mn1mTmjTNquLjQHaHm.jpeg,cane
OIP-hOhKboILnWvED5s5cTyLlAHaHC.jpeg,ragno
OIP-hoHpfrl1n52Gm8v5hjSYRwHaGz.jpeg,gallina
OIP-hom7QNtq-uo74DCMt1aO7gHaE8.jpeg,elefante
OIP-hoXL5fMVWPMSO7w2xacqEwHaFX.jpeg,scoiattolo
OIP-HoYdfchE5lm-NL_D_VsfugHaHZ.jpeg,ragno
OIP-HOzM7D3h3biGMfDRKQYwIAHaFD.jpeg,elefante
OIP-HOZq3B47mmHJgDmakYHH4QHaE8.jpeg,mucca
OIP-hp1tycUAE14ya_RPGqk-oAHaJj.jpeg,pecora
OIP-Hp2mX5hSQFfM5nlOtDj46QHaFj.jpeg,gallina
OIP-HpgA4kY3w6oS5Vf1cU26qgHaE8.jpeg,gallina
OIP-HPgU4YOjFIFusewkZswXmAHaF7.jpeg,gallina
OIP-HPIzBy0hgutcFKL5vU0GowHaFj.jpeg,scoiattolo
OIP-HPjDLTfMBNVq8nfvpAW17gEsDh.jpeg,gatto
OIP-HpLVl0c9sGO9QbMfai1_IwAAAA.jpeg,pecora
OIP-HpoJXgbMFZCUFD6sXRsO3AHaFj.jpeg,elefante
OIP-HPPMvFX4N0UgiSWFTO97ngHaE7.jpeg,scoiattolo
OIP-HPrbLTWl80hFEfNxFnf-ugHaGL.jpeg,scoiattolo
OIP-HpsEKO5jodUAhhjsiPaBnAHaFj.jpeg,elefante
OIP-Hq1ddUF_xEyknGFIQJC4OQHaFP.jpeg,farfalla
OIP-HQ8MxWOJNXC-gou-T-VL6gHaGn.jpeg,gallina
OIP-hqb4LSz4_GCBQOMZKjD-kAHaF5.jpeg,mucca
OIP-hqbNjPhC_W2y8GQsNwQ8awHaFB.jpeg,elefante
OIP-HQFit_80FoDqBrGAUY00qAHaEd.jpeg,cavallo
OIP-HqrxqlL604akyNAYltzpaQHaFS.jpeg,scoiattolo
OIP-hQujr6_d96F432mEnY-7YgAAAA.jpeg,cane
OIP-HQy-XDyrXi-Pdal8bH7aJgHaFd.jpeg,scoiattolo
OIP-hr7OCFDPz2txhn9cvGeOmAHaFB.jpeg,elefante
OIP-HrVMaeZx6ePiBg9Zi_pHOwHaJS.jpeg,pecora
OIP-hryrA42EODAmniRypU7_YQHaJ6.jpeg,cane
OIP-Hs4p9rjRbiJJ_P1NwHWrhwAAAA.jpeg,elefante
OIP-hS9RdGE9u0q9hAJoA2zFMwHaIq.jpeg,elefante
OIP-hsElADARgnEME8bxOLFI1AHaE7.jpeg,gallina
OIP-HSLGtD6X-Dwptsok_00i2wHaHa.jpeg,cane
OIP-Hsn_WSUToNPacRiV54NqNAHaEC.jpeg,cavallo
OIP-hSRNoxtKfZt4GycxmWf8eAHaFj.jpeg,gallina
OIP-HsUwp5tsK4q67BKdRbJKXQHaEf.jpeg,elefante
OIP-Ht782q1mz3EEHLGaZtKaAgHaEK.jpeg,scoiattolo
OIP-htHeOjKSSx0X6BDMqCGIZQHaGA.jpeg,pecora
OIP-hTMS_V9RkcbcgV-pYUrDXgHaFM.jpeg,gallina
OIP-htsP3ZXJErOscHOTSLAdNQHaEb.jpeg,elefante
OIP-hTTu1U_DltH_dTrMiHb93gHaFj.jpeg,elefante
OIP-hu-D7O-rGfx3xoeN12_zKQHaFi.jpeg,pecora
OIP-Hu14V4pzaB5vsC5IA0KznQHaGM.jpeg,gallina
OIP-hU1CHezTqt14mmy81TbFCgHaFc.jpeg,ragno
OIP-hUCBz8bIF991UKT9D9kjkwHaFj.jpeg,mucca
OIP-Huiu8QkmlDrcosvE6UyLnAAAAA.jpeg,gallina
OIP-HUIvxgTx3G33O9McRnVZYwHaLH.jpeg,gatto
OIP-huM2xTm6ZutPy-TCUYYAJAHaEK.jpeg,elefante
OIP-HUrvRM6WB38Ukp_3CKTPGwHaEa.jpeg,farfalla
OIP-HUWquswQ9BsuM5gLfQLStgHaFL.jpeg,scoiattolo
OIP-HV3Poa9HHxZ4Qc92TlJ_ygHaFc.jpeg,ragno
OIP-Hv7Nl64hmx3zODkTzwZEcgHaGj.jpeg,elefante
OIP-HV8vCcdwDyYFxplymoJ1hwHaFS.jpeg,ragno
OIP-hVEt1HjSZXSmkPMaEALyxAHaE8.jpeg,elefante
OIP-hVEVRpDRV9JAhgOaDWQsNAHaFb.jpeg,elefante
OIP-HVmTIAQKHBA0s_Zz-GDR9AHaJQ.jpeg,pecora
OIP-HvPdJBcZ3K42U02sApzQ0gHaFj.jpeg,cavallo
OIP-hvR-M9Q6x7ABDf5ptJwKvAHaFj.jpeg,gallina
OIP-hVt50hcCVwjNEryItD1Y0gHaE9.jpeg,pecora
OIP-HvyF6_h1-6rRljyuAXgWkwHaFE.jpeg,elefante
OIP-Hw7U4YQuRDy1PKX0cLDZwQHaGs.jpeg,gallina
OIP-Hw_IL30LL0AijbPd8w24pAHaEn.jpeg,elefante
OIP-hWhEP5-VOBQ0CpsJLS4kwQHaFj.jpeg,gatto
OIP-hWJ076ttFapAIr0_fTkdvwHaE8.jpeg,cavallo
OIP-HwrPFxCuuYME5-XcCqMupAHaFl.jpeg,elefante
OIP-HWrQ_iR3cnl9nEZFvgA-qAHaKW.jpeg,ragno
OIP-hWRVX1hGsI5Qbxh0bajD_AHaFP.jpeg,cavallo
OIP-HwUL9x-GZn6--pI3PfEoSwHaFj.jpeg,gallina
OIP-hWv3vFImHVvLMdxm2pDUQgAAAA.jpeg,elefante
OIP-HWyLJoTGMEY-Vr8B_l3bDQHaJ4.jpeg,gallina
OIP-hx9TQ6l3pksYT5Ub3bhwVQHaE8.jpeg,elefante
OIP-hXgxzWYEe8ropW1BAUT04AHaFj.jpeg,mucca
OIP-HxM6k31wOlRq_zgkpHeY7wHaE8.jpeg,cane
OIP-HXP6XEEKol8TJ6V8SceGggHaJ6.jpeg,elefante
OIP-hxuiu8ohL3WVpv0pJ0ECzwHaFj.jpeg,gallina
OIP-HXUttKvu9554CuPjlsLGzgHaFj.jpeg,elefante
OIP-hY3IQDMEYIs6kC0SHo7QrAHaFk.jpeg,cane
OIP-HYI5jp1_IgAG7xvsWCQ1twHaIc.jpeg,ragno
OIP-HYOflAoEFdJ51IUqyVKgDgHaIE.jpeg,gallina
OIP-hypgY6VyF56E954xf9CVYwHaE8.jpeg,cane
OIP-HyptjKngbPMsgCwCVLtR9gHaE8.jpeg,elefante
OIP-HYqrMlY4oHQetrMqLQZHaAAAAA.jpeg,elefante
OIP-HyU9vLDa8o8wa55s8-vRIgHaFi.jpeg,elefante
OIP-HyV30OZmbjIPU59Cag3t8QHaE8.jpeg,gallina
OIP-hyzBikuzEhTU2hUOeobT7QHaFj.jpeg,gallina
OIP-HyZmIYh0p5l82AAUuxX5jAHaE7.jpeg,elefante
OIP-HZ6itliLJftpX8kPAKslVQHaJ4.jpeg,elefante
OIP-hz8gjkxrSZUZUF1m-Lt4YAAAAA.jpeg,farfalla
OIP-HZAvq3QoeqfG2mqHUeaOLAHaHa.jpeg,farfalla
OIP-HZdsb_jZwr4HsrIty4ex0wHaKP.jpeg,elefante
OIP-HZGOA3XyPKqV2fL02ILB9QHaGe.jpeg,gallina
OIP-HZgTrTGehLkzSKuqdqvJ2AHaHa.jpeg,farfalla
OIP-HZl32tT4d1MR4zQ9YFF6zgHaE8.jpeg,elefante
OIP-hzPdnFB-k8-1eTnYmQs-FgHaEK.jpeg,ragno
OIP-hzvbSH-TgK9ji2rll4e-fQHaE7.jpeg,gallina
OIP-HzyUyRLWf3l9P-kGpfuNpwHaE_.jpeg,cavallo
OIP-hzYvyc5-lkJI242zk20lNAHaFj.jpeg,cavallo
OIP-HZZCfsYj8KRZd4v0tCio-AHaE9.jpeg,elefante
OIP-i-Dy6ucOvBaVbdQXBezCFgHaFj.jpeg,gallina
OIP-i-EEhfIA0BYGdlh52nSHIQHaFj.jpeg,ragno
OIP-i-he-GYqRN6V55STHoYwtAHaGb.jpeg,gallina
OIP-i-J9VPk58dwIxhWPJygaKgHaHb.jpeg,elefante
OIP-i-QJAzTcsp1mZww2FCeNiwHaHM.jpeg,elefante
OIP-i07akliSOotPULk8iTChRAAAAA.jpeg,elefante
OIP-I0m76fAeO_CSZW-R6tii_gHaEK.jpeg,elefante
OIP-I0NWDXrrlj46ublApNdAgwHaHa.jpeg,scoiattolo
OIP-I0zbe8M9t0owSxIAdGOLbQHaEv.jpeg,elefante
OIP-i11vUU7irGGVdL8chgbcXwHaGE.jpeg,cavallo
OIP-i1cw5TmTn46QRrUqcEVp3AHaEo.jpeg,elefante
OIP-I1jUx1a9rfMb-mT5K1jjcQHaFj.jpeg,farfalla
OIP-I1Xh7C6FEinQTZUKTDgonwHaE3.jpeg,gatto
OIP-I29PIWXYZU6QoOxCdMAwEAHaE8.jpeg,scoiattolo
OIP-i2eLBINHAlNy8XNkDSHdfQHaGe.jpeg,mucca
OIP-i2onrsYRaesk8aJYr4EjWAHaE7.jpeg,elefante
OIP-i2r1zlq85MV6-mXEZfqi-QHaFI.jpeg,pecora
OIP-I2tVIIqC4WITHl249cQYzQHaFj.jpeg,elefante
OIP-i38BgL_eCy0jh-G5uVoBVwHaFj.jpeg,gallina
OIP-I3AosNj49p8uETef7j95zgHaHE.jpeg,gallina
OIP-i3I4qFJ8dRcSC9UbGezHewHaHt.jpeg,gallina
OIP-i3p8DsMfctmP5W0l9A2y4gHaLZ.jpeg,gallina
OIP-i3tg6saT1tBntbMwVfYVqQHaE9.jpeg,elefante
OIP-I3x3wVnEJVEcDg6py_hqAQHaHa.jpeg,gallina
OIP-i3zny3U_Xr73WmkU1f7UDwHaFj.jpeg,cavallo
OIP-i467eIS30UhA3i4xKFmY-wHaFk.jpeg,elefante
OIP-I4bjT03ihK9yn1p7NZOCngHaFj.jpeg,elefante
OIP-i4bOQRoQTXSL8Hiobdg_JgHaGD.jpeg,ragno
OIP-i4Ghe0StHKvClPt2C2eBVQHaFj.jpeg,gallina
OIP-i5iL6s7F0Y4wuaUJkIYEywHaFo.jpeg,farfalla
OIP-I5Q1MXdp9i9qb_hFRqcWRAHaFi.jpeg,pecora
OIP-i5q7xH4EBStd7KYb0gw2SgHaJo.jpeg,mucca
OIP-I5uiKwQHUGMpgvoS7nsucwHaLa.jpeg,farfalla
OIP-I60CvXTvlyy9L9z6A26VSgHaE7.jpeg,ragno
OIP-i6Xkm_foE8yIwpZuc2MZNAHaEK.jpeg,elefante
OIP-i787frQ771CACCzrPtDeVAHaF7.jpeg,elefante
OIP-i78HvlvFyEUXA8qJARFc3gHaFj.jpeg,cane
OIP-i7Ea3dXbgkfpMx4r5vWqhQHaLH.jpeg,elefante
OIP-I7Rs9lSYyzaYBhsB99P1ewHaEK.jpeg,gallina
OIP-i8MYcZrP2CRNvny74y87bQHaFu.jpeg,gallina
OIP-i8sl_EA-Bg-VngKOwe94PAHaFT.jpeg,ragno
OIP-i99EXZTX2T8Q5DEK_VdMYAHaEC.jpeg,elefante
OIP-i9HgaFN9sduzt6u9Sfz-cgHaFa.jpeg,elefante
OIP-i9JyaJb-soS-pyPZJ1YCJQHaE3.jpeg,elefante
OIP-I9L0i9qYo1wVeGJOPnwvKwHaFc.jpeg,gallina
OIP-i9p_f6Y0MG0jDdTmYgbXIgHaFx.jpeg,ragno
OIP-I9S5HlvKiCIegSNd-PG4nAHaKB.jpeg,elefante
OIP-I9WplUfx51_Zvmatxp9j1wHaFj.jpeg,gallina
OIP-i_c4z5of_YB4Fs1-zbL05QHaEW.jpeg,cane
OIP-I_gTJkUDfqSn6S2kevC-5QHaFj.jpeg,elefante
OIP-I_JmCchT8xeqX0d2cuKPhAHaEK.jpeg,elefante
OIP-i_PqvsFY4ye7CMMszXLtJwHaFl.jpeg,mucca
OIP-i_vcxF-7d-QGXF2Np6VKGAHaFi.jpeg,elefante
OIP-Ia8IWvW0ACAEem3cRcIaEgHaEb.jpeg,scoiattolo
OIP-iaEuiHJkz-Athmie-awrlAHaD8.jpeg,gallina
OIP-Iaf_jJPKbltMtoEoOBvDHQHaE7.jpeg,gatto
OIP-IAfGlSh7MpDvc6rZQCDeUAHaKl.jpeg,gallina
OIP-IaGNoIg6_hu9u4hujSps7gHaFc.jpeg,gallina
OIP-IAjGYLFx1rP_qTLj3yP8zwHaFj.jpeg,elefante
OIP-iAm9M9ZQ1YsOe9uf9OrbVgHaGF.jpeg,scoiattolo
OIP-IaW4omWfxeCI8YShowq0fgHaJH.jpeg,cane
OIP-ib11dDHjoIaXFlJP32IsVgHaGd.jpeg,gallina
OIP-iB4mY8taE1HL3j5Ri1ytIgHaFY.jpeg,elefante
OIP-Ib9RDdS1oLv-C3_ddvOMuwHaFX.jpeg,gallina
OIP-Ib_Q7ieTDWlbaYl0vuHUmgHaGL.jpeg,elefante
OIP-IBBCFwoJa7fvjZJS2KZgkAHaEo.jpeg,elefante
OIP-IBBZDOppfPzc1ClhtLV8QQHaF3.jpeg,gallina
OIP-iBD8Lgfjm9mgignPZLgiRwHaFj.jpeg,pecora
OIP-IBm4la4-30B_-PlVRb0mlAHaIG.jpeg,cane
OIP-iboC00DOH4h2l2A5VWY77QHaEo.jpeg,elefante
OIP-iboGt6KqHo2Egb5ijIW55AHaE8.jpeg,gallina
OIP-ibOQAGeng3aQCR7mVP9icQHaGU.jpeg,gallina
OIP-IBWZfk61yvO1H5vDKG66PQHaFi.jpeg,gallina
OIP-IBXQe08YV1fKHib_fNzFMAHaEK.jpeg,elefante
OIP-iBZn8M4_UurBrqOCfqxFSgHaE7.jpeg,elefante
OIP-IC0e3ifpaGNnLxOEtUTlkgHaE6.jpeg,cane
OIP-IC30zNopNor-WnbrDJsqwgHaGO.jpeg,gallina
OIP-IC7K-MjP3vt4BLnPndB7MwAAAA.jpeg,elefante
OIP-IC_jUFYzEXO9ESFuIR5QGQHaEL.jpeg,gallina
OIP-ICakrbgTrQOiKX0O_gkIWQHaEG.jpeg,gallina
OIP-icBogfCyrvZV1dTcRf5R5AHaFj.jpeg,gallina
OIP-IcfPM1uuRCoENM0E1eGi3gHaE8.jpeg,elefante
OIP-iChqALIiv1_vqewa96_uzAHaF3.jpeg,elefante
OIP-Icmh5EaPS3Q8h9RJoVm1gQHaFj.jpeg,elefante
OIP-iCML4Zn9AEBRrLH5bIe4-gHaLH.jpeg,pecora
OIP-iCO1-oZ-ImV1i4BWzsphdQHaFj.jpeg,elefante
OIP-Icp2VgKWrCvQ4Pro_V2AcgHaIr.jpeg,pecora
OIP-icZZakmyzPaaaO6ctWQ5owHaJF.jpeg,gallina
OIP-Id5B20saalmUQNMNxYEZNAHaFj.jpeg,cavallo
OIP-id9_wqJr_KVF70sn5DcYtgHaHa.jpeg,gallina
OIP-IDFG8dCue_Z_HXOmzvj55gHaE8.jpeg,elefante
OIP-idG_bAl7pFnmhvk5YOY4cQHaE8.jpeg,elefante
OIP-iDOj7GgXR80Lky9Q8uzZOgHaE9.jpeg,elefante
OIP-idSbgFFphtl1YaOeJ8djsAHaNK.jpeg,pecora
OIP-IDTZG94vfrKm_xxqofkIvAHaEN.jpeg,elefante
OIP-iDux0M2X-JqudmiGZk8n5wHaFE.jpeg,ragno
OIP-IdwDbMWdcB-UqSLhuqd58QHaE8.jpeg,elefante
OIP-ieFjNPNfA5i-umoaJ7fQJgHaFj.jpeg,pecora
OIP-iEhN-1Oi1nLP-KCBeR85MgHaGY.jpeg,ragno
OIP-ielVfbVu80guq-bM1IsHvwHaFH.jpeg,farfalla
OIP-IeMAlvfBSS1Te5ykVj9yjwHaE7.jpeg,gallina
OIP-iES5s6LtEvHhmdionMpm0wAAAA.jpeg,scoiattolo
OIP-IEWtQ-c46pQujttd7v9gzgAAAA.jpeg,gallina
OIP-IEZBdQCigCJqjV77Ci4DTwHaF7.jpeg,elefante
OIP-If4joTfWK2NCik4t8l8v2wHaE9.jpeg,cane
OIP-IFddpP4Q5BuMMCEvg0TdngHaLF.jpeg,elefante
OIP-iFfC4yK535WoL8zfrjfLaAHaFj.jpeg,mucca
OIP-iFGOi_BmT4FAzpSJUx_NzwHaFj.jpeg,gatto
OIP-IfKrpAvEK1EVR9A49BX3IwHaFj.jpeg,elefante
OIP-IFwqpP2YxCL7U_AE4H4MAgAAAA.jpeg,elefante
OIP-ig2l57J0EwnfoTNlln1DpwHaFj.jpeg,gallina
OIP-iG7z43JoW0keAK9wbvDeyQHaFj.jpeg,mucca
OIP-iGbFNHD1MRtdqJpOaM-UWgHaEL.jpeg,scoiattolo
OIP-igeAandqB4PkDe1ZEVmaoAHaFj.jpeg,ragno
OIP-IgH3mjSayXvhp6DEBalc0AHaEK.jpeg,gallina
OIP-IGQT_bIuEB0f082W8lrRsgHaCd.jpeg,pecora
OIP-IgTNiqEQxKqyL0UupedD8AHaFI.jpeg,pecora
OIP-IGubSw3Vn0_k2rHLo42jhwHaLG.jpeg,gallina
OIP-IH05AUZVgQubNVPHWXpqWgHaC1.jpeg,elefante
OIP-iH6nYMMACmM2sfEePZNSMQHaE5.jpeg,elefante
OIP-IhfgfJFMZo7u3eABZmmlRwHaHL.jpeg,elefante
OIP-iho_bhEH2besixZq6MYDBgHaLG.jpeg,gallina
OIP-IhV84f2zZysn1XatVGsKlQHaH-.jpeg,elefante
OIP-ihvjrzLawCSb_Frwgq4KiwHaE7.jpeg,elefante
OIP-IHYJQyLMKHaHQOGLjof3JwHaGw.jpeg,ragno
OIP-ii-be_mM_jQQodCnzAeTtwAAAA.jpeg,elefante
OIP-iI4G2JPrwBn7MdHyJ0dTpQHaEo.jpeg,elefante
OIP-II7gCX93GWDT2ZB8c_n_XgHaFc.jpeg,elefante
OIP-IiQ2srJ7aNKcqxhtK7Du9AHaFE.jpeg,ragno
OIP-iITkqCWPA-Hx7EviQKTnBQHaE8.jpeg,cavallo
OIP-iitQsbjzA89x0-EKXWExAQHaEK.jpeg,elefante
OIP-iiz6_ah-Ez18DkhvNJBEbwAAAA.jpeg,cavallo
OIP-IJ6n0HAvy2XhVBUhAdvw3gHaHY.jpeg,ragno
OIP-IJ_Z0NEhVbomT9fJkMpWNAHaE8.jpeg,gallina
OIP-iJAyy_puzMN2v-189vEsUwHaE8.jpeg,ragno
OIP-IJERiHnIxCixcjn-6UKVVwHaEK.jpeg,gallina
OIP-iJLi4BMgUhg3CvqM5OwvCgHaHr.jpeg,cane
OIP-ijqVUl3UWXD2zzS00L_ZMwAAAA.jpeg,mucca
OIP-ijrtUCO3tE0opoU1jfXSyQHaFj.jpeg,gatto
OIP-IjsUGdcSAtZNCN0uaxdjggHaE8.jpeg,scoiattolo
OIP-ijXiQKYccGTQrRQddAh-rQHaEm.jpeg,gallina
OIP-ijY2qW66B_nnwCRpuZBThAHaJ4.jpeg,gallina
OIP-IjZ4eE0p8OxnjaK_YiHVWQHaGW.jpeg,gallina
OIP-iK7x2JphFDuwdGHxfiWktgHaLj.jpeg,gallina
OIP-IKADaNNJSxZVDcHnLHfsbAHaFb.jpeg,elefante
OIP-Ikbvx6npraMKfuKcTnG9aAHaG7.jpeg,elefante
OIP-iKFxzHBZFamh_oMEvTojPQAAAA.jpeg,cane
OIP-ikkKZJK-awZX7YuMo9AQPgEsDh.jpeg,elefante
OIP-IkyxlVuV-45ZACntNtvSZQAAAA.jpeg,elefante
OIP-Il01X1P2aW2iI9cAPKGViQHaFp.jpeg,elefante
OIP-IL05CyHQr7b1lwOHC71DLwHaFy.jpeg,cane
OIP-Il3CjlQy9vPbFBlYrHFDNQEsDU.jpeg,cane
OIP-iLaOyV95KDJJm5QzIHt3RQHaLH.jpeg,mucca
OIP-ilc2NWlG4hlG0XJbzIJDnAHaE7.jpeg,farfalla
OIP-ilC_R11zpQLOcks471EiYwHaE8.jpeg,gallina
OIP-IldXEzlT5t4mdv_4IKts8AHaE6.jpeg,gallina
OIP-iLKFEtiGhx7_buwMFIJ5kwHaEK.jpeg,elefante
OIP-ILm2BmfW4p5McIZjqwe46QHaFj.jpeg,gallina
OIP-iM-dUenIHnQvjL6Ka9lVTAHaFi.jpeg,elefante
OIP-im-fgWmtX6-oRasys4GDMAHaGa.jpeg,gallina
OIP-im0hdLI6iU2C6fRkjRGA8AHaE8.jpeg,gallina
OIP-IMEtSmTwPpQ58j11NshumgHaE6.jpeg,cavallo
OIP-IMeUkNTQ-b0BrU7tIKEX5AHaLJ.jpeg,cavallo
OIP-img4Gfdl2gLogfQ-7KvHfgHaFj.jpeg,elefante
OIP-ImqzQ7XONghviAnIFia_gwHaGV.jpeg,cane
OIP-ImSqEIVf-TWkQ-fLeigLdwHaJ4.jpeg,gallina
OIP-imTy2i-mYjMw1ARYI_6iswHaFl.jpeg,gatto
OIP-imwwWT3LjopkKZ7o6Lu9mwHaE5.jpeg,gallina
OIP-iMxoX68B2N5X2c4_9S9nqAHaE6.jpeg,gallina
OIP-ImzMIyEYaX-0CK23SL7xMwHaJ4.jpeg,ragno
OIP-iN2lQnkPpeyJgRQ8WeyzggHaHa.jpeg,pecora
OIP-In4PD0uTBfsGNGqGmaWbCQHaFj.jpeg,pecora
OIP-INh2jqtSY5K0GE3Ox_poMQHaJ4.jpeg,farfalla
OIP-InKRFOyDwvMZjlv6LDYrQQHaEK.jpeg,gallina
OIP-inMmy0LaW4wqnlnBBL2-QgHaFS.jpeg,elefante
OIP-InpDYaqSa5teamy18MEdyAHaFj.jpeg,elefante
OIP-InRaoDVW_5Cu8ZRdSzbl6AHaHT.jpeg,elefante
OIP-InRiFli9Nj2qT6KtrxxbgAAAAA.jpeg,pecora
OIP-InvuhrSjoiQgVw4IpTRnVgHaEK.jpeg,elefante
OIP-iO4ejeMMONUkPNFEr0nWIwHaEI.jpeg,farfalla
OIP-iOCO0gieO0oskj_NLw85AAHaFj.jpeg,elefante
OIP-ioe5IjJt2OYH_0RJgXdsfAHaE7.jpeg,pecora
OIP-iof3JtZ78HArG9jMk2f5_wHaIl.jpeg,gallina
OIP-ioQPFN8NZ-YEkMU5t1aB3gHaGC.jpeg,mucca
OIP-iOvRr5y3Dgtij0e-4Z40bgHaFK.jpeg,gallina
OIP-ioY3wqKQB2TjqrCB20AeiAHaJ4.jpeg,elefante
OIP-IP0NNyIaAfq9gkicvedKLgAAAA.jpeg,elefante
OIP-Ip7xzuHRYuoV_mPW8qX_FwHaE7.jpeg,cavallo
OIP-IpczhLT7cXmIvDzLuN3CXgHaKF.jpeg,elefante
OIP-IPGLIq2oR5hMK7O8EOx1qQHaE7.jpeg,elefante
OIP-iPHX8Klcpaa9zuZnIIYttgHaFj.jpeg,elefante
OIP-IPidKQRixdCiV61K3JmaQQHaEO.jpeg,pecora
OIP-IPKyvuk8IpEMHty_FECvGgHaE8.jpeg,farfalla
OIP-IPLqDlN0u9ShAEfW3dYOTQHaEK.jpeg,elefante
OIP-IporGpf4wHPstZG-eLB_QAHaEK.jpeg,elefante
OIP-ipP7VGOKwjEXt5SdUEKkkgHaE2.jpeg,pecora
OIP-iPREWrGnjvrUfnykHJYBPQHaE8.jpeg,elefante
OIP-iPYbd5G9rGQZvdNzY5JElAAAAA.jpeg,elefante
OIP-iQ1b-jirk98O6v0rA6h4ZQHaJ4.jpeg,elefante
OIP-Iq52InWBnKYky8_zRdtB4gHaID.jpeg,cavallo
OIP-Iqg0lOZKDTCKJjUgSZJVMAHaFj.jpeg,elefante
OIP-iqjjtHhdEDZ5apUG5DBMkAHaM7.jpeg,farfalla
OIP-IQoxC5ZcPgvbkJcTJWnPxQHaFh.jpeg,elefante
OIP-IqpJvugxMSWOClLuLlGoRAHaE8.jpeg,mucca
OIP-IQRMTCJYEznWnUaKWn9VzwHaF1.jpeg,pecora
OIP-IQSogORKZuCCsfcDyJKc8AHaFj.jpeg,scoiattolo
OIP-iqxiW5nQDRYwVmTfqCtwaQHaF_.jpeg,gallina
OIP-iQZo-DQdqHKNuN9zefWoPwHaH6.jpeg,ragno
OIP-Ir0oERqvfrH7OzzNdO_NDwHaFQ.jpeg,pecora
OIP-IR2mKpbGyauqqkxC1A53zwHaDK.jpeg,mucca
OIP-IrAPk-lvzosFMD4Pb7y0cwHaFj.jpeg,ragno
OIP-iRbC8PARBs7bC8kIm0y4ZgAAAA.jpeg,elefante
OIP-IRDFSOEx86RGDldWiak0pAHaE7.jpeg,pecora
OIP-IRJqN0eCZmUDHJ6jxFt6sgHaFj.jpeg,ragno
OIP-IrJxNiJfEGEo_ASXgA663wHaH-.jpeg,cane
OIP-IrnbHsAumY4YrK5b4VGa8wAAAA.jpeg,farfalla
OIP-IrpcM0EKnXD70aCzpqK98QHaFh.jpeg,farfalla
OIP-Irr21KDPLhLiEtPg5ez-xAEsDH.jpeg,farfalla
OIP-IRSv-vfFgcRY0cdPYNkRjwHaEK.jpeg,pecora
OIP-iRwC4V9-kTZln6uCN6smUAHaFc.jpeg,pecora
OIP-IRX10K2iB0W0Vo1w9R95ZgHaGS.jpeg,elefante
OIP-iRxL5WBH-AU4cnR4ZrNWcQHaFj.jpeg,gallina
OIP-irXUkW1r7qKiyAE7X9DUswHaG7.jpeg,pecora
OIP-IrZ8RPjOAwjY8WLxZMkdHQHaFj.jpeg,pecora
OIP-IsF8RAwYldpmNVMUSyb55QHaHK.jpeg,gallina
OIP-iSFBqUGd1QRZrwrrXRDTCwHaE8.jpeg,elefante
OIP-ISIo4wjfwikZU3VKXlRABAHaEK.jpeg,gallina
OIP-Isj53kTCKi_bguVzYmRuLwHaHm.jpeg,gallina
OIP-ISjpl4LWv98XWSj7a1dh-gHaFt.jpeg,ragno
OIP-ISLu8dS1vokebUoUB40XRQHaE2.jpeg,gallina
OIP-Iso-nFbLHfJEtvVQ9izECQAAAA.jpeg,scoiattolo
OIP-IsP7mu_uL3tsJ0lU0SLLvAHaE8.jpeg,farfalla
OIP-iSygrdnwVV5rCaW0TxqzrQHaE7.jpeg,farfalla
OIP-iT3kiltWxYH0OuOBhqglbAHaFK.jpeg,gallina
OIP-It4U_2aELJB4U698NIEDawHaFj.jpeg,pecora
OIP-iT8aWDnaCBr1b40a_X33uwHaFj.jpeg,elefante
OIP-iTBCIb1WFqUm7l2yOgQnRAHaHa.jpeg,gallina
OIP-ItsigrPgPmSJRrcIHhVTSwHaEC.jpeg,elefante
OIP-ITSj-MbXDOKiTLxQ-jXMmAAAAA.jpeg,elefante
OIP-Iu2gJBY5oNnBa7jX2wczMQHaE8.jpeg,elefante
OIP-iu_Hf8aLSRLdzcT6zTpl_QHaD5.jpeg,elefante
OIP-iuD1HqqtmtlGUu8pWauVIQHaHF.jpeg,elefante
OIP-IUE1SpGbTD25S1WcmznFYwHaJu.jpeg,pecora
OIP-iugivWE8Bt35m5VxMkHqtgHaE8.jpeg,elefante
OIP-IUm8MWbsaihUNEzOJ98QSAHaE6.jpeg,scoiattolo
OIP-IuNnm6ZG04ReqpbLn2GFFQHaFj.jpeg,ragno
OIP-IUOQv6jQHsY30a9stVciTgHaFa.jpeg,gallina
OIP-iuXv_0eKrsfBJ0PzXuk76AHaJg.jpeg,cane
OIP-iUY0rHUFmL0Qz2cizh7OdQHaHa.jpeg,gallina
OIP-Iv2W3688cGhuiFmuIA7sKAHaLI.jpeg,cane
OIP-iV4Hh0GcZTeDUfre6s_AzgHaFL.jpeg,cavallo
OIP-Iv_rpuY6vbi3QTksVZ7sbQHaEK.jpeg,gallina
OIP-ivaUBQ-q-cernhfsBQ1DPgHaC0.jpeg,elefante
OIP-iVElwJPrsgpRWRuqTvr1YgHaE8.jpeg,mucca
OIP-ivixOPr-vvIs6LsuHuemrQHaHa.jpeg,cane
OIP-iVnG55gQGZ2T3-R0acIhwAHaFp.jpeg,elefante
OIP-IVPjtGfcVlA9QEvIA0U5NAAAAA.jpeg,gallina
OIP-IvT29TqNXOeESSc-hSpiTQHaEK.jpeg,elefante
OIP-IvY8dEGrkjoHJ5t1JgOyYgHaFj.jpeg,gallina
OIP-IVy8yXozZ4pk9GaWF9z1rAHaFj.jpeg,elefante
OIP-iW2JUzdAjsew5tna4wuJGgHaFj.jpeg,pecora
OIP-iw62la8sr4888-V-S0J1vwHaFc.jpeg,pecora
OIP-iWARNUYvGdRcev7GVz3NcwHaE8.jpeg,gallina
OIP-IWbc7TCiPGxtz3obzwMKzgHaIo.jpeg,cane
OIP-IWdS2JpNdM8TPQZZoiP3_QHaF7.jpeg,gatto
OIP-iwI9FnXdF8oGxEQYoIJ-9QHaFQ.jpeg,cane
OIP-IwiEh5nu4PXFCY7K0AnEhwAAAA.jpeg,gallina
OIP-IwJyOt6XHUO3SLi_a6SZzAHaEl.jpeg,pecora
OIP-iwKcwImdo5eFptZYfzWzGgHaFj.jpeg,cavallo
OIP-IWKy3ESL_MuARDvLBneofgHaE6.jpeg,elefante
OIP-IwSesTBv4OlYawiEZBmfxAHaFD.jpeg,ragno
OIP-IX-FWFXwdFQa-5ifMBjcwAHaF1.jpeg,elefante
OIP-Ix0bSKILMvQSpd-TLJKmFwHaFx.jpeg,ragno
OIP-ix0bVOV0ypAbftFlLVRZmQHaKI.jpeg,farfalla
OIP-IX1ufa_31JIVYg-6VOX-_wHaFG.jpeg,mucca
OIP-iX3RwJh_6LGgv-3JjrRFIQHaFj.jpeg,elefante
OIP-iX5uVodueF8xOwsrnnI_uwHaJ4.jpeg,elefante
OIP-iXAJSKIILYXPfs-Hhg65kQHaHn.jpeg,pecora
OIP-IXARxzf4vM3lqrtOeeqrhwHaFL.jpeg,pecora
OIP-IXg185PBsUiy2gDXcNmNZwHaE7.jpeg,elefante
OIP-IXHJSUr1CZYpqy63xPJ3LQHaF5.jpeg,elefante
OIP-IXHLR_NagDEQHpN4c3jLvQAAAA.jpeg,cane
OIP-iXjiteXHZusKWY7yjgBYiAHaEK.jpeg,elefante
OIP-IxTEnS4XVys704dW2idZ6AHaE8.jpeg,ragno
OIP-ixTq7KmgjODccFQOu9H6ZAAAAA.jpeg,elefante
OIP-iXxtJRP3RJX1N6ByTU9kGQHaFS.jpeg,ragno
OIP-iXzYAncgVhjrfsl2Yt6qhAAAAA.jpeg,scoiattolo
OIP-IY6yfNSNCZqey3_6qxUYfQHaG2.jpeg,elefante
OIP-iy82fouFdHaED8C84oZT8AHaDn.jpeg,mucca
OIP-IyajAknJhWGAfVEQaXIOZgHaE6.jpeg,gallina
OIP-IylCetSHFZQxws_JaRN2TQHaFj.jpeg,gallina
OIP-iYnMRI-UyKuhXRK79M3OiAHaE9.jpeg,cane
OIP-iYrnVnLtRGgvxV7jyPrLmAHaFj.jpeg,gallina
OIP-iz8B657Gux8OMUTFP_5tHAHaFE.jpeg,gatto
OIP-iz8TCImJLEhgNj6KGIvz4QHaFy.jpeg,gallina
OIP-izdL4mTRwx1f9rCD94CXugHaFk.jpeg,cane
OIP-IZhxhYT9ToQbb-Bo38y7ngHaFj.jpeg,elefante
OIP-IZi99DGf5V0kMw28aL_WLQAAAA.jpeg,farfalla
OIP-iZo9sJOz-Okw5PwM0edzXQHaD8.jpeg,elefante
OIP-IZTjidnEZdeqhLymRlo2oAHaFj.jpeg,gallina
OIP-j--0UPOvU7PLVIXx8R22-gHaFS.jpeg,elefante
OIP-j--P-4eZw-uMWBBEXHO4YQHaEK.jpeg,elefante
OIP-j-dTF2Lev_SzxX7xyZdpxAHaE6.jpeg,gallina
OIP-J-KA2--xyhia0Gd5L__ZDAHaFj.jpeg,gallina
OIP-j-TBtfLxSOpy5QhM02PhjgAAAA.jpeg,cane
OIP-J0EuCsqZ58NxCKwWWJAFfAHaE_.jpeg,elefante
OIP-J0P8kCuS7npcx5AcYjtZwAHaFj.jpeg,ragno
OIP-j1AGlCGzvgcF75S5g--KNQHaHa.jpeg,cane
OIP-J1oZedz09WFsPeSgNYZQWQDWEs.jpeg,elefante
OIP-J3HqCn7DI7sBRKSGhICtkgAAAA.jpeg,pecora
OIP-J3kzALEaGPkG2dqg-VhCsQHaIE.jpeg,pecora
OIP-J3n-XHF-Q5H33jcnQZWRiwHaE2.jpeg,elefante
OIP-J3s6m2c78tXfrbniwwf4wgHaE8.jpeg,gallina
OIP-J3Sciej_xGyKwpz9O0lRhgAAAA.jpeg,cane
OIP-j3xC1PTszO5KFZqXuFWb8gHaE8.jpeg,gallina
OIP-j4fXNF63jQ7-tGUGiwy7HwAAAA.jpeg,elefante
OIP-J4quRGrW4SHGGJW_EGVqmQHaHk.jpeg,gallina
OIP-j57_gIZ_ev5HSlaSJQZzyAHaE7.jpeg,scoiattolo
OIP-j5fYLKf5UPYwNBMpwO1KRAHaHa.jpeg,elefante
OIP-j5GpAVzKafPvwcp4spAsAwHaEy.jpeg,mucca
OIP-J5Pl7Mhc2Rf0MgUOyxHkrAHaE8.jpeg,gallina
OIP-j5x15gwsVWceEiOVnYs2OQHaFc.jpeg,elefante
OIP-j6QB9idICqWjHucEoESLzgHaE8.jpeg,cavallo
OIP-j6qg0SM-1U50rWbPR61c4wHaFI.jpeg,gallina
OIP-J786pqG6bAywUiff8ZDQ2gHaJ5.jpeg,cane
OIP-J7b-NedWg2AASMbbrJmzaQHaFj.jpeg,ragno
OIP-J7bOHw1dfq5R9nsJRsmqxgHaDt.jpeg,gallina
OIP-j7RQHMyRJcdXjsambTRtzwHaFj.jpeg,elefante
OIP-J7uGESBIQ75TyNVnDIqv1gHaF8.jpeg,ragno
OIP-J8Du2LlP-oM_m3FnbtOeTgHaHd.jpeg,scoiattolo
OIP-j8nTvDz_HKFPIhlqOYOLggHaE7.jpeg,elefante
OIP-j8PPJiqfWZEfeVsV62SvrwHaE3.jpeg,cavallo
OIP-J8s7dO1amqenFuU79F9aygHaLF.jpeg,ragno
OIP-j9bjKDaznBD1hvdxwrZSqwHaFj.jpeg,elefante
OIP-j9DWcaiwxPTVQAIKU9eSWQHaHa.jpeg,mucca
OIP-J9K0oIOtu1dAr6xmkghysgHaEO.jpeg,cane
OIP-j9lLR8WYg1mXjlf9PBck1QHaKE.jpeg,cavallo
OIP-J9lxNDmOCuyq41-ipS1yGwHaFj.jpeg,farfalla
OIP-J9nsKjW3HgI7dVNCrfqZCwHaHU.jpeg,gallina
OIP-J_Eu-S2Si5wVEM-xhOitcgHaD5.jpeg,elefante
OIP-j_kSTRlCMhkkGPb5XiH51wHaFj.jpeg,cane
OIP-J_OW5WSJhDqBu5PO0i0MLgHaGN.jpeg,ragno
OIP-J_pblc1OGhJ5iaKUaBgrGgHaFs.jpeg,gallina
OIP-jA_cwGnd0_PsqgfC5Ijv2AHaJC.jpeg,elefante
OIP-jacwXL0mrSEDtWbe2dV4AwAAAA.jpeg,pecora
OIP-JAn1dgojk32L4kYll-brEQHaHa.jpeg,gallina
OIP-JaPhQuyVJVdCUwo6PmYAiwHaDu.jpeg,cane
OIP-JApZ0KwVLjKrpoi-vFOMXwHaE7.jpeg,gallina
OIP-JAqwJwGP1RXumvZyzE5RgQHaFK.jpeg,elefante
OIP-JAtP7vtnBFj05whbvCBiiwHaFq.jpeg,cavallo
OIP-JAWQzV7wVcA531AFq-yWZQHaGk.jpeg,ragno
OIP-Jb0oPqp36OwZY5m8W_swegHaFT.jpeg,gallina
OIP-jB35fgR-eJoEJwSXZatV5AHaHk.jpeg,elefante
OIP-JBf_RWlWtlm48PV9bq71vgHaE8.jpeg,cane
OIP-JBIoQ3-uVICbIwWPmrcnRQHaE8.jpeg,pecora
OIP-jBMKX7YfecE67CDyJtjyOwHaFi.jpeg,pecora
OIP-jbNOYNyGUC84YX2dhGW4ewHaE6.jpeg,elefante
OIP-JBsjJ1pKfh1w1A2QmvuCkAHaF7.jpeg,gallina
OIP-JC4KMYsLG0doNE7qDxUkJgHaE7.jpeg,ragno
OIP-jC55hR8h_yba45YfCGJk9gHaHa.jpeg,elefante
OIP-jcd2EI2VptugEZyN3hCa-gHaE9.jpeg,gallina
OIP-JCEiFRseMZm0rAmCsVaFKgHaGO.jpeg,elefante
OIP-JCfAJ3cKKGbE0a8Oa0swMgHaE6.jpeg,elefante
OIP-jChf6j3gOxKgAg1Q1KniiAHaFj.jpeg,ragno
OIP-JcKz2AmS7rXsGVQtepauBwHaE7.jpeg,pecora
OIP-jcsi3ge_6GnaXnFTpum04QHaE5.jpeg,gallina
OIP-jct8RLbXykWdcl9mGQ4sjgHaE5.jpeg,elefante
OIP-jcTqKvS_eQJp1C3xTeJzQgHaFs.jpeg,farfalla
OIP-jcwsOXHgTP3X8Qme8qf4gQHaFj.jpeg,mucca
OIP-jd-85NhIpoUHrALVo8cvRgHaIR.jpeg,ragno
OIP-JD3ovET0A3zJeeO5txcevQHaGC.jpeg,elefante
OIP-JD_pGgOA5alg9igX9loBEAHaF7.jpeg,elefante
OIP-jDHcv34yrxxMq93B1BMEgwHaFj.jpeg,gallina
OIP-jdYVqYmhif4QQCNtjh362AHaFj.jpeg,scoiattolo
OIP-je014klXQ6yz7bSsgyVQ1wHaHa.jpeg,elefante
OIP-Je2ohU4bSOtqUz6Z462RgAHaE5.jpeg,gallina
OIP-JE7HX-ZSx9SMwEBn2Vu5jAHaFj.jpeg,cavallo
OIP-jECWvYxTQKmoNo5pllKr4AHaK4.jpeg,scoiattolo
OIP-JEFIV1EGgHHUcJmqDwFiMgHaE7.jpeg,elefante
OIP-jEIdG-CdBsSoKPGQ0HNopwHaHI.jpeg,elefante
OIP-JEIGg0ha5i1S5avwp3pRpQHaHw.jpeg,elefante
OIP-jEUZmOkfm-_ctrb_fCVsRAHaE5.jpeg,ragno
OIP-JExfGlOxic6rZLDdnoBOCgHaEK.jpeg,gallina
OIP-jexHjnXSiKExACKI3lxAHwHaGc.jpeg,gallina
OIP-jF_isEApKC2b6zfA_tDpXgHaJQ.jpeg,cane
OIP-jFe8HXg0jK7EdtGjJm_q2QHaFj.jpeg,elefante
OIP-Jfs4wPbGvyS9ZIAlcpLkmgHaE8.jpeg,gallina
OIP-Jg3KFK8IUJX-2JVCxtNE8QHaFj.jpeg,gallina
OIP-Jg6gF8LcLHEyqGeglRTCGAHaE7.jpeg,cane
OIP-jg6xhFNjfPkgxYxKDbvgvwHaE7.jpeg,gallina
OIP-Jgbphj5GgndJO3xNKzggPAHaKd.jpeg,ragno
OIP-Jgc3I1VfVUcetjkXqxXC6AHaFj.jpeg,cane
OIP-JgKnnZsGG_IfpLzhun2LawHaE6.jpeg,cane
OIP-JGm4SeRnDY3_0gF5h7aRgQAAAA.jpeg,gallina
OIP-jGO4n8Gr0cN2RD-R-fGmVQHaFj.jpeg,gallina
OIP-JgUBrlZ4St--kWMQkDwNxgHaFA.jpeg,elefante
OIP-jGW_l7eDSTJJUjtOiiEbGwHaHp.jpeg,scoiattolo
OIP-jgY6sLx7Jku2aISDSBmHDgHaFn.jpeg,scoiattolo
OIP-Jh1fh6mEjVUg3F12BPo90gHaFj.jpeg,cane
OIP-JH77hSZ7gENNdSl1qMK70wHaHw.jpeg,pecora
OIP-jHIvwFwiMOeLNXGE7n93MwHaEK.jpeg,ragno
OIP-jhjmyJ1BixCJ-hI3DpSC8wAAAA.jpeg,mucca
OIP-JhOEUF1WJ_0Qq_QFbTW8AwHaFL.jpeg,ragno
OIP-JHq1Jf_oJt0I8sBXdS3wcgHaFj.jpeg,gallina
OIP-jhsNJ_wX0Y8jbfc1lW5bkgHaEx.jpeg,elefante
OIP-Jhv6GFGlZ3zGl1Fm4PRcNQHaFj.jpeg,cane
OIP-ji-JmqB-dD1Ag_OFLx9g_gHaFj.jpeg,cane
OIP-ji17aDTgU9x1C2EhItvWPwHaE8.jpeg,elefante
OIP-JI_dwqEzpbSnaANJC-ekFQHaFz.jpeg,gallina
OIP-Jiaddpm3t_gHe1MidPPm5wHaGw.jpeg,scoiattolo
OIP-jIcCO564gFMe8IDSqExo8gHaEp.jpeg,gallina
OIP-jIdrKVbW7sPgX6zGCsP75gHaFj.jpeg,scoiattolo
OIP-jIEaN8LOReeTuXfCwpvNTQHaFj.jpeg,elefante
OIP-JIF-5yd2jw2Dos8PVzda9AHaE8.jpeg,gallina
OIP-JIi6TCy3JHGS2kKEe9_3AAHaFM.jpeg,gallina
OIP-jiID4-E67f9UXqbDeNa89wHaE7.jpeg,pecora
OIP-JIKslXkiQX3WJcLGkVgcAgHaE6.jpeg,elefante
OIP-JILVCsQ_4Bcus9mM0pqwoAHaLJ.jpeg,elefante
OIP-JjdUbeK78b_dacsxdXQNywHaE8.jpeg,gallina
OIP-JJGnEH60zZ82haY5VkpQewHaE1.jpeg,elefante
OIP-JJredH0N97MDV6D9e5aJcAHaE7.jpeg,gallina
OIP-jjuVIHRwH1fNeVQkWBRd0QHaE8.jpeg,gallina
OIP-jJy0HyeZfvxYeudt4SY2twHaE7.jpeg,gallina
OIP-jkbGnEEDmW39e1lBTJ8ttgHaDy.jpeg,farfalla
OIP-JkdabRpbwRFMRhNsSzUIUwHaE6.jpeg,gallina
OIP-JkHnWyJH-evdc88q-S8l3gHaJQ.jpeg,gallina
OIP-JKkmJ2FOE3OMmdjiJAij_QHaFj.jpeg,mucca
OIP-JKL0weImp3YH9PIRnHYt2wHaEK.jpeg,gallina
OIP-jL7xykBKZlMMUYMuhhNaqAHaE9.jpeg,pecora
OIP-jL80e-v-vnSlb_zK3ZyU8wHaJM.jpeg,gallina
OIP-JlcdAynYElrwyuPq6jaT0gHaIt.jpeg,gallina
OIP-jlCDzFqvPs_6uz22hZehBwHaE7.jpeg,gallina
OIP-JLGPZd5C0lAPr4uvliRDTAHaLL.jpeg,gallina
OIP-jlhv2D0StDYrMSeTTcNA7QHaEK.jpeg,elefante
OIP-jLkVAsM3KcDx6MHP850cfAHaFj.jpeg,gatto
OIP-jlMughh2HIn8LDBjyfX8bgHaEK.jpeg,elefante
OIP-jLo1Fh1qgKvPf_GANe3cjwHaE7.jpeg,cavallo
OIP-JlX1ZBszayKx6qTZKK3CXwHaEj.jpeg,mucca
OIP-jLZUM3SgjQDxZ1CdDPMR5AAAAA.jpeg,cane
OIP-JM7w20e9M-ON1WCrxDqIQgHaFj.jpeg,gallina
OIP-jMB36p1pWAEzz3m2EdISlgHaFj.jpeg,farfalla
OIP-jMeqmfVxouAgK64snl694wHaFj.jpeg,mucca
OIP-JmH7D39l4OAU9AtsQ_ecHQHaE7.jpeg,pecora
OIP-JmkYx6FdhQleLoNSYkLINwHaFl.jpeg,elefante
OIP-jMQPG-5DjJSoACXaQ1wNngHaE7.jpeg,cavallo
OIP-JmqUTF1vlowdXNXV6BhOJAAAAA.jpeg,gallina
OIP-JNkikyFQwFFo1b0zZ8m_xwHaHE.jpeg,gallina
OIP-JNKugKHEwM0cyvm6NOjOWAHaHa.jpeg,elefante
OIP-jNmELOCHLBCNJ8d-w7UH2wHaE8.jpeg,cavallo
OIP-jNtlmK4ewWqCg1c_k5qBFQHaEI.jpeg,cane
OIP-JnTXDfIT_cW0OlsAS6JNxgHaE8.jpeg,elefante
OIP-JnZsaXLQPZkL5_h5KE3BbwHaE8.jpeg,elefante
OIP-jo-GsDYQWXKDW8bAK5Yb6gHaFj.jpeg,elefante
OIP-Jo8Kzk_dZLJ6PMvNWRpNgwHaD3.jpeg,elefante
OIP-joeiAARX9eYhQXnMNVJIfwHaID.jpeg,gallina
OIP-joeTgHE-4kC3MWpWsaOFMAHaHh.jpeg,elefante
OIP-JOhDHeDloIkf1KQOmg37oAHaF7.jpeg,elefante
OIP-johGJ6z3iKYwRYBDVAz-GAHaFj.jpeg,elefante
OIP-JOjPVZ2UpJxo-qLGBgucjQAAAA.jpeg,pecora
OIP-jOLT1k5fp3u8Mj8SlF71_gHaEK.jpeg,elefante
OIP-JOPK7dCsxAlhA9Eb0E1czAHaHa.jpeg,gallina
OIP-jOynit10Wykz6Ct71iKKbwHaLI.jpeg,gallina
OIP-JP6Ag-GPIjqJ8vo2rac7aQHaF4.jpeg,pecora
OIP-jpidI4xXD-udVGoURypn3wHaE8.jpeg,gallina
OIP-JPmRFD8prjM2x8rlqsACNgHaIM.jpeg,elefante
OIP-JPsgoLmxTM31cAlqglMMqwHaKB.jpeg,gallina
OIP-JPtqmw_xBDFXk2ayLydnsAHaDv.jpeg,elefante
OIP-jPvvtqnZzc3aoXU0c4p0CQHaFL.jpeg,pecora
OIP-jQ0htJXbE7MeAo52_JVm4AHaEo.jpeg,pecora
OIP-Jq3Bl9itYVLAXnkbCSA_wwHaE8.jpeg,elefante
OIP-JQ6dq6BSsOnrkNoHfIy2WQHaEy.jpeg,elefante
OIP-JQ8bMA7HBLqJ7DC9mVE6egHaF7.jpeg,elefante
OIP-Jq_WBV0nbGFQBEQmTTu-MAHaFj.jpeg,elefante
OIP-JqcqTMeVTKmyufgAZF3LCQHaF4.jpeg,elefante
OIP-jQcZB3jYzeHZtPQKTx35VAHaHa.jpeg,ragno
OIP-JQDM6DSmu9aUN6a2bYxVDgHaHW.jpeg,cavallo
OIP-JQhms60EDTGsl8dmPdcclgHaFj.jpeg,elefante
OIP-jQj6r_szgUOvqBEUOyFkPAHaFj.jpeg,scoiattolo
OIP-jql6NUjDk49146vdpPnGoAHaH4.jpeg,gallina
OIP-jqoOfB9A5tONXP-vqRynygAAAA.jpeg,pecora
OIP-JqrFsjLhTrxRXQKdN6B3xwHaE6.jpeg,elefante
OIP-JqwzkFDBPWXm-zHARAC9uwAAAA.jpeg,elefante
OIP-jQzUjL45HQkIDfUCdnwI6AHaE5.jpeg,farfalla
OIP-jr6v1GQdZ0VcDOn6ob7uNAAAAA.jpeg,elefante
OIP-jREM331uuQpiqRTMePdzzwHaGE.jpeg,gallina
OIP-jremeZ1GmuPI9mHUUnLz3gHaE9.jpeg,gallina
OIP-JrF8qGEcdxhxx7Yhx0oboQHaNK.jpeg,gallina
OIP-JRhnSXK8M3pVRJdxbTJ4TQHaE8.jpeg,cavallo
OIP-JRIyviphi44c8n0rh1sggwHaGS.jpeg,gallina
OIP-JRKAAkn70zqlrpe63DpQ5gHaFM.jpeg,pecora
OIP-jrN1QR51g4TY_ZPRyLqdQgHaE8.jpeg,pecora
OIP-jrq13c1c_uEZzu34BGp93AHaFk.jpeg,gallina
OIP-JRStfdfy4vQal1Sqcdc-ugHaIP.jpeg,mucca
OIP-Js-vvVtuM2r3V_OjLKMJkwHaGj.jpeg,elefante
OIP-JS5Fc8AakdRI2SUCnCqMFQHaGk.jpeg,elefante
OIP-JSaj5EJKcQtMIm-ki_LEOQHaEK.jpeg,mucca
OIP-jsb4s42ISBTCL_lgwCZfnwHaFb.jpeg,elefante
OIP-JsfaijBKBfgZ-fFsx9CWewEcDb.jpeg,pecora
OIP-jSgXRtsiAPXSaECxPWkzigEsDh.jpeg,elefante
OIP-jsRVXjzv7XX77ecaWBCJvwHaFj.jpeg,gatto
OIP-jsUVdS1N6pN0kzgWnmjJTwHaE8.jpeg,pecora
OIP-JsXZFHn8T8KMDcY9RPQg8AHaE8.jpeg,scoiattolo
OIP-jsyAwTF7wiwN3ucKAAlCPQHaFj.jpeg,elefante
OIP-jSz73ZR0Nk4T-AtIXSrCvwHaGE.jpeg,ragno
OIP-JT3i2AAQRKSl5eb6DVH1bAHaFj.jpeg,scoiattolo
OIP-jT4I_zbAC9DkBnzNekd2IAHaEy.jpeg,gallina
OIP-JT_L001SNstQL9K3GsjJqwHaJg.jpeg,mucca
OIP-jtaA90sG8SgzKkPfeXv8UwHaFj.jpeg,pecora
OIP-JTEzLgjIGmQH-zxb-aco_AHaE9.jpeg,ragno
OIP-JTJFGj0a6ayXEWI5r9B4NQHaJs.jpeg,elefante
OIP-jtmnR3KB5CqC93f_9iwaDwHaE8.jpeg,scoiattolo
OIP-jTO3YiUVus5IFYAq-O8kHAHaFI.jpeg,elefante
OIP-juaBGLo_4O-wI_vKDhZ9jQHaE7.jpeg,elefante
OIP-jUaqSrzyfhQjci5inkjl1AHaE8.jpeg,mucca
OIP-jUbzAFXQALB7QYLAbioV7gHaFp.jpeg,ragno
OIP-juDMbR9iUYZP26Feh6Q2vQHaE6.jpeg,elefante
OIP-jUi_eCe68PqqU6BjkRSujAHaHR.jpeg,cavallo
OIP-JURzX0B_9PC_pstCUXHL0wHaEf.jpeg,elefante
OIP-JUsasudCg79_E98pIVDqqwHaE8.jpeg,pecora
OIP-JUUN_Llt-zrYSM493hDG2QHaFj.jpeg,elefante
OIP-JUyzRX-gVFQe3b8PqNy5kgHaGb.jpeg,pecora
OIP-JuzRYrQlst4qDkDwsB8-HwHaFj.jpeg,elefante
OIP-Jv2JUvB-zds8Mb0jvEAJIwAAAA.jpeg,mucca
OIP-Jv552_MAhkibKIu5bSTGJgHaFj.jpeg,elefante
OIP-jv7AY67qDWjnEOIhTlPzwQHaE4.jpeg,cane
OIP-Jv_dIdo9z5bCx9kCzBcBEwHgFD.jpeg,ragno
OIP-Jv_KtBx2iudjZnLx3j8oFAHaJr.jpeg,pecora
OIP-jvgIBM1714AZnITMk3mn_QHaFj.jpeg,ragno
OIP-JVHpZisnl-7vTqf4UKvK-AAAAA.jpeg,gallina
OIP-JvjdxWC_0ISurFdRJpUTBAHaFw.jpeg,elefante
OIP-JvnsZljGQqW4a86j7IbdwgHaGM.jpeg,gallina
OIP-jvsKMVfU36ZY9IhYY1s9uAHaFj.jpeg,gallina
OIP-JvzaGGr2M4ehMddUnLjzdgHaFj.jpeg,cane
OIP-Jwc6ZtGBiIwgh-vs4vDB2QHaE-.jpeg,elefante
OIP-jWe6Ju98q0baCKyFnhVItAHaGE.jpeg,gallina
OIP-JwEaQQ6bvwri9GMy1YhHaAAAAA.jpeg,elefante
OIP-JWLU3wtwtz2wFO1oDLP9owHaFj.jpeg,gallina
OIP-JwNIDZ12IYgkm72snG-YsgDhEs.jpeg,gatto
OIP-jwuKM3nVU5aQBi4mIz9UIgHaEt.jpeg,pecora
OIP-JwVm9pg_FcaVPCHJDBD24gHaGB.jpeg,elefante
OIP-jWyyPIdqY9BwyoreibH0mAHaD4.jpeg,gallina
OIP-JWZ7iK49gqr_3ipgKwzCNQHaE6.jpeg,elefante
OIP-jX5AIOQIHPTZSHPM5H2_jAHaFj.jpeg,elefante
OIP-jXrtnS-urFDdv4rqRg9EZgHaG6.jpeg,pecora
OIP-jXTKfWLWk8eS8_qFSPt2YAHaFR.jpeg,ragno
OIP-JxWQU7GOtM9ty0VrDgM3mwHaFb.jpeg,gallina
OIP-jXyhmhD3BZO42thFIBD8ZgHaLG.jpeg,gallina
OIP-Jy1jbDqy8-AjaeEkOSSmjQHaFj.jpeg,pecora
OIP-Jy1u8teMdFyU-GrVYCwgngHaGz.jpeg,gatto
OIP-jy3q8SHf1oV9SnFlJbqb0gHaFN.jpeg,elefante
OIP-Jy3rQiS6SJwUjYIR26y3VQD2D9.jpeg,elefante
OIP-Jy4QzpQapEflq344iwQM6QAAAA.jpeg,gallina
OIP-JybeFvlnsqdbMf9f43FtVgHaFL.jpeg,mucca
OIP-JYbFipQ-EyzF8YxInyVRKAHaFC.jpeg,gallina
OIP-jYcEj5NnKXwRyz2b-rAGYAHaED.jpeg,elefante
OIP-jYRf66ZldFe3rUi7nf3Q5QHaFj.jpeg,elefante
OIP-jYuABE1Qderswi08_57XrwHaEK.jpeg,elefante
OIP-JyZGZ1Jr66x1lOcgYAu5CgHaMw.jpeg,gallina
OIP-jzdq_sZteHUNSfD4TrdTwAHaE9.jpeg,mucca
OIP-JZDXP7Wb_Aex6nsEW2a9eAHaFj.jpeg,elefante
OIP-JZlP5QuMLQW7ZL0mjySquQHaGD.jpeg,gallina
OIP-JzqYYLliwL6Z6F_LphLDmQHaGn.jpeg,cane
OIP-jzxa4cE1IbwOQ3-3PtvSrgHaF5.jpeg,ragno
OIP-K-4z6WuXvqFHqLLVfTetpgHaHa.jpeg,mucca
OIP-k-cxEIJpdgHABOHwfzX9LQHaGL.jpeg,gallina
OIP-k-pgljGe2L4Y7aAJJiFUowHaF2.jpeg,pecora
OIP-k-v3LAZqBmumWMR26RPORQHaEK.jpeg,cane
OIP-K06-zfcfwDwZxiZovMYeoQHaFj.jpeg,pecora
OIP-K0amb2FeF0vAxLJ6f-LmVAHaFj.jpeg,gallina
OIP-k0dIl_KY08VZzi6xG9JcKgHaE8.jpeg,elefante
OIP-K0mCzhmUHMMX4dDDTaBxkAHaEl.jpeg,cane
OIP-K1_2iGYCFMj3SKkzgIRE7QAAAA.jpeg,elefante
OIP-k1_5Cf1XRuue4meaQk0TVwHaFY.jpeg,elefante
OIP-k1p8aCo9eE-iMZz3a9kkaAHaE8.jpeg,cane
OIP-K1TTUyhDdr09hUguG_h-SwHaFj.jpeg,pecora
OIP-K2msD0FGBdqzH77Dk41svQHaFj.jpeg,elefante
OIP-k2Nvswgyen7GBlzU_ZcPngHaH4.jpeg,mucca
OIP-k35mM-lbjLZIzid37Ju1rgHaEK.jpeg,mucca
OIP-k3LgnJU9NmBXNndylWgyrAHaE8.jpeg,gallina
OIP-k3ranxMe2d-8-KCRk660bwHaF1.jpeg,mucca
OIP-K3sKgfvlVB12zJHfPwxCPwHaEJ.jpeg,pecora
OIP-K3uLMvo1rUfVscOsceW8ZAHaE8.jpeg,cane
OIP-k41bovEf5rP6x4d0n0-EFwHaEo.jpeg,cane
OIP-k48OkBmIhfaHCW9i4l3ouQHaLG.jpeg,gallina
OIP-k4iFb3vAZTszIoGr1OaLQgHaE6.jpeg,cane
OIP-K4N-G2lcyps3ZUQMSjNtaAHaFj.jpeg,gallina
OIP-k4RmR65zQO5gkXVVP86AYwHaMW.jpeg,cane
OIP-k4WmYdJrA_mQioa0msbGHgHaE6.jpeg,cavallo
OIP-K62Q8VUuFs8ywSdTOqPlgQHaFf.jpeg,gallina
OIP-k65PD7TtGdoRszXhP5OUHAHaE8.jpeg,gatto
OIP-k6Ahe22Yf6zrzdUAIBbz8QHaEW.jpeg,pecora
OIP-K6B6oldtG0MpytL6ywzDYAAAAA.jpeg,gallina
OIP-k6DhCTUQjqjPcbVIIYC3KwHaLH.jpeg,elefante
OIP-K6hwEVncr_EXCyx8gqfADAHaFj.jpeg,ragno
OIP-k6ve8cB6EeNAe46d62jkCQAAAA.jpeg,elefante
OIP-K6Z0bhFddwM2LUnbhiYbzgHaEu.jpeg,pecora
OIP-k70QtL_YV7oyOQsPnPunZwHaHa.jpeg,scoiattolo
OIP-K72tMaP0mMp4WK2RhyKJSgHaFB.jpeg,elefante
OIP-k7dTg_PMteg5olaaUP_RbgHaE8.jpeg,gallina
OIP-K7fQmw6PZxZVGq6cClzQdAEjDW.jpeg,ragno
OIP-k7Lk-oXrNW1QO1WTJv1ZxgAAAA.jpeg,ragno
OIP-k7tBtWaVsfo7Lfl3CFf4igHaFT.jpeg,elefante
OIP-k7UEmnK3HHqRS_6jd8WEawHaG_.jpeg,ragno
OIP-k7xbRnREcru3u4Yj-wzQ9QHaFq.jpeg,elefante
OIP-K84yvq2PnJK9B93Sv4VFzwHaGT.jpeg,gallina
OIP-k886jIw1698QuBfxz0D0OAHaFj.jpeg,gallina
OIP-K89rmZwpg2djKLbk0EywVAAAAA.jpeg,ragno
OIP-k8fBJWzNnV_pB9wefz_ZxAAAAA.jpeg,elefante
OIP-k8XK9PZ6ESDAJ1rfkE6z0gHaGX.jpeg,pecora
OIP-K9apV3tOy9mPTNdQn_lxnwHaHx.jpeg,cavallo
OIP-k9jnzgf_hX0RjwP4Rs7aMgHaE8.jpeg,pecora
OIP-K9vZX83a1ngx4bbjZJcVKwHaFO.jpeg,scoiattolo
OIP-K_-wMrv0oX-ziFrYXaHlogHaGl.jpeg,pecora
OIP-K_CgB426RkiQoS0YzErYtgHaE1.jpeg,ragno
OIP-k_fkTq59bFjfdo2jKCYKUgHaGa.jpeg,gatto
OIP-K_ObA7MNclgdnx5dTbQsJQHaHa.jpeg,elefante
OIP-k_qEfLRb7h-zw7X8uUPVZAHaFj.jpeg,elefante
OIP-k_TmqWJdxlZZ_b6uTMWoPgHaGp.jpeg,elefante
OIP-k_uC9Sw2KN-FZ-2iQSUj_AEqDR.jpeg,elefante
OIP-K_VrTVp9bTUxND592_z49gHaHa.jpeg,gallina
OIP-K_YFe9U1-m9MggqvsA6NKAHaFL.jpeg,gallina
OIP-kaF_0SMubsvgF8wexWxz6AHaEo.jpeg,elefante
OIP-kalUWXroUI5iH3K4-BnNGgHaGx.jpeg,ragno
OIP-kaRA13_l05ruqyREzOFSLAHaE8.jpeg,cane
OIP-KAYMWHrgaLs5z58TCBTD3QHaFl.jpeg,gallina
OIP-kb3BU6z_8W5PfYaCdzpO5AHaFi.jpeg,gallina
OIP-KBbkeUEQLwo6c43JSAEDhwHaFj.jpeg,elefante
OIP-KBHAkJq4fmMakjyKMB-RqgHaGa.jpeg,elefante
OIP-kbmOStHdtItkeAo4-H9CrwHaFf.jpeg,farfalla
OIP-KbOGMyfxjp9Bbv5hu3IQtwHaHa.jpeg,pecora
OIP-KbrCvsW7KqWwqV1tZVmdEAHaGl.jpeg,elefante
OIP-kbTiZGjlxW7YBCpfNaFJ1gHaFS.jpeg,scoiattolo
OIP-kBtLBVwXn1hnlVeVQqechQHaFj.jpeg,ragno
OIP-KbuTSATRJ6DysKynPXL4zQHaGD.jpeg,ragno
OIP-kBVY623O6XOeYDnpuTITfQHaFt.jpeg,elefante
OIP-kC0VHb3fOkQGFrBBrUfbUQHaGf.jpeg,elefante
OIP-kC3eoTh6KFMpAu2Il2APhwHaLH.jpeg,elefante
OIP-KCEzCrY07p0TZThCF7IkUwHaFj.jpeg,ragno
OIP-kCH3WKNI8dXEJFRZH2iVZQEcDb.jpeg,pecora
OIP-KckpYVUXlSL5tV4Q4y73gQHaE6.jpeg,gallina
OIP-kCoFYMsAR5NwiMR1HHKtbQHaLH.jpeg,elefante
OIP-kCpWuJvM2XBK1f93x4FOFwHaFj.jpeg,gallina
OIP-kcQ0v1ycm0HGrItbMbBOZQAAAA.jpeg,elefante
OIP-kDe8BLL0GpV5QcAiK0f2HwHaFS.jpeg,elefante
OIP-KdjZQVRav5CijB8rN2quzAHaE8.jpeg,pecora
OIP-kdN-anVbfWtuyr4g6WKl9gHaEo.jpeg,pecora
OIP-KDQPuKT3e1jFI6LD614dHAHaGv.jpeg,elefante
OIP-KDttBIhyICOiL7V-cmzJLgHaE8.jpeg,gallina
OIP-KdxvIKRGwM0nH0fDBKRpQgHaF7.jpeg,pecora
OIP-kDyhL5pPIpqcaBkpn7vtZwHaGB.jpeg,gallina
OIP-ke-J4msQxoYp_-1RR4SAxwHaE7.jpeg,elefante
OIP-ke2iOIhhuA0K1HOKT8KcSAHaFj.jpeg,gallina
OIP-ke3BTebIwKnugUVP-vWYWwHaE7.jpeg,mucca
OIP-kEeblZ_0k7rtatcp5Psp6QHaEK.jpeg,elefante
OIP-Keeszn8cdDosq3zx75s6VQHaD7.jpeg,cane
OIP-kehRx9Xib0qOZ3271rv-PAHaFi.jpeg,gallina
OIP-kEkovlDXdcshUCSMyuCnYgAAAA.jpeg,farfalla
OIP-KenQmeoegDXobQ9dFfiPRAHaL9.jpeg,elefante
OIP-keO1R502gErQBSqQp35YLAHaFt.jpeg,gallina
OIP-KeTnTRaxt4VR2Bbu7-tGuQHaE8.jpeg,farfalla
OIP-KEwyQT1eIfsFBDl7F9Ez-wHaFj.jpeg,gallina
OIP-kF377ubM_qnbYxgUKWFcfQHaFP.jpeg,gallina
OIP-kf_uCnc1EqjI_xETKrBbFgAAAA.jpeg,elefante
OIP-kFb8WanX6HU-4Mxt1l9jjQHaEg.jpeg,gallina
OIP-kfi6poCoPkvVk5EEBOp4XQHaE6.jpeg,elefante
OIP-kfIJdcwHXMU5sAnpbFfqAQAAAA.jpeg,pecora
OIP-kflnIJAVC5wDcc11e_ZgAQHaFO.jpeg,elefante
OIP-kfQ9K24NfIaCaeOpurTOtQHaFE.jpeg,elefante
OIP-kfupQm3C0y7cGqNuxpmWcQHaFi.jpeg,gallina
OIP-kG-4SE2Q1hxdQnd7scKs6AHaFm.jpeg,elefante
OIP-kG4mUcDV0exFgh2Q7owdowAAAA.jpeg,gallina
OIP-KG9IS1ti1Oq9PIL63sC5LAHaE9.jpeg,gallina
OIP-Kga1Rhhp0w_oNB0fhZrVFAAAAA.jpeg,elefante
OIP-KGa7lEoViQp-DC7fGgSrjQEsEs.jpeg,ragno
OIP-kgfAY-rA9pHK8coLXZGT9QDiEs.jpeg,elefante
OIP-kgFTJC9ntNQiBkmptVlpJAHaF9.jpeg,mucca
OIP-kGipCmNBdNUBi2-Cm9PARgHaGV.jpeg,gallina
OIP-kgk333PTtKL14b2gQoG0FQHaFm.jpeg,ragno
OIP-kGVkMvmKb4b1K5MgSINpnAHaHa.jpeg,mucca
OIP-Kgw-jSEEyj2zeUXOo0zZ8AHaE-.jpeg,elefante
OIP-KgwxiD45b_uxH1E5la6xeQHaGN.jpeg,ragno
OIP-kH_MuXdOjUUG8x5hZCzUnQHaG1.jpeg,gallina
OIP-kHA2Gl7AOXZ1whd7SPImyQHaFi.jpeg,mucca
OIP-KHrQOCu2gtRiDwcnZRiB5gEsEj.jpeg,elefante
OIP-KHzcyBnHzRtrXm23PPwJmgHaJf.jpeg,gatto
OIP-Ki7pI5S8ITJdCXOeDdwfWwHaHa.jpeg,elefante
OIP-KIh_XvbdiNQzjDxT3V5G3gHaFq.jpeg,ragno
OIP-KiKSyCTx5F3rRou3CJt6jgHaJo.jpeg,scoiattolo
OIP-KiZuoOMWwnMBh7CrRbZf1wHaFb.jpeg,gallina
OIP-KJhaiTDcnOQlMEmdEhGyTQHaEi.jpeg,gallina
OIP-KjQU4TGWc75NfFb9l59hmQHaF7.jpeg,elefante
OIP-kjU9PU3IZS7tGafBCeBAMAHaFj.jpeg,scoiattolo
OIP-kJxqJl-CQLpas_R_uQ4tGAHaE7.jpeg,elefante
OIP-kJxv6lqOMwf5eKBFL8aHvgHaLH.jpeg,gatto
OIP-kjzhz566BXVXl6y7iAnqFgHaEp.jpeg,cane
OIP-Kkd4YNrvpU2X7oZoSTrmsgHaE8.jpeg,scoiattolo
OIP-KKem0-W8pkBQlQgm-3wimwHaE8.jpeg,scoiattolo
OIP-KKhaz5EjmffZHSAmhnBCpAHaFj.jpeg,elefante
OIP-kL8F_BKCYm88RToBLaFJ6QHaGP.jpeg,ragno
OIP-klam-nw1WfRI1d3PVby1XgHaFj.jpeg,farfalla
OIP-kLJVCHTK8zAuUSIsB2w9agHaFj.jpeg,pecora
OIP-KLjYBcMoHxsWpoLNB_Ud9QHaE4.jpeg,gallina
OIP-KLkudh0UJn-joIcWMxWGRgHaFj.jpeg,elefante
OIP-KlnUwJwafpHmkGkNI6EmkwHaFg.jpeg,scoiattolo
OIP-kLuTOWjvRxpBRiHDE6P5PAHaFR.jpeg,elefante
OIP-KLVc7WfY2lyJPjJdyn_ItgHaFv.jpeg,elefante
OIP-Klz80MiPQFzsUkrl6cLK4gHaIF.jpeg,pecora
OIP-km0jgZH48r3k66wT7LtnlQHaFI.jpeg,elefante
OIP-KM9aJuOkbIrXjxg6A2ieNgHaFj.jpeg,cavallo
OIP-KMbL7ZcdzLZwpuRLJd1SZgHaNL.jpeg,mucca
OIP-KmdddtAGbMwvCIp4nyb4PAHaFF.jpeg,elefante
OIP-kmFe1EIvgLT86lps5UWSkAAAAA.jpeg,gallina
OIP-kMgTDnteKLtu7JbwNOjStAHaE7.jpeg,pecora
OIP-KMHnScNbFyN-ug2hrRo4vwHaE8.jpeg,elefante
OIP-kMmMW5BHY-qDxNkHtbC1agHaE-.jpeg,gallina
OIP-KmnIFUH09LrEmodg7lrDhAHaI4.jpeg,ragno
OIP-kmnMtnxl2s8sG_prn-pe6QHaFj.jpeg,cane
OIP-kMovJRk3WbCIRhEi3XoyLAHaF5.jpeg,gallina
OIP-kMsme3XpjdO5VKmYvrMGdwHaFL.jpeg,gallina
OIP-kmTjbr3G8ZzsQuAl6yTBaQHaLG.jpeg,cavallo
OIP-kmZPHqbKh93ipcj7mFLuPwHaFj.jpeg,gallina
OIP-kn8iiVVluLQfsQ9O--Zl_gHaF0.jpeg,pecora
OIP-kNBUSN1o2EWWrjm7XG_QHwHaE7.jpeg,pecora
OIP-KNmKUHBvm6bSeGC3da6BfQHaGK.jpeg,elefante
OIP-KnQIxAg5gFSvo1T9IGIvKgEsDh.jpeg,cane
OIP-KNsXHHUFOsq21eRnARmZ7AHaFj.jpeg,elefante
OIP-koBnp-Ehe5S6WWcvZWiwdQAAAA.jpeg,elefante
OIP-koGK9vgDqwtQjc_1I5a14AHaHa.jpeg,scoiattolo
OIP-kogvSi0IC6W2KUk7rTFqQAHaGS.jpeg,cavallo
OIP-KOIqpsqukg4Y73S7QYlB9gHaFj.jpeg,pecora
OIP-KOL6lSWC_eHCNnMmym97LgHaE9.jpeg,cavallo
OIP-kOoB8lArSi5VXsa4VMKpyAHaE7.jpeg,gallina
OIP-kOqkSSe6dFRuDPP3a7l70wHaF_.jpeg,gallina
OIP-kOUsvSvPHlZ4P82RFIP7HwHaFO.jpeg,cane
OIP-KOxn5y3pCyH6DTc0R19fmQHaFc.jpeg,gallina
OIP-kOYwhJx649iX6FGYGLHr3QHaEw.jpeg,elefante
OIP-Kp1NrNuuiPjfFoMnxFjX7AHaJJ.jpeg,gallina
OIP-kpaEJGrgV5rXupoPEnCthwHaFa.jpeg,gallina
OIP-KPBIXoRokQ0BAvCFIJzcTAHaE8.jpeg,elefante
OIP-kPMz6LsjexuTo52-VtKEPAEsEs.jpeg,elefante
OIP-KPQd0iodaVie51hwwFeDewEsDg.jpeg,scoiattolo
OIP-KpXLr2QOZBB2ob4jLqQ_5AHaE8.jpeg,cane
OIP-kq1s5ANPGlU8Il7l7EtyJQHaD4.jpeg,elefante
OIP-KqeKmYfnRwKd89nLg8_zRAHaHb.jpeg,elefante
OIP-KqKjV7phY1fjDkmYzH_I9QHaGH.jpeg,gallina
OIP-kQKPyJL2kEwLLVMF4-6QfAHaDz.jpeg,elefante
OIP-kqm4yY_8vdyqM7KSqv4nIQHaKh.jpeg,gallina
OIP-KqN5VyfARuPGGY2aR0q1LAHaEi.jpeg,elefante
OIP-Kqsi5_AS-EiUHYbytS48jgHaGz.jpeg,ragno
OIP-KqTIb7vjmTbspBQUAhNpwgHaGK.jpeg,ragno
OIP-kqw58jE7aYwQgbT1fmagxAHaEK.jpeg,elefante
OIP-kr0MlYBWoVM03dgAyrxlowHaLJ.jpeg,elefante
OIP-KR6gIHfu8kjTTefP9XM0uAHaE8.jpeg,elefante
OIP-KRI_HTen-GOFzxQYJVyJ3QHaFL.jpeg,gallina
OIP-kRLE_r05XFYJm5_giA5InwHaE7.jpeg,gallina
OIP-kRt5cQiQhs6Z8MA43IGaGgHaHa.jpeg,gallina
OIP-KrTfWzFo19w8_0e5Cd6gSgHaEK.jpeg,elefante
OIP-KRtPJizUIHr6jvgchXQ26AHaFj.jpeg,gallina
OIP-KrUelz0y0tAd7uYuBShdcgHaFO.jpeg,elefante
OIP-KRzoCTZxyIs01wf0mbNJfAHaFz.jpeg,mucca
OIP-Ks6ApC-egephgml7ySq5qgAAAA.jpeg,gallina
OIP-KS7hLmyoliHMX5hFnXWHtAHaFj.jpeg,elefante
OIP-KSBjxbYVQU8GZgPf1gpyhwHaFj.jpeg,elefante
OIP-KSeI8KFM48rUmxuQzNz45QHaF8.jpeg,cane
OIP-KsKyqCMf5XWNz2PzgZoSGgHaFj.jpeg,gallina
OIP-kslTJUwi_xEKE9-frnl0hQHaF7.jpeg,cane
OIP-kSMfRZMHxjfBiIEGfGWogwHaLG.jpeg,ragno
OIP-Ksy0PAu3dP4Bf74hiwZuaAHaFj.jpeg,elefante
OIP-kSy6dCOIJkz6apxn8fe00QHaGG.jpeg,ragno
OIP-kt7zDC9WEMvh_X8li0CWCwHaKM.jpeg,cane
OIP-kt8VrthA0UPAleJ-2QMZvQHaFj.jpeg,mucca
OIP-KT9r1-5rShMaOE2RK23FKwHaE7.jpeg,elefante
OIP-KT9Wu5bN2pZW2kW0awRvsAHaFj.jpeg,gallina
OIP-KtFNi1VLjmiLisJgE4Y5igHaFj.jpeg,gallina
OIP-ktgol0gQ3RmEcMgXxW7W8AHaFj.jpeg,elefante
OIP-KTHn0s6x52VTwLUAdcKLhgHaH7.jpeg,elefante
OIP-KTJExtpL0yZF7_44zSYxewHaE7.jpeg,cane
OIP-KTjjOAWBTjeQSiweR6fbEwHaMW.jpeg,gatto
OIP-KtPOaeoSFY5A7SAh3QCoQgHaFj.jpeg,scoiattolo
OIP-ktq--iOSYwDnhvh3QpgI7QHaE8.jpeg,pecora
OIP-kTQZGtPGXnEienG9reskBAEfDZ.jpeg,farfalla
OIP-KtRy47wFPnSzut4qSAjPRwHaHP.jpeg,elefante
OIP-kTX3pC6rm5BczJ4o-HDhrgHaHa.jpeg,pecora
OIP-kU47NYpr0W0_Fnfym8neQgHaE8.jpeg,elefante
OIP-kuj1lyixvb0pQlqm66WPKAHaFj.jpeg,elefante
OIP-KujDvN0Qc-0xVumtDLiX1AHaFW.jpeg,ragno
OIP-kUunjIKLUHGydH1UcZ3LkQHaE7.jpeg,elefante
OIP-Kuusp4eGHZEnCZ1rk4N9WwHaEq.jpeg,mucca
OIP-kUZmglqBn9SD3xuztVJo6gHaEK.jpeg,elefante
OIP-KV4KUhQbkCy5jS1hD4bg-AHaFj.jpeg,gallina
OIP-KV6EhUPV3-9M0Oydp-ZOvgHaHv.jpeg,gallina
OIP-kv6vJSOsHV0xMR0CTND_rwHaEK.jpeg,farfalla
OIP-kVaP8LYe6Nlvrs67JCRhdAHaFK.jpeg,gatto
OIP-KvigdEY7kF-XmXbsIDnlaQHaHa.jpeg,pecora
OIP-kvKN8eLSYWRBiqYukMP-eAHaEu.jpeg,elefante
OIP-KvPo_3rna32I1tJ9P4MQFQHaFb.jpeg,gallina
OIP-KVtE7aGqNLXW5h6IRpNULgEpEs.jpeg,ragno
OIP-kVUa1so_mZk88CZKoILLJwHaFj.jpeg,scoiattolo
OIP-kvXs-SjZG1iLR0wsQ1x2HAHaJ4.jpeg,elefante
OIP-Kw5Pm_qX468snYusUImgIQHaFl.jpeg,gallina
OIP-kW9fpsxzuuepIvSJpfLxbgAAAA.jpeg,gallina
OIP-Kw9pKcfwKkB070gFCt7tLAHaD4.jpeg,elefante
OIP-kWefBd_M65o90JlqZ_epiQHaFj.jpeg,elefante
OIP-kWM7byFgV8bYR1gfVxmFBQHaGU.jpeg,pecora
OIP-KWn-83wDn47igACYyFeBbwHaEo.jpeg,pecora
OIP-KWoXTZruBYHZKRY9oc4nVQHaF8.jpeg,elefante
OIP-KwV4lCETizsoK7BuSVfrhQHaEK.jpeg,cane
OIP-kWwdl2vHAkJFeIqAcJ4VUgHaGS.jpeg,ragno
OIP-KWXpa-6A7K8GW0cDrjL__QHaE8.jpeg,pecora
OIP-kX3zkN04N9oyrkTd460yKgHaE5.jpeg,elefante
OIP-KX73lSerSnXKQcA-FMWU_QHaE8.jpeg,ragno
OIP-kxM6as4M2lDkykh2hAL2XAHaFj.jpeg,gallina
OIP-KxmHHg9kDZDc1FUtAIZOQwHaE7.jpeg,pecora
OIP-kxMKDPszqacyVpmNZV_sfwHaEx.jpeg,elefante
OIP-KxTNEOdL-aqiqM66Aqg0MAHaFC.jpeg,gatto
OIP-KxuiDeHmponEhc5TQ5qLdQHaFg.jpeg,pecora
OIP-kXxIhhDRm93DA-Yv3O0nEwAAAA.jpeg,mucca
OIP-kYbWXcuQmJMke1PhPlDofAHaE8.jpeg,gallina
OIP-KyE2Eqx-6l6en6KV6lkoIQHaE9.jpeg,gallina
OIP-KYg1du1AQabJbrwIo0KXxgAAAA.jpeg,gallina
OIP-kYj-cYbEb7EtIa3rvRy62wHaFB.jpeg,elefante
OIP-kyjKwGyEvjoOadXGtTudbgHaFj.jpeg,pecora
OIP-kyJyDf3Kim0C98MdWE0znwHaFn.jpeg,elefante
OIP-kYRRogNKZCwhgF7EuhPm9wEgDY.jpeg,elefante
OIP-kYtuyke9vinMsXqLhu9YgQHaC8.jpeg,scoiattolo
OIP-KyvWXaSWeDpjqPEQLWc4OAHaE8.jpeg,gallina
OIP-KyvyuTrW5wl3XPi47MAQcgHaE8.jpeg,pecora
OIP-kZ06_p2Hp7s9TDD-3kNR6gHaGc.jpeg,elefante
OIP-kZ6MzBaSqOPla-vW6xscHwAAAA.jpeg,pecora
OIP-Kz7UCRj8YxJ139wSSkbMlgHaFj.jpeg,scoiattolo
OIP-kz87_YOmrP8OdvLJiVgfjwHaGO.jpeg,pecora
OIP-kz8Nfk3HNNDHLKsFXslDuAHaJg.jpeg,mucca
OIP-KzC5zWYvUbI5HSRpsxPY-AHaE8.jpeg,pecora
OIP-kzJRj5elJAC9m8nX3eXtGwHaFc.jpeg,elefante
OIP-KzK03opFXeXAY2DdyKv0fgHaFZ.jpeg,ragno
OIP-kzmcLMcvWDRa7myr16R6sAHaDf.jpeg,elefante
OIP-KztcpsDR316W9qPqkRHPWAHaFu.jpeg,gallina
OIP-kZThsfpX-cDmTZaVwsKafAHaKR.jpeg,gallina
OIP-KZwz9VJwF35CCWHqHhbO7wHaEQ.jpeg,elefante
OIP-L-8_0laEE-oqxjThLZrVfQHaE8.jpeg,scoiattolo
OIP-l-Pe4-ebaA0HD1A_8hzqYQHaE8.jpeg,pecora
OIP-L-ygmvtQbfsac_7jLFyAagHaHh.jpeg,elefante
OIP-L0gxtucGKXFgip2pn19jdwHaFL.jpeg,elefante
OIP-l0kigKBQIiLDxBE46sqRwgHaEK.jpeg,gallina
OIP-l0NNO-OIxuctLAwqvhPE6gHaFi.jpeg,gallina
OIP-L0XyfUNPYV4HISborRnzaQHaFY.jpeg,farfalla
OIP-l0yiq8jNin1CiFWnOThydwHaE5.jpeg,ragno
OIP-l16hFx4LH65MRxVGzOM6bwHaGx.jpeg,gallina
OIP-L1d02oB4lflPhN2tD38rqQHaFw.jpeg,elefante
OIP-L1e7HXVh6-1cO_c-21ifegHaHa.jpeg,gallina
OIP-L1JXA7Psk5RULwiV8HlIqQHaG2.jpeg,scoiattolo
OIP-L1KvdT-MhI2AknTt37pNSgHaE_.jpeg,farfalla
OIP-L2O2Tf_i-_0CGkmLHBXiUgHaFj.jpeg,pecora
OIP-l2soO3fdqTszMxUZnI7aKwAAAA.jpeg,gallina
OIP-L2ywqHa4KAPOKYRWlNiMAQHaE7.jpeg,elefante
OIP-l32J3C4BUsAaXaphBY-D7wHaLb.jpeg,cavallo
OIP-l3G2nJGir2RF9IvkYFzIXQHaE7.jpeg,pecora
OIP-L3hZpRLoAZcUDULaQ11VDAHaGF.jpeg,elefante
OIP-l3sdL9WYVWhUfsIVGHPBiAHaFg.jpeg,elefante
OIP-L3TRIOoPlmb3isOmx9DYDwHaEK.jpeg,elefante
OIP-L3yEXMGMjxnBc2EXbm-RygHaE7.jpeg,cavallo
OIP-l4GRwBUY6FqczIFXyzhhmQEsDH.jpeg,cavallo
OIP-l4qIRj9TVjAvyFabk8VB_QHaFj.jpeg,pecora
OIP-L4RmiD2Z6FZy7l-wy5BgbwHaFj.jpeg,pecora
OIP-l4vpow-iGcQTBUq7mX0psgHaFL.jpeg,gallina
OIP-L4ZmHRW8Fru6zJpITjMy5gHaGX.jpeg,elefante
OIP-l4Zqk0aZEauGc5Gf6xZZsQHaE8.jpeg,elefante
OIP-L550KLpd8k_eXna2TiEfLwHaGw.jpeg,farfalla
OIP-L5BqWGTHl_t__zNXMjHyPAHaFj.jpeg,pecora
OIP-L5TNaPEq7eYUVK9E0W69ZAHaE7.jpeg,pecora
OIP-L5u89MHekVpULwDYy5zlwQHaFj.jpeg,scoiattolo
OIP-l5xU92lFX4R8oRkTb-S7pAHaE9.jpeg,farfalla
OIP-L6UIv0e51argn0K2HslqXQHaLG.jpeg,elefante
OIP-l79zXpbhy7AaDFKBc6ikQQHaFj.jpeg,gallina
OIP-l7cdK2yjboUnXVmUH3IhTwHaE6.jpeg,elefante
OIP-l7cHY9uYaBl7lGvIM3xvaQHaH8.jpeg,gallina
OIP-l7dSDnnFqabChGSEuemMiwHaFR.jpeg,gallina
OIP-l7ET3BPs6ivuRypFJCYzigHaFO.jpeg,gallina
OIP-L7F1EGoxOYR2J0lvu68sIQHaE7.jpeg,elefante
OIP-L7GSo6ahavtGjXNrSi9PeQHaGr.jpeg,elefante
OIP-L7MNu57HfPYY4WdQHWjPEAHaEK.jpeg,elefante
OIP-l7nVYx-iv47tKPvIj6iyrQHaGL.jpeg,gallina
OIP-l8Bv5FP_AwlJpq_jJS498gHaFj.jpeg,elefante
OIP-L8DnI4ihx-u5ZVhCWHsE8gHaE7.jpeg,elefante
OIP-l8KCV9LKsf5v-kgg4cYc5AHaFk.jpeg,gallina
OIP-l9_3V-J0E9GecNAWrxemTwHaEo.jpeg,pecora
OIP-l9_hVJRMgGxEU6Hbnmas6wHaE7.jpeg,pecora
OIP-l9edInlfXSh3nYuDvdGjdQHaFb.jpeg,elefante
OIP-L_-MH8XirriVyPzV20WO4AHaD6.jpeg,ragno
OIP-l_6ifAWqGgUNmArQ4vHUFgHaFj.jpeg,ragno
OIP-l_A63QEImNLY_JeKq4uO1gHaG4.jpeg,gallina
OIP-L_DtWhKF24WcxTIbvdnMAAAAAA.jpeg,gallina
OIP-l_gtZxNkJ5Br0yU-eFlMFQHaDe.jpeg,elefante
OIP-L_kn34Npjy-kbpkLnV1RGQHaFj.jpeg,mucca
OIP-l_o5BaDwY6OY5ejYPJcnLAHaFT.jpeg,cavallo
OIP-L_OKb9Uv3zkdC74mkM5SVwHaFs.jpeg,scoiattolo
OIP-laH5qkXsz7fKVOgk2Z5mAgHaFj.jpeg,ragno
OIP-lAhtDOkHkiONhi_3BMD39gEgDY.jpeg,mucca
OIP-Laqs6XTKlNhHadq2_GEspQHaFh.jpeg,scoiattolo
OIP-laxJmCSr3OKk1S2LYMErwAHaEo.jpeg,elefante
OIP-LAYc7vhizIXmMorlW1bdrQHaGQ.jpeg,gallina
OIP-LAzkNoZND3LSSE4Sia0Q2gHaGO.jpeg,elefante
OIP-lBKCeDfZJT6vRc9RR9GENQHaE8.jpeg,elefante
OIP-LblW-kj_Lj5MPHtws8DfOwHaJ4.jpeg,elefante
OIP-lBMeoZtVPBpWuDPb0_3qVwHaLi.jpeg,gallina
OIP-lbSooR9gW8yqRsqBHayEvAHaE8.jpeg,gallina
OIP-lbTqnAO7Vx1f5QgHdspzkgHaFj.jpeg,cavallo
OIP-lCb8L339B1p1nYXPNo_sbQHaGz.jpeg,mucca
OIP-lCc1GAs8GuBGrVjlK2SvCgHaE8.jpeg,gallina
OIP-LcgPZ8pT-JGsvbscavSsfgAAAA.jpeg,scoiattolo
OIP-lckTb9Q2k3_3nzkaTfeOGAHaHa.jpeg,farfalla
OIP-LcLhDI1ujIRE6vEbXFoLcQHaDG.jpeg,farfalla
OIP-LcOE9OeotfM6ZjFnV-JlwgHaHa.jpeg,gallina
OIP-lCojPeHFKTXw1s5Vp5TQGAHaE8.jpeg,gallina
OIP-lcrEGd7DDvuGE37URIXssQHaHa.jpeg,pecora
OIP-lCteox0Tq4nDC5RtrcbKswHaGN.jpeg,elefante
OIP-LcvHVyV7wcTRHuHPJspR6wHaFJ.jpeg,elefante
OIP-lCzCOk_4szyrFPHo2SvUggHaF7.jpeg,farfalla
OIP-Lczdvp8Hyz4HBKyYoCPVSwHaEo.jpeg,elefante
OIP-Ld-gnxfBC3nz4CUnp_cNCwHaFa.jpeg,cane
OIP-ld8qyEj-bdbdcI0OzlTHNgHaFg.jpeg,pecora
OIP-lDaPepJHdHQyF-gpJma1oQHaFj.jpeg,cane
OIP-LDgSPdiioy13A9PR6W4WxQHaFj.jpeg,gallina
OIP-LDpU3ML5tsQpho-ftN-kswHaFj.jpeg,gallina
OIP-ldPVQl3VOw1hGWVbeojjzAHaE1.jpeg,gallina
OIP-ldqQ_gNjD_XTqSYR56rcBgHaE7.jpeg,scoiattolo
OIP-LDzO7wOUwyInfLg5UVvriAHaE8.jpeg,elefante
OIP-lE24LXkOVOQ_7ZrKeUuR8AHaE5.jpeg,elefante
OIP-LECVBSO10-zO4KFp8D_TbwHaHA.jpeg,elefante
OIP-leDzYVx_M_-YpoAnxxjsDgHaFL.jpeg,gallina
OIP-LEeep37xk30g6vgWxHZmQwHaE8.jpeg,elefante
OIP-lEEUajFQFdMR3xULjr6OswHaJ7.jpeg,elefante
OIP-LeqFxXiZOhjCOx16ggdxIwHaE8.jpeg,ragno
OIP-LEttBZDWIEu4lU8AhPYTGgHaFa.jpeg,farfalla
OIP-leZAsW3i31Pgf7njNdaw2QHaFE.jpeg,pecora
OIP-lFbTY9l8ILS4evkX0ROnFAHaFW.jpeg,gallina
OIP-lFd0NCz68QWBu_2ar8k0GgHaFj.jpeg,gallina
OIP-lfhw1no4WTO4dnwkMG7lrwHaFU.jpeg,elefante
OIP-LFjP0jy6sE0AAFnlk0UjLAHaFj.jpeg,elefante
OIP-lFLov_nMXQHxfgYyMJdVVQHaHX.jpeg,gallina
OIP-LFN7d74yDPIAtjUVbTqJLwHaGe.jpeg,elefante
OIP-lfqdI4IfnXgAz6Et6NcOcgHaFc.jpeg,elefante
OIP-LFqirB6TCJENSnf-6zEWGQHaI0.jpeg,pecora
OIP-lg06gAExMbKuoLrV41YW4wHaE7.jpeg,farfalla
OIP-lG4DOViEtsjJ9kok_Kl9hQHaFj.jpeg,elefante
OIP-LGAHNZns7AQN-UVY_SpCEQHaE7.jpeg,elefante
OIP-LgbZBRDDbmMm4J5fubMBrAHaE7.jpeg,pecora
OIP-lGEnlJYFMMLy_Kxz6txSuQHaFv.jpeg,gallina
OIP-LGgdIq_mrHL-YB7oy4fxVQHaE7.jpeg,elefante
OIP-lGlW_DOeYdNd_sTBUQxk0wHaFj.jpeg,scoiattolo
OIP-Lgn20a_y7Q5JG__wN2KmfQHaFj.jpeg,cane
OIP-lGSzk7UugRh49J5QhohQXAHaFS.jpeg,ragno
OIP-lGU4K5LCd5fnV-1bnCPbKgHaE7.jpeg,pecora
OIP-lGU91dJw-5xlocEN2wuo5AHaE8.jpeg,scoiattolo
OIP-lGwL0swL06Tab35niuxABgHaFj.jpeg,ragno
OIP-LgwyOmfAZug1i4_4iMkhSAHaHa.jpeg,farfalla
OIP-lgYu2jpfGs0-au9jljRK6AHaE6.jpeg,mucca
OIP-Lh0KN8ZhwKRZo8IwF-7cRAHaJ4.jpeg,gallina
OIP-lh3QD8t87qcz0ej59afTRAHaF8.jpeg,ragno
OIP-lH5jil9gcR4ZuayTnj-iqgHaFj.jpeg,elefante
OIP-Lh8-RCfR1SGbr5EgwTMd3wHaEh.jpeg,gallina
OIP-lHh7rXiMcTYkfmueh5l-OgHaFj.jpeg,gallina
OIP-Lhl87K2IqQKSWrcRZUTF9gHaFj.jpeg,cavallo
OIP-LHpyTsAjXefx1URNEq-MIgHaHi.jpeg,gallina
OIP-lI-Puj2qQvZWKja8_MgMGQHaEZ.jpeg,elefante
OIP-lI2zg41maZ0rL1a_m6cceQHaHa.jpeg,gallina
OIP-Li7qfV4qs9lFoBDV34Z6vgHaHa.jpeg,farfalla
OIP-lIDAIX7fdx2hwNqiNVjZBgHaFB.jpeg,cavallo
OIP-LIe0tzx2fzBlkKbHy3XHVgHaCW.jpeg,gallina
OIP-LIFD8WBCBj2FKMUPUve5OgHaE8.jpeg,gallina
OIP-lIfDQQMKTkfRPCh6jxUtnQHaE8.jpeg,elefante
OIP-lilWYGI6bIAL9GCg89mfpgHaFj.jpeg,elefante
OIP-lIOBG5P_jpN2KHqwgR46_QHaJP.jpeg,elefante
OIP-LitOee2VDnGTQwZWqKDZGwHaFj.jpeg,cane
OIP-LiYm-QdPDYEtiD6FwB2ZRQHaE3.jpeg,ragno
OIP-LJAOqjSR_OyhwJNiuuuI6QAAAA.jpeg,elefante
OIP-LjEU4xu1P77XdB2ZIVu8fAAAAA.jpeg,pecora
OIP-ljfO6UmDSjoIeV2Syc524wHaJ3.jpeg,gallina
OIP-LjHLOZMm9GFzL2ZyurW5TgAAAA.jpeg,farfalla
OIP-ljkR1VLXcnuIAhaFjOSlggHaM4.jpeg,elefante
OIP-LjsLG3XrPwa3-XhGSDiVBQHaFf.jpeg,pecora
OIP-Lk5Sg_4pLSvtjkqSo_q6LgHaFa.jpeg,elefante
OIP-lk98YJUXV9bFJJIOMLnLOgHaFj.jpeg,elefante
OIP-Lkcg3pf5JfOrlce7Dy1J1gHaIK.jpeg,gallina
OIP-lkdBswD_H3jbyJo4bjbAywHaE7.jpeg,ragno
OIP-LKdcm0La92A1p0SbfIuTZAHaED.jpeg,elefante
OIP-lkdu703uJNdOEk6-1xBS5wHaFT.jpeg,ragno
OIP-lKexBXCdzVl1Y37HMDR3FwHaE9.jpeg,elefante
OIP-lkPJzVNz5Q_doHV_t4XvuAHaGG.jpeg,gallina
OIP-lktV0kM8OHLd7aXu4p7KVQHaE8.jpeg,gallina
OIP-LLa9kY6X8Hx12LlhfEX57gHaFj.jpeg,mucca
OIP-lLAkD05WLi0pQvykmzYHcgHaFD.jpeg,elefante
OIP-llALX3CkMqn-Y8ws_UAQjwHaFj.jpeg,cane
OIP-lLg_IuhbE0EJUvHLY-gUiwHaFj.jpeg,cavallo
OIP-lLgci1j3s-6OeozvPWFbSgHaGt.jpeg,elefante
OIP-llILEBebUCasSY2Dpzpr6gHaEK.jpeg,pecora
OIP-LLPfC55CF28jtata_qq7GAHaFa.jpeg,gallina
OIP-llPusDwZj8LJs98rmiaZyQHaE6.jpeg,gallina
OIP-llpwljKwZtTrn4PTEp8XYQHaE8.jpeg,gallina
OIP-LLSsBfHHQJIDQj9pWsp3BgHaE7.jpeg,elefante
OIP-LLwSvYMKnPjNR3KZR1kbuAHaF7.jpeg,pecora
OIP-lLy7HWPwyglUG7aCpuPimAHaHu.jpeg,pecora
OIP-LMB17TBN13Dbe97N18segAAAAA.jpeg,ragno
OIP-lmC0Ua8T8Diw5oUGwdxhnAHaGT.jpeg,gallina
OIP-lMHY8YHkxgJHe5aDnvoMxAHaFi.jpeg,elefante
OIP-lmK48OjKo6f3scOlsqJOTAHaFj.jpeg,elefante
OIP-LML_K5I-qshXDXP2pk8P3AHaE9.jpeg,elefante
OIP-lMoYd9bPuxuGBf2jOUR2CwHaEc.jpeg,gallina
OIP-LMZt2Zz80lpoyKuRQwcymQHaFc.jpeg,scoiattolo
OIP-lN3Gu_EXI0nKCY5VC6cnWAHaEK.jpeg,elefante
OIP-lN8A3itj4bWNnca4KbwyTAHaJ4.jpeg,gallina
OIP-lNcSIOBdpPv5uzG4D-EV6QHaFN.jpeg,gallina
OIP-lnfHUwgk0klWhPhZs0vl-QHaFj.jpeg,scoiattolo
OIP-lnI2k-pG-HzDHqh4C2NQMAHaFj.jpeg,scoiattolo
OIP-lNPk4MSyOZGD3JAya3gQGgHaHa.jpeg,elefante
OIP-lnsC0bRcXroxshW34XHqiAEsDh.jpeg,elefante
OIP-lNSPwOE4L0_j3esDuXb8RgHaEy.jpeg,elefante
OIP-LntpaKnSnj-CLU7Iu1UehgHaHa.jpeg,gallina
OIP-LNZ0SjDV2eiKQnnyPGx1uwHaFj.jpeg,ragno
OIP-LO0D4VarBQ1hfz-6Ap7q0QHaE7.jpeg,elefante
OIP-Lo5F9gvgPrp09f8hz2liHAHaKo.jpeg,ragno
OIP-lO91Ox2sI--q61mLjbxFJgHaF6.jpeg,elefante
OIP-loCgp2x0fvUAoD_xqXnAfwHaE8.jpeg,gallina
OIP-LodG0iROyhcMRW4DJWknwwHaE1.jpeg,cavallo
OIP-lODNWYIXbVgVlv237UJE3wHaFj.jpeg,elefante
OIP-lOLq2CJuOb2c4ECrAVkFGwHaE0.jpeg,elefante
OIP-LOUpuM6ap83Lmosb_cCVLgHaFj.jpeg,gallina
OIP-lOyEYdZ-wDuUy3RrMv0ymAAAAA.jpeg,farfalla
OIP-LOZv9ZMYfrG8t7u249o1wwHaJj.jpeg,elefante
OIP-Lp-DHu6FN2Pn5ymeF2-vKQHaFj.jpeg,elefante
OIP-lP96k4UUsSA8yn3wwn45FgHaEk.jpeg,elefante
OIP-lp_G7BBZ0G_QiurZvtlEaQHaFB.jpeg,elefante
OIP-lpADkstow2Fc8qX-A22LugHaFT.jpeg,elefante
OIP-LpAHt2HC36XspAOWw4zwhgHaE_.jpeg,ragno
OIP-LPbHj1CmMsxmIap7-dPCxwHaFj.jpeg,gallina
OIP-lpCLUlu-xDFxjr-RRix-9AHaE8.jpeg,elefante
OIP-lplez7bGEh7D4uFArXOIdQHaC0.jpeg,elefante
OIP-LpXT36McJLyMn9iao2qDZQHaEK.jpeg,elefante
OIP-lPYTIHe1ILYjU0Y4NGI4QQHaEK.jpeg,gallina
OIP-LQb0PyURFMWiI-fcHeV7egHaFj.jpeg,elefante
OIP-lQdYiSfmyryNSxJ0gIqEXAHaJO.jpeg,gallina
OIP-LqHt-AerEoJhXtmyhMNd1QHaEK.jpeg,mucca
OIP-LqKqZxyz_JQzLH79DnjYwAHaEK.jpeg,cavallo
OIP-lQTcA7J-p3hkBQuqJJGGIwHaE8.jpeg,scoiattolo
OIP-LQZZYWKWWWJ2Hz71IATVKwHaF9.jpeg,gallina
OIP-lRfeAgsyWBS6ILsAFWRSYAHaJ4.jpeg,mucca
OIP-LrhegcsCyFX78tATBqybNAHaFj.jpeg,elefante
OIP-lRmIZzJ27MN_MsYRDjcH_QHaFj.jpeg,gallina
OIP-lrNiP4n7btiPnqAzaB__3wHaFj.jpeg,gallina
OIP-LrQi8NKJg4hmN4LuXunj6QHaE7.jpeg,ragno
OIP-lRST5pNtM2clCQQVkbPAEQHaLG.jpeg,gallina
OIP-lRwIFggKJERgV71bn91yzQHaGp.jpeg,cane
OIP-LS-uYZK77M5eX5pAOFzyKgHaF7.jpeg,elefante
OIP-lS06W6bD81zXI1l_yxfwUAHaGv.jpeg,gatto
OIP-lSbj5H_v3Ia4zWJ9DEssFQHaFu.jpeg,gallina
OIP-LShjQJHbmlG97Z4AklmUqwHaEo.jpeg,elefante
OIP-lsIfa5jThjr-LM46I4aTpgHaE6.jpeg,farfalla
OIP-lsIpvYrLb0LnkstUlMJurwEsD5.jpeg,elefante
OIP-lskN9LE2vNHf4p6SGQa1_QHaFj.jpeg,elefante
OIP-lSl47THGpcPO5yJMcMv8hAAAAA.jpeg,gallina
OIP-lsNMYbgj-s3VQMVN8aCI8gHaHE.jpeg,elefante
OIP-LSOR11itNcOy0CYxwqtnywHaFj.jpeg,elefante
OIP-LsRRp2Ji7BieI8-qzAGSgwHaEL.jpeg,elefante
OIP-lSVgTbFImJ9CJLqW1Qy7IgHaJE.jpeg,elefante
OIP-lswuz12GTVfoUmEHvTzYrgHaEb.jpeg,scoiattolo
OIP-lSy0Ou8aU4zVSZg6Q-DHawHaFu.jpeg,elefante
OIP-lT58z1QId1oBhKLGRNwyaAHaIV.jpeg,mucca
OIP-lt7eO2wcJpL3LZMQsEMW4AHaE7.jpeg,elefante
OIP-lt8X9PfLqxoAri_1Tc_2UAHaEK.jpeg,pecora
OIP-LTaPy08y5B6M7rqTYVERdQHaE8.jpeg,elefante
OIP-ltbi4S7gEI_UfxsTgdzq-wHaFj.jpeg,cane
OIP-LtjM_f-dBMBAKyoR52SYrQHaF2.jpeg,elefante
OIP-lTqHkj2KKrSnpInpumFPVwHaEK.jpeg,farfalla
OIP-Ltusa5qO1sfV4YaiIUNKoAHaJ5.jpeg,pecora
OIP-LTWae6euDEb1ec9vLWCGUQHaFj.jpeg,gallina
OIP-lu-2VjG4E4eYNOSykNppggHaFH.jpeg,elefante
OIP-lU-RAPU4wSBA-3W8JWYtCgHaFj.jpeg,pecora
OIP-LU1pLNp_tO4EWo2e2HNABwHaFk.jpeg,farfalla
OIP-LU3BQhCx2KG9vV7CJT75dwHaE6.jpeg,cavallo
OIP-LuCD8_TrFvXjujRJzZh6VwEsD8.jpeg,elefante
OIP-luGIAwNALNcXogsb8MSb1AHaFE.jpeg,elefante
OIP-lUHv3I5K2Cy81dwPbTZ_hgHaFc.jpeg,cavallo
OIP-lUM1Yndsgm1B5M0ICexR0wHaEK.jpeg,scoiattolo
OIP-lutQilupGQvKQU6Id6qeSwHaFd.jpeg,gallina
OIP-lUWGzA8jeIrx3Y0fj3Ug3wHaFj.jpeg,gallina
OIP-LV90aUGo7bJtlbXc4ZFIQwHaEK.jpeg,mucca
OIP-LVFlbZNeVA7NIKnL6bdMCgHaEo.jpeg,elefante
OIP-LvndGeIc4BKtl9iIuT9IkwHaE6.jpeg,elefante
OIP-lvoNBukXQurko9G4c8TcawHaNM.jpeg,elefante
OIP-lVqi3q9whB1vSpqGD1lU7AHaEg.jpeg,farfalla
OIP-LvYE11dohM5jCx4MEX2WPQHaE7.jpeg,ragno
OIP-lvZO9fJs_Rw_lfKCOe0BgQHaFi.jpeg,elefante
OIP-lw3Z1qu0xyVUUZa6Oe_XwgHaES.jpeg,gallina
OIP-lw6mdWsonmi4kw0xRgBmFgHaHl.jpeg,cavallo
OIP-lwCKxt2LH0C9Wl8pjA0ZrwHaG-.jpeg,pecora
OIP-lwIyWubwpiLRqzdbPUhdCgHaE7.jpeg,elefante
OIP-lWjfhVG5_xB5mAvBvY931gAAAA.jpeg,elefante
OIP-LWK5xR-7ZpbzJre_GC2WwgHaHa.jpeg,elefante
OIP-LwK7I-3XsvPx3n82cIGifAHaEe.jpeg,ragno
OIP-lwLeAkRMJovPjQQX-G4bBQHaFN.jpeg,elefante
OIP-LWUCWzwQrbleVShE-wNKzQHaEj.jpeg,pecora
OIP-lWUT7gpBXo96-gaM8keF0gHaGD.jpeg,elefante
OIP-LWwy0aEIswmuugFTbUrtOgHaFj.jpeg,pecora
OIP-LX23qFPXzlZGfsYeYQI6mgHaDz.jpeg,cane
OIP-LxaNLWRSmDXop72scoK_1QHaEo.jpeg,elefante
OIP-Lxfnt4nWwrFqDE_rDo_jnAAAAA.jpeg,elefante
OIP-lXhETdOmtOAvS0ymjf4MAwAAAA.jpeg,elefante
OIP-LXn_Tc72eKPS7bRfcLGGZwAAAA.jpeg,cavallo
OIP-lXWANs4ia6CMAoayX5_YTAHaKQ.jpeg,elefante
OIP-lXwppVtMuR_AFkPEEDDEHAHaFc.jpeg,pecora
OIP-LxWXMyzQcDHLVgrgjD2uFwHaFj.jpeg,gallina
OIP-lY22x-dlm0AijzGG5goYIgHaHa.jpeg,elefante
OIP-LyE80kfGQAWcy7m4grjrnAHaI6.jpeg,elefante
OIP-LYIx2VIpoA8FkmR4hmPe0wHaFl.jpeg,elefante
OIP-LyPepkMuESob9hW6iqldKgHaFx.jpeg,elefante
OIP-LyrusFCCZbW2U34vr5v8qAHaH4.jpeg,elefante
OIP-LYs2AohYuTX1S_mkVvljnAAAAA.jpeg,elefante
OIP-LyT_icGOaxreBbac2dpWugHaFj.jpeg,elefante
OIP-LyTAdjC_eT6AbK7kGWjSCwHaE8.jpeg,elefante
OIP-LYue0CP8_JxyeR5YvZ82WwHaJ2.jpeg,farfalla
OIP-lYx92-w077oSueYhBR-YlgHaFa.jpeg,scoiattolo
OIP-lz-D_fX0VV52ytvdECe5qQEsD_.jpeg,ragno
OIP-lz46fMtKO2I6HkZkyj_DwwHaE8.jpeg,ragno
OIP-lz8ftuxs5oo6BuVPG2ECawHaE7.jpeg,elefante
OIP-lZ8o4Vs8SWkqE40ggQNZLAHaE5.jpeg,elefante
OIP-lZAccZ02A-49WzhkYjLoYQHaEx.jpeg,elefante
OIP-lzEqF1kbj9J0PnXd0y60ZAHaFh.jpeg,pecora
OIP-LZfT0hwj1qLe85pw8u58swHaE8.jpeg,pecora
OIP-lZNBOJw0TR4_zfD7KjUangHaEK.jpeg,cavallo
OIP-lzNLIe_vySMcitY9uEqapgHaFj.jpeg,elefante
OIP-lZUddhIHnvoDXMqqPBp8aAAAAA.jpeg,gallina
OIP-LzURzWwqnBOgt5OpdXqFfgHaFW.jpeg,ragno
OIP-lZVdmbGoz4Vx941NzK2g0QAAAA.jpeg,elefante
OIP-LzZ-QfiQyvHYlHbmymqhgQHaHa.jpeg,elefante
OIP-m-bdEaFkKl8HS6VcN1s3twHaEK.jpeg,gallina
OIP-m-dpISThj4-4GxWwUdVsjgHaNL.jpeg,cavallo
OIP-m-e9UsFXHcY72qN0kGhUjwHaE7.jpeg,cavallo
OIP-m0-KRI-PdIyfg-ljKJlR3wHaFh.jpeg,gallina
OIP-m0GAaFTvxnH1u1UcyljbAQHaHa.jpeg,gallina
OIP-M0V9nrpgSoY6j0Jahc9zAAAAAA.jpeg,farfalla
OIP-m0zvztqeWTLOMXeAHHxE1wHaEg.jpeg,ragno
OIP-m1r4jaKyJeQs7kqyUcgwYwHaFS.jpeg,elefante
OIP-M1X8_ytvZClTSByygWaBSgHaHa.jpeg,gallina
OIP-M2_r7QWZ-g9qOAfFP6QfhwHaE8.jpeg,gallina
OIP-m2eRk9FpE1Jd6ODhYyduOQHaFM.jpeg,scoiattolo
OIP-M2kV4I_9LL1jpJLYxlzgiAHaGs.jpeg,gallina
OIP-m2vwlH_HMaLgaiBLpJvTmwHaFj.jpeg,mucca
OIP-M3jXhts91w93IQZUvZH9jQEsER.jpeg,ragno
OIP-m3OsusBDdL5RMxmwvmDBUAHaFj.jpeg,scoiattolo
OIP-m3RspVzf_Pb3-xhzXJggHAHaEK.jpeg,ragno
OIP-M3To_f6CjJxtvOVDQaUGqwHaEK.jpeg,elefante
OIP-m3XLqXcdYjGS7xL4FJz-HQCbEs.jpeg,cane
OIP-M3XO30Esomav37bivNiavgAAAA.jpeg,elefante
OIP-m4f8nGbFaLlbvKPYGAJiaAHaLJ.jpeg,gallina
OIP-m4hSfpYm8G9IedWeKol5bgHaE-.jpeg,elefante
OIP-m4LTmcJvd5WN-mjP8h4u8wDyEs.jpeg,elefante
OIP-M4rAOFvS9uUjFa65HeKS1AHaE8.jpeg,farfalla
OIP-m5Ir2OjvXXDodgTnuwGmdwHaFj.jpeg,farfalla
OIP-M5l4mtM_rbe_F677GrW4swHaEN.jpeg,cane
OIP-m5O-1yXatjOBC60ik76vmQHaFj.jpeg,elefante
OIP-M5W11gY80ncR_nAzJGR52gHaFk.jpeg,elefante
OIP-m5yAwQCXAYNbYQtvexayIQHaJV.jpeg,gallina
OIP-M68GTy1uCeAaBdi_-nQQXgHaE8.jpeg,pecora
OIP-M6CQmTtfhbv1kFghQVorAgHaE0.jpeg,gallina
OIP-M6piK--n3N24xuejbXxzdgHaJ3.jpeg,pecora
OIP-M71GbgFoSAnENsdne5cXyAHaGB.jpeg,cavallo
OIP-m7o4AUGbpwhRYmD9yZH7_AHaFj.jpeg,elefante
OIP-M8adQ1iP1y9c-cdKz-KeqAHaFW.jpeg,elefante
OIP-m8eDCCn8Gd72KJb3fRUY6gHaE8.jpeg,mucca
OIP-M8o6IFxLfYbcTwsxQipIPQHaEK.jpeg,scoiattolo
OIP-M8qBa-vtYJ8RVJVAbKfkNgHaEK.jpeg,mucca
OIP-m8QzH43-8meHvXkcHmTjmQHaHe.jpeg,elefante
OIP-M8S02hDck1cOonm3KRo-8gHaF1.jpeg,gallina
OIP-m93_KxkOiMnyVkUDuAAjqwHaF6.jpeg,cane
OIP-M956vspxAnWssN_uPJcaXAHaFj.jpeg,cane
OIP-m9JNLb8oo-Mj96p1dVVHEwHaD8.jpeg,elefante
OIP-M9LvYAS3RkHZ6rbf89BX-gHaKQ.jpeg,cane
OIP-m9pcua7M4syWwcejYvdifgAAAA.jpeg,scoiattolo
OIP-M9Xah2bSd8WVK--hIUOnAQHaEX.jpeg,elefante
OIP-m_3F6-jCF6VJumhHCWyb5wHaFL.jpeg,gallina
OIP-m_4fLiMW3XJAQKC4H0jAcQHaE7.jpeg,mucca
OIP-m_C2MVn550HqQM7_3CfRnAHaFj.jpeg,scoiattolo
OIP-m_mqdVqMHW94YGr8htxREgHaFc.jpeg,gallina
OIP-m_Mut6OSqi3ApNRtyjmafwHaE8.jpeg,elefante
OIP-mA-0EhqEeoCc00FRwpnhFgHaHa.jpeg,elefante
OIP-mA2JvSd1GEbZXcx67kaJbwHaJ4.jpeg,elefante
OIP-MA7GygPIUB1G-yS5Ks3sDwHaFV.jpeg,farfalla
OIP-ma7ZIqzfRbT3LRvbQ0qMlgHaId.jpeg,gatto
OIP-MA8i4nG8gLVa6oq5hPWqcwHaFm.jpeg,elefante
OIP-MaESuqyhd8OKciqTbcnP_QHaHa.jpeg,elefante
OIP-maEy7mUMckAPVAz1zLDCxgHaE7.jpeg,ragno
OIP-mALdBNjvet31oi5FVzupxgHaJb.jpeg,elefante
OIP-MAlYwPFoSpoeS7pqYnT01AHaGL.jpeg,elefante
OIP-MAndJxsO2tYmgYRAeB3MiwHaFL.jpeg,elefante
OIP-manhvT8NbpZBIL6W6p7EvwHaHs.jpeg,elefante
OIP-maSaOvlIg6Pdbgx08pmKsQHaFi.jpeg,pecora
OIP-MAu0ARUGtO1ESZj_Le7FdQHaHg.jpeg,gallina
OIP-mb068uVXcUZf2gIiGNquUQHaFj.jpeg,pecora
OIP-mb0aa7L5cmkmxpwWtKjjzQHaE8.jpeg,pecora
OIP-Mb9_9WlXAdWH3ZCQo_JNlAHaE8.jpeg,elefante
OIP-mbA276xvmSpUkkrf72QsngHaFj.jpeg,cavallo
OIP-mBDpFOdNIsLNzo4OxU7r9gHaFS.jpeg,cane
OIP-mbFmIslAsakCUxG0zO8RYQHaGF.jpeg,farfalla
OIP-MBQ0mWZcLpeQhVIIcxDGZgEsDH.jpeg,elefante
OIP-MbstFw7XZ0dwOoTrkQuSkwHaFE.jpeg,mucca
OIP-mbWLIgtajorm9O0AdmgF2gHaGT.jpeg,elefante
OIP-MBxyTqdqMD9loKvEch75zwHaHp.jpeg,scoiattolo
OIP-mc4snJMxd4jLO0WUFbo9CAHaFj.jpeg,pecora
OIP-mCA9GDGqLdyQDZlcIJI4IQHaFj.jpeg,gatto
OIP-Mcbkil5Oo0x6oHa_RUHEEQHaFj.jpeg,elefante
OIP-McfK2_bbIDo3aHdOx73iWQHaKD.jpeg,pecora
OIP-mChdyuYDNZqBCvyxyXglEgHaKp.jpeg,cavallo
OIP-mCKYdLEVtjncH1mMgEPUoAAAAA.jpeg,pecora
OIP-MCL7_RUBVT9f6yv3qDmHdwHaGP.jpeg,ragno
OIP-MclH16nH_eC9GMklYBEFOwHaFj.jpeg,pecora
OIP-Mct7FbAJcPaDJac32z_-0gAAAA.jpeg,elefante
OIP-mCtqTFSURGE5dOrWj1sXogHaFc.jpeg,gallina
OIP-mCvTTVp4JT_aRVTjrIEh-AHaGL.jpeg,elefante
OIP-MCy8957d9AoIXt9NP9HKYQHaFU.jpeg,farfalla
OIP-mdk9jQSW5ObwAtyJk7FfQwHaFS.jpeg,gallina
OIP-mdmhcgy6X9JIBPf_LVR_tgHaHa.jpeg,cane
OIP-MDO2kohpGumJAKRbEuaFBgHaEK.jpeg,elefante
OIP-mdvOxIWAyReAoEJcMk5z4wHaJ4.jpeg,elefante
OIP-mDyxFlzE51Rtkt4XMG7-2QHaGC.jpeg,gallina
OIP-ME5zCMBi4rhxyTFEmrypxQHaHa.jpeg,ragno
OIP-meAjyKxfvi-8o7a5GfC4igHaHW.jpeg,gallina
OIP-MEcf57GbLpSDJLsvs2mHPQHaDJ.jpeg,pecora
OIP-mElfdqhlwCcf2uO-64o2_wHaJK.jpeg,pecora
OIP-mEoBCUilkbV1LP6XEGmtXgHaHa.jpeg,ragno
OIP-meoSUxd56TQxJnuMmzYPiAAAAA.jpeg,cavallo
OIP-meOza4hlDtqi5b_CjqTaowHaEc.jpeg,mucca
OIP-MepFo9C_jgEfoA_xVqhkCwHaE8.jpeg,gallina
OIP-mEqx_11WkCq3vJHNWV4YjgHaJF.jpeg,gallina
OIP-mf-1Wf4fDrAeGZXmT2horAHaFj.jpeg,elefante
OIP-mf17At-O-mOlmEeFjr2aRwHaFq.jpeg,elefante
OIP-mf5k1366cgv5_WaDT2FFawHaJ4.jpeg,elefante
OIP-MF5mlXDQftCkUOJ_cA8YigHaLH.jpeg,cane
OIP-mF9zP6k7V_3Dy6gdhMyFfgHaEK.jpeg,gallina
OIP-MFBO5ZcswaNLJDpfBK1ahgHaFc.jpeg,elefante
OIP-mFg_ZI87XOG4fbYphxCf4gAAAA.jpeg,elefante
OIP-mFjMdz_rsShVTYzeLQiIlgHaE9.jpeg,ragno
OIP-MfK4OlKNslnARV5uTom2CgHaFb.jpeg,gallina
OIP-mFN57MsrJHRtpCcbq51anQHaCh.jpeg,elefante
OIP-MFOtdC_kqKwGif5QZjGWfwHaLH.jpeg,ragno
OIP-mfUthPWoDAZ43sGQB0zLBAHaE6.jpeg,elefante
OIP-MG2b4z0E_sP4cPCFAh9Y3gHaHa.jpeg,farfalla
OIP-mG2X_Fqwb4aL6WEpsYqjyQHaFf.jpeg,elefante
OIP-mGbWCNwP9XOzkp6xNmwNNgHaEx.jpeg,elefante
OIP-mGcQNp3ueJdKXKRo4zkNWQHaKE.jpeg,elefante
OIP-mGhx8bt1rbGak4nX5UMgYwHaKA.jpeg,scoiattolo
OIP-mgjikzKDAVT0juj7MeIwwQHaE7.jpeg,farfalla
OIP-MGprFq4dwx1yIoRmSwrD4gHaFT.jpeg,scoiattolo
OIP-mGQw2MGIos1Hmw6ebnbdngHaKR.jpeg,gallina
OIP-mh5qRAZNobYUgIbiVZ0z0gHaFj.jpeg,elefante
OIP-mHhnVVqTfg0lllbjc9NhhwAAAA.jpeg,pecora
OIP-mHKRUjp7DUBCyoRfWGK4GwHaE8.jpeg,elefante
OIP-mHnO6Aor1eoNq01EsrW2NgHaEt.jpeg,scoiattolo
OIP-mHp5hHYxnhhN3Ywa1qOmvAHaE8.jpeg,ragno
OIP-mHu6UlkL0bXCHly2JqjkoAHaD4.jpeg,elefante
OIP-mhxyrNRHgvA1S4Cwg99ZqQHaFj.jpeg,elefante
OIP-MI-HDND0NNM0AAfr47o4FgHaHa.jpeg,gallina
OIP-mI5eKGxWDNWeRTyaE18zpwHaJS.jpeg,elefante
OIP-mI6OXZinsIteRbEP5e269gHaE8.jpeg,mucca
OIP-Mi_Kr7nRGoXrbSxPITyz-QHaHa.jpeg,elefante
OIP-MIuT0udHQO0LsaNqNw2VRQHaEK.jpeg,elefante
OIP-MIWQl8uCgXcxqxhSI-7jBQHaE6.jpeg,elefante
OIP-mIX7M6Awy2bnotfTO6Zs0QHaHJ.jpeg,elefante
OIP-Mj15wALS_srxPktt6trhhQHaGA.jpeg,elefante
OIP-MJ9RO5ZybSaQ322y0zOObQHaFj.jpeg,gallina
OIP-Mj_JhYslbL_Xbj5lBBziagHaFb.jpeg,gallina
OIP-mJCtBPPSqv_MnvhtnPlMwQHaGO.jpeg,pecora
OIP-MjeyElV7umXp2I2Tarbv9AHaE8.jpeg,gallina
OIP-MjfF0xSvWjcyIkzg0oSBqQHaGl.jpeg,gallina
OIP-mjh9n_58zEghvidLrXEkpQHaFU.jpeg,scoiattolo
OIP-mjkgP9HiDYmqSt9mDJXVVAEgDY.jpeg,elefante
OIP-MjMeBEV8mZiMacMUEEI-xwHaEK.jpeg,elefante
OIP-mJntGvSkpSMQmYqHbYntXwHaHw.jpeg,elefante
OIP-mjNYxe0-Cdb2FCXzNqz2FgHaFf.jpeg,gallina
OIP-MJOr_ZJtJGWnlQxv_uMDvgHaFj.jpeg,elefante
OIP-MJp3Ypp1f5AO-rE7jL1yhwAAAA.jpeg,elefante
OIP-MjUQvLMIh1asMHLs7o89mgHaFj.jpeg,gallina
OIP-MjUT92jxmnFUZVmuSd_pGwHaFc.jpeg,elefante
OIP-mJZ9EHlDg4XLAyIxr2oMSAAAAA.jpeg,gallina
OIP-mK7rrd1KazRvAclIq_pQFQHaEs.jpeg,elefante
OIP-mKapEQGDnOE1rk1DpQkFjQHaEo.jpeg,gallina
OIP-MKcjHDBqtNATUOoy6EKVYwHaNP.jpeg,cavallo
OIP-MKi9u8rOMF8jNUhvtmUXLgHaHo.jpeg,elefante
OIP-MkL2CH1KWMMKoJrKEi4bSAHaE7.jpeg,cane
OIP-MkQkszPInF3bDH7PskgOeQHaGh.jpeg,elefante
OIP-MkR6bt5wdeUAwtefdpK2eQHaEs.jpeg,scoiattolo
OIP-MKRtnHAnGBzhecnkpOb3QgHaFO.jpeg,cavallo
OIP-MktEsZ9eQtFDPLU71DNOAwHaEh.jpeg,mucca
OIP-mKXLmq6TtX_7snz4QNnvRAAAAA.jpeg,gallina
OIP-ml8b9OqUyzsKCTy3R2jbyQHaGk.jpeg,elefante
OIP-mL_8D2wsk6rfYRgSvk0rUAAAAA.jpeg,gallina
OIP-Ml_8hYXTIdHK7rH-sI3eTwEsER.jpeg,elefante
OIP-mlBgRhkfWhgDnvwAMAtDuQHaFj.jpeg,cane
OIP-mLnoTJEHaCyMor24ZSyZogHaFj.jpeg,farfalla
OIP-mLQka1Huj6pvTRQPbuLM2QHaFj.jpeg,cane
OIP-mluvTrBMz09iBZfd3YbAuwHaHX.jpeg,gallina
OIP-mLvxCL-ZdXKW6TWg3FHD-AHaKf.jpeg,gallina
OIP-MM41xzjWNxVzuMWYDKhvlwHaE6.jpeg,gallina
OIP-mmDl7BoEQe2aZLHxgJq05AHaHa.jpeg,gallina
OIP-mmdol6TtRA2Adgk_75XWewHaEK.jpeg,mucca
OIP-mmhJFXdbyhSgCsDWeY65NAHaJ4.jpeg,gallina
OIP-MmhkWFHFmRcxYqzbfxTZfQHaGX.jpeg,elefante
OIP-mMjQwg5UM6h9osUsb0WrfAHaFj.jpeg,mucca
OIP-mmKjLOMmmDjimLhJTbqWzgAAAA.jpeg,cane
OIP-mmlluXOB6wYSXU8Bdf4SCAHaFw.jpeg,elefante
OIP-MMmg0DjtutX7n3IlVvYp9gHaGE.jpeg,elefante
OIP-mmNjPTEi-JVhv4aKiYpLGQHaE7.jpeg,elefante
OIP-mmTPh1IaL2JYDsPQ9m7lHQHaFj.jpeg,gallina
OIP-MMTvQXDUqYy653L_v7bnGQHaE8.jpeg,pecora
OIP-MmW_k4J1raB5x6s5Y0KBtgHaFj.jpeg,farfalla
OIP-MMWmcncK2GhUPLcvSUDYHwHaFW.jpeg,elefante
OIP-mmXN6WW6ascBn734a5NRjAHaE8.jpeg,pecora
OIP-MMyFipKHc6dfUHUNtPLFGAHaH_.jpeg,gallina
OIP-MN4GyQrKX-N-MgaL_aHPagHaLG.jpeg,cavallo
OIP-mNd2GgRAButrUuLmNHGV0wHaE7.jpeg,farfalla
OIP-mNej0qJ2yl5PFeENLQ0hdgHaHY.jpeg,ragno
OIP-MNFCJvDPppHnZ7veZ1eEbwHaLH.jpeg,pecora
OIP-MNfE-HrVHQ6nJbYxmqnhxQHaFk.jpeg,farfalla
OIP-MnH-NNFfS-Uv-oUClc7A7QHaFF.jpeg,gallina
OIP-mnHgrk9x-K2ZncKiVgpCuAHaFj.jpeg,cavallo
OIP-MnLOJbjS1aoUluM1MWIfEgHaEo.jpeg,farfalla
OIP-MnRXNpPLE9tHwreVdP5H9QHaFs.jpeg,cavallo
OIP-mnvPiNEt8dnMf4USvY5DLQHaEo.jpeg,gallina
OIP-mNYMYKhNmnMgC7xw-THFEAHaE8.jpeg,elefante
OIP-mNyWB2ZozgjbMo2ic6TJjwHaFj.jpeg,ragno
OIP-MNz7j7e302COBGMDtwNw2gHaE6.jpeg,gallina
OIP-MobhPjsXyp_M_L7aVfjBTgHaFj.jpeg,ragno
OIP-MOE22wDzkm6s4l-NgA9pRgHaFj.jpeg,ragno
OIP-Mojm2cVH-daIteosGqCLGgAAAA.jpeg,pecora
OIP-monoFp5g641meVYE6BbXYgHaFt.jpeg,ragno
OIP-MoPKWxSeiYvbRcNFPqgm7gHaE7.jpeg,gallina
OIP-MopNPvEH7kbV2_fHUcJxRgHaE7.jpeg,gallina
OIP-MOqbB9mhkaVwDTyr244tzwHaE8.jpeg,gallina
OIP-moQlaT56oPwNHMdkeMJ-qgHaFW.jpeg,elefante
OIP-motNyANhJMq25AnS8n2BCQHaFP.jpeg,farfalla
OIP-MoUxuGO8IHDquvNKhOnULQDMEy.jpeg,elefante
OIP-moZmAB8T769GcFPvr-p87gHaHD.jpeg,pecora
OIP-moZmvAqYJNdRV6DzHydnmAHaE8.jpeg,gallina
OIP-MP-CQZ1FBAwqLw_BMISgagHaFj.jpeg,elefante
OIP-MP0bTdT6NPqenhVDFWZVQAHaEf.jpeg,cane
OIP-mP3FcbYfXUGV8K7mCbXqywHaGH.jpeg,cavallo
OIP-mp5QL66RGV-dhOckWU1PXAHaHj.jpeg,scoiattolo
OIP-Mp6o7QMWAIOXwtnWMcPXHQHaE8.jpeg,gallina
OIP-mp7ExQhX2OBElroKk2sVlQHaJ4.jpeg,cavallo
OIP-mpgOhPL8GF_HsiWFfvzTGQHaJ4.jpeg,elefante
OIP-MPhN1O3cvJGEzWa1RIUa5gHaFR.jpeg,elefante
OIP-MpjOv0_8Z_cwONpORF1FWQHaFj.jpeg,gallina
OIP-mPk9Qfsp5jivGK_MXXmwvwHaE8.jpeg,ragno
OIP-mppXN-ZJQVhuGO43USD7MAHaFY.jpeg,cane
OIP-MPSPl4k-g0X38cAxj34GYQHaE8.jpeg,cane
OIP-mpvu9f46kWBOJP4cLaaXJAHaGA.jpeg,farfalla
OIP-MpWY8USoo7z6Ul6gsox6hwHaFB.jpeg,ragno
OIP-MpYQAzdMC1RVyAZnyUnhZwHaFj.jpeg,elefante
OIP-mpZBWw8WexyIXvUTYxRk2QAAAA.jpeg,farfalla
OIP-mQ1A4N7Wbdcwd3XDE_l6TwHaE7.jpeg,scoiattolo
OIP-Mq6gFmRaug2VPTh6YvYt4gHaFR.jpeg,mucca
OIP-mQ95c6Zv25CIbrWIi4_TnAHaEq.jpeg,elefante
OIP-MQdrsk0ZSdLGkiSYmtjw9gHaE7.jpeg,elefante
OIP-MqtvqUCUFlASIIc2izmkSQHaD5.jpeg,gallina
OIP-MQzVRrBEw42oLBJjU74F7wHaE8.jpeg,pecora
OIP-mR0fhHbTGoizoBPZKQiRhgHaFj.jpeg,farfalla
OIP-MR2E0qp_0wHbwDuD-NrShAHaF4.jpeg,gallina
OIP-MROA7IhyJyH7_GhqwrIWcwHaKK.jpeg,elefante
OIP-MRUK1QU1ZVUlvcSHtA6VSAHaE7.jpeg,elefante
OIP-MRVO8sHTmYsDYJD_rKEBugHaFj.jpeg,elefante
OIP-MSbVoCWVJn-tpcWM0CjDZAHaFt.jpeg,farfalla
OIP-MSCBAO15YCiodi32oJCV5AHaGs.jpeg,gallina
OIP-mSLwG-QN-SQhKnOJAVuFngHaEo.jpeg,gallina
OIP-msmpn6DP5ocUoj2oZMvD7wHaF7.jpeg,ragno
OIP-MsnjQaWm1sjzi4Zvzr5L7gHaE6.jpeg,elefante
OIP-MSrOfbaLcKUYRA47SQIlVAHaNK.jpeg,elefante
OIP-mSrZJOE9gwJiR6dtGZ3yGQHaJ0.jpeg,mucca
OIP-mSToyndIT6NhE1CcJDjNcwHaEo.jpeg,elefante
OIP-mtdnqll_AgymcZ_xKi5yAwHaEm.jpeg,gallina
OIP-mtgEGkpUwpRgCd_OviIXHAHaFc.jpeg,gallina
OIP-mtlS4XumZEAcjLoR29VsMAHaE8.jpeg,elefante
OIP-MTVkHlbGEJJ5WGZkPbx4MQHaGa.jpeg,cane
OIP-mtxe6AfM2mPpZ0D7HZ1BxgHaDn.jpeg,cavallo
OIP-MTyGdjGJ-gN9t5EkoxFCTAHaEK.jpeg,ragno
OIP-mu0b62DYkzqFPPTi62IuwwAAAA.jpeg,pecora
OIP-mUbWrALG-MUpEa6YPbYpWgAAAA.jpeg,ragno
OIP-MuD7TVUXq4IzCAhGBJ3rUAHaFC.jpeg,farfalla
OIP-muLqP01O3slF7b4lpq00JgHaE8.jpeg,elefante
OIP-muMqw3dWP-Ij3EIxsc8DvQHaFB.jpeg,elefante
OIP-MuNIpABxf6wEX03lfUXSAwHaJ4.jpeg,mucca
OIP-muo6iSCQ2JWcSAgWuowklgHaE6.jpeg,gallina
OIP-mURS277pmQWCmjuY5QShLgHaFe.jpeg,gallina
OIP-MUw0vHFW_wVk8y5S_3EjFwHaHa.jpeg,scoiattolo
OIP-MUxOEJxteDoApBSU1XZ4vgHaJ4.jpeg,elefante
OIP-MV0B39uLpdjh2XM_u3W_JQHaE8.jpeg,gallina
OIP-mV9EwPnW1hJsmgEQ-HtX_QHaHa.jpeg,gallina
OIP-mv_CSd91UrAD6EljvUr0fwHaFZ.jpeg,gatto
OIP-mvDI-N49Nf-aYorv1cYfhgHaGa.jpeg,elefante
OIP-mVf_xpofY_vB3vCP5BjEhQHaH1.jpeg,elefante
OIP-mvhAEgnTWiVJBKuvdU-JsQAAAA.jpeg,elefante
OIP-Mvizh_pyh9i1ZeBPOW3ujQHaFj.jpeg,elefante
OIP-mVjYRKo22WQiDWSC_aeAjQHaHa.jpeg,gallina
OIP-MVQChNQpHiMZEVMPehrvoAHaE6.jpeg,farfalla
OIP-mw5--JB3GLZHcrO9KNOltAHaC8.jpeg,gatto
OIP-MWgVYikyKMtat0l5J-gG8QHaFj.jpeg,pecora
OIP-mWkzpRkw6ViScgeznMdjSAHaFj.jpeg,gallina
OIP-Mwn5SRl98GAflUrTaUJw9wHaFj.jpeg,pecora
OIP-mwqYAt_D3dE4_Q3vQargfwHaFj.jpeg,pecora
OIP-MwRIeVPADCL8bS1-eARpwwHaF7.jpeg,gallina
OIP-mWRvhrLcX8xFhtV5BFOmVwAAAA.jpeg,elefante
OIP-mWSyOgJH4h6FCHdqd6hLugHaE8.jpeg,elefante
OIP-mww3rSnlk6qyMJ5KJ5X5ugHaGV.jpeg,elefante
OIP-Mx1w4PgwBd-68Me2CDRzcAHaH1.jpeg,ragno
OIP-mX5nsKC446tB68pI56wmwQHaE8.jpeg,ragno
OIP-mX6JEgewlocTq0PVMb65UgHaE8.jpeg,cavallo
OIP-mXB7nw19Y5k_oPUM2OvZ9AHaHA.jpeg,scoiattolo
OIP-mXbkQLMKwAaXEjwwQfQm7QHaE7.jpeg,ragno
OIP-mXfifOWq-ZCOE2qBPT9z9AHaF-.jpeg,elefante
OIP-mXIPFk0djU4Z4X-SjNFr9QHaLH.jpeg,gallina
OIP-MXlv2QQpWK5Ezwkc_Jy4XQHaEK.jpeg,mucca
OIP-mxmBu5FRsoOmhrrFVZZ-tAHaFO.jpeg,farfalla
OIP-mxRGiwq6Pal2tVD2Q4YRSAHaFj.jpeg,elefante
OIP-mxtpws70IxH7BgmAml7iHQHaJ4.jpeg,pecora
OIP-MXyipK6U0Jit6RIMB1Gs8gAAAA.jpeg,pecora
OIP-My2eQBBPwXZKSdMBNU52_QHaGb.jpeg,gallina
OIP-My30IDq4Ms56oQYgvYmMrwAAAA.jpeg,mucca
OIP-MyE2livcmJeZpOP6KFBO6wHaE7.jpeg,elefante
OIP-mYNemKPJrdJlwByjF3iZ8gEgDY.jpeg,elefante
OIP-mYS3viiYk_yh599cm8l2xQAAAA.jpeg,ragno
OIP-mysMk7ogsEryhPoTHRBXCwHaFZ.jpeg,cane
OIP-MyXzBgd2fA6jBiAxZx_APQAAAA.jpeg,gallina
OIP-mz--tbYbIhs0xS0wHrwUbgHaEo.jpeg,elefante
OIP-mz7i1LNHrWCH442Dj5a_8QHaGW.jpeg,farfalla
OIP-Mz8CFHQlGQXfsxwEunEyawAAAA.jpeg,cane
OIP-mZJ-QmI7em2wapKLQugPdgHaFl.jpeg,gallina
OIP-MzjEhRugSo9NTQLJYKH8hQHaE-.jpeg,farfalla
OIP-mzkcKXIXsO7rXK6sOJxGGQHaGz.jpeg,farfalla
OIP-mZlS1yCT8SGBx8D2rQiqrAHaFk.jpeg,elefante
OIP-MzTLX6G95lCigdv59NQ9FAHaLH.jpeg,gallina
OIP-MzZXkkE-SgjySwInkCM3wgHaEK.jpeg,gallina
OIP-N-al0FG2HeUuLkC7bT252gHaE8.jpeg,gatto
OIP-n-bdtrs6D_pNXuV99TNdngHaGE.jpeg,mucca
OIP-n-bHpA3RDEIHiPJ0dxlLLQHaFO.jpeg,scoiattolo
OIP-n-bMs1JUDw97kX_3knb5rgHaFv.jpeg,elefante
OIP-N-QK3hfmGvke-z8PAXMwvAHaFq.jpeg,pecora
OIP-n0WVB6yka2fJJuUwJq8vpAHaFj.jpeg,elefante
OIP-n0z3YlypsdZFKCHeNasZXwHaJ4.jpeg,farfalla
OIP-N1_ydMiJVUapYjVp9VleGQHaFj.jpeg,ragno
OIP-n1B1FBrTsIBNjWudAjEGNAHaE7.jpeg,gallina
OIP-N1Cs7wzWkeqzoo9yxVcKCgHaE7.jpeg,elefante
OIP-N1j3WzlCZKqg5sfjXeodIQHaEK.jpeg,elefante
OIP-n1j8mfJUwI3JHQVX3Rr0ZAHaE7.jpeg,cane
OIP-N1OLLgs_Vcjk1ZmWr_FrPwHaE7.jpeg,elefante
OIP-N2TVBBkAok8hJ-Oe03lqegHaFj.jpeg,gallina
OIP-n37p5Iui50HA2TKZgNLniAHaKC.jpeg,elefante
OIP-n3JENbEtXzFKsaGjS1JbKAHaFz.jpeg,gallina
OIP-n3ZH9JY-QoLP9Slhp0cQoQAAAA.jpeg,gallina
OIP-N413ME6mAl4K8kulNOIc1wHaFc.jpeg,gallina
OIP-n4ijky46arDQVr-1tSe2qwHaE7.jpeg,pecora
OIP-N4l1uuETRGAkr-g8jHw39QHaHa.jpeg,elefante
OIP-N4TkThCX2kNaUeOW0nEBTAHaFU.jpeg,pecora
OIP-n54fIIZ7Qc_f2zTA-xD7mAHaF6.jpeg,elefante
OIP-N5bXAy_WsJrlFZrgBGB5xAHaIB.jpeg,mucca
OIP-n5MwdhHMqnHvqUpHcqo6egHaEK.jpeg,cane
OIP-n5SYkIeLMvsN1CJ1Qg6algHaGj.jpeg,cane
OIP-n5WdrR7wycI4oP_18KfGowHaIn.jpeg,gallina
OIP-N6ScGLtrRGnmscAR7OyLVgHaE7.jpeg,elefante
OIP-n6TgkwMRkBA09m6x3cutWAHaFL.jpeg,scoiattolo
OIP-N7ErtR1xbCvwfzjVOsftLAHaFp.jpeg,pecora
OIP-N7f4oCLli4Tr-_VP8sIzcQHaFj.jpeg,gallina
OIP-n7GqdmqSSR2u8Vh-n-X_kAHaEo.jpeg,farfalla
OIP-N7RBsP1zrT2TlTprWazjqgHaFj.jpeg,elefante
OIP-N8Dgv3-59SaPytMsMWZYIQHaJ4.jpeg,elefante
OIP-N8HCaeDE1I2pz4MJZo0dmAHaFj.jpeg,elefante
OIP-n8zCsLyLgrIN88AXEyZo-wHaEK.jpeg,elefante
OIP-n90dhJPengHBDuSM-GNslwHaJt.jpeg,cane
OIP-N9czyXFHOkKEHB9zfhp0jAHaHa.jpeg,elefante
OIP-N9pkOyqHJFGbpu1uoRL8KQHaHa.jpeg,farfalla
OIP-N9sV_xOZMvz4WFnk3HQ5pwHaFT.jpeg,pecora
OIP-N_4Dx4Y_6CJ1INXmLAXowAHaFJ.jpeg,scoiattolo
OIP-nA62pZK8XyisVvY8Po3d5wHaEK.jpeg,elefante
OIP-NabHm0JXEo36gB2yfjgzYQHaEK.jpeg,farfalla
OIP-naF_TbK6KSAqSutL-gxPiQHaE6.jpeg,gallina
OIP-nAHS8sRes7khiP7nz2rhRAHaE8.jpeg,scoiattolo
OIP-NAlkwBmbM-Eab6Aj_LGbIQHaLH.jpeg,elefante
OIP-naMrKrHPLbABLO-JOUIj2QHaJ4.jpeg,pecora
OIP-naREI0PX0YmODMbGAqWM5wHaE8.jpeg,farfalla
OIP-nARmcgc5PT2QusfQ2LP8YgAAAA.jpeg,farfalla
OIP-NArW7ve9bJ-smoXsr6K6ywHaFj.jpeg,mucca
OIP-NAVncQOVgugHmdvfEnFYAwHaJr.jpeg,gallina
OIP-NAZG_vxIJJIJD_pDV-u7bgHaFj.jpeg,pecora
OIP-nb0zUCG9vof34VE-5prshQHaE7.jpeg,farfalla
OIP-nBG3QTmVwvGBG2EJH3AtHAHaIR.jpeg,mucca
OIP-nBh7TvsQW-CfpdwMBXZ7RAHaE8.jpeg,elefante
OIP-nbOWBR8UioTOnvceH6p7ZwHaGo.jpeg,gallina
OIP-nBPmCSV-qaLaromE8r-IegHaFj.jpeg,gallina
OIP-nbY3OW5Hs6dBDTMfJCT7rgHaEw.jpeg,elefante
OIP-Nc4-khftdrZPUS3XrgZ6aAHaF8.jpeg,gallina
OIP-nCCtsGFrGHcgGT5JaxYW8QHaF7.jpeg,gallina
OIP-ncjCZbOw0YeOyb_C7JgllQHaGc.jpeg,gallina
OIP-ncTUIkDi_PgWWEEtcVdtNgHaE8.jpeg,gallina
OIP-nCV_9rgQQuMCskXx9xVQHAHaFj.jpeg,gallina
OIP-nCx92Ig4Q82YyPWaX3KikAHaFv.jpeg,pecora
OIP-NcXjKv6b2P0tG90qBCG9MwHaFj.jpeg,cane
OIP-nCyYjyJ5cowwF4jMoj080wHaE8.jpeg,pecora
OIP-nd_6tOJQGX6jIcwEf-8pYgHaE8.jpeg,pecora
OIP-NDJS-cBWgvkqjt7k2QrtsAHaE8.jpeg,gallina
OIP-ndM_fwsuSCSJhJfxfmoejwHaFj.jpeg,pecora
OIP-ndqWNpxYc7LqYb9HFvfiqgHaE8.jpeg,gallina
OIP-nDSJozWPGg4SA7ghdQGrYQHaE7.jpeg,farfalla
OIP-ndw7kCHxcgGYcqJsPmfCvAHaFP.jpeg,elefante
OIP-NE0Vz3RIECp_5IysIxc3YwHaE7.jpeg,elefante
OIP-Ne8H87YXxaXfIbC86CKpugHaE8.jpeg,elefante
OIP-neAn4kg5cwn_qPag-NrPSQHaEK.jpeg,elefante
OIP-NECs68u019slRrDLZosHjwHaE6.jpeg,mucca
OIP-NEd2xhKxFC0j_-qjmfvXxQHaEK.jpeg,cavallo
OIP-NeiVSq_n663nqEsa92ruPAHaFj.jpeg,gallina
OIP-nEJf1oivUmracZD1nvIx-wHaE6.jpeg,gallina
OIP-NEqPFgKAKtFdExq662PLFwHaGS.jpeg,gallina
OIP-NEVBzvNDX2AR9Oj9M4IASwHaEL.jpeg,pecora
OIP-neWetnKAr-h0CuOaESv4hwHaF7.jpeg,elefante
OIP-NEz3tGremP_ji3zQWUY2rgHaFt.jpeg,elefante
OIP-NEztnGblq2OryuKPiE4l9wHaE8.jpeg,elefante
OIP-NF6TVRmSOLo7E11ipXj7dwHaFj.jpeg,elefante
OIP-NFdzJFRhKE90BBon3zgsfgHaFL.jpeg,pecora
OIP-NfQS0ggE8gk0es7xvpCi0wHaNK.jpeg,gallina
OIP-nFwu-H0TIbha7ZWA9splmAHaEK.jpeg,elefante
OIP-nfYkYwlHp2P2--Q6EByk9QHaFj.jpeg,cavallo
OIP-nFz_XA2amd14CL3ondzHDwHaFj.jpeg,gallina
OIP-NGFXrhlEArtgtYOP9ksHEAHaFj.jpeg,mucca
OIP-NGsUfDyAruZ4AvMoF4TxBgHaHY.jpeg,elefante
OIP-nGtTEtZy3ZEAguoCKZSvWgHaFO.jpeg,elefante
OIP-NH54FjY1hUEQwyq8w3_KcQHaC0.jpeg,mucca
OIP-nH6oqUYMQ6r-9ZaXBMd3gQHaHa.jpeg,ragno
OIP-nHA-dKU8SOs06LTCUJ_4iAHaFP.jpeg,elefante
OIP-nhaiq7vf4qN_78LPJmXMJgHaFj.jpeg,gallina
OIP-nHDC_xUamTSUHvvdxDCilwHaE7.jpeg,elefante
OIP-nhEcvB3F3JPAxCA1f1ZgGwHaE0.jpeg,elefante
OIP-nHGMAbEdy9YebIlf9C-qgAAAAA.jpeg,ragno
OIP-nHIvZDe_bVjgOpYwoB4epAHaEO.jpeg,elefante
OIP-nHjab7wjrv95BCcma4-h9AHaJQ.jpeg,gallina
OIP-nHMUDOvWahctuUZaV18lEwAAAA.jpeg,mucca
OIP-nHOjZESiZMIJvFjjs93EbQHaFc.jpeg,elefante
OIP-nhSG7xinWCywUX7A9HYDLwHaJ4.jpeg,pecora
OIP-nHu3oX2oHdg1DOiR5IwBhAHaGg.jpeg,ragno
OIP-NHw5HbyKqqTB9a_teeWBdAHaFj.jpeg,elefante
OIP-NigAqPEkc0rIPe7AfwV4jQEsDw.jpeg,elefante
OIP-nimSEMtd0p0wU9tblG-UYQHaEC.jpeg,mucca
OIP-nIR2QLi8i3NTwk0N1lLKsgHaGq.jpeg,elefante
OIP-NISeiZQbo4uwcohIOaqQsAHaJ4.jpeg,elefante
OIP-NiWRimuWDiE9XzvBMylnaQHaFj.jpeg,elefante
OIP-NJ3agWIo_6V2DHkg1FmcEQHaKD.jpeg,gallina
OIP-Nj9KAcKrKcOiUH999Pne6wHaFE.jpeg,pecora
OIP-NJ9pzTUqMLcwj-aAx4Ke4wAAAA.jpeg,farfalla
OIP-nJHZxFVrxd-rPA2MdHsDyAHaFj.jpeg,ragno
OIP-NjJEOX2FWhxKPMnFW6MqggHaFj.jpeg,elefante
OIP-nJRVDx8xj_tqghaw8r6hEQHaFj.jpeg,elefante
OIP-NJSdBYvw7tDvFmJ97V7hfAHaHg.jpeg,pecora
OIP-njXDPhcv9GO5O7HfgAlqHgHaF2.jpeg,cavallo
OIP-NJxSxNlfH0bByNqcqt02LAHaHa.jpeg,ragno
OIP-Nk0v1s6G88oZeXWgNAnNagAAAA.jpeg,elefante
OIP-NK6G6DaN1dRZ8pE1SPVtfAHaFk.jpeg,farfalla
OIP-NKHFl8gEWgf-QQO8KMGvSAHaGl.jpeg,elefante
OIP-nkKCuyMVqDG7VoLk7LMnAAHaE7.jpeg,elefante
OIP-NkobmkNapRvd2GWy2lErQQHaHa.jpeg,gallina
OIP-NkRS4TVHA0wgReTxST6NcwHaE9.jpeg,elefante
OIP-NKxgfGuSX9dGvLHG0J1pygHaFw.jpeg,elefante
OIP-NKyywFoBhfOamorhvsgCTwHaI9.jpeg,pecora
OIP-nL0tX4t-HnqdnwtRraajeQHaE7.jpeg,elefante
OIP-NlEkZYlKT95lGQ49Km2yVwHaEK.jpeg,gatto
OIP-nLfpA_mqDXgX0byZGh9MxgHaHI.jpeg,elefante
OIP-nLKMuvVzuNfUyCmGrd14QQHaFj.jpeg,ragno
OIP-nllzM8-KWHur-VnhAqY4agHaFj.jpeg,gallina
OIP-nlndTqJ3-yMotenPowRU9wHaF7.jpeg,elefante
OIP-nLpkFQWXsiykHU6YpxsQtAHaEg.jpeg,gallina
OIP-nlqs4telgLWXygWWL_C1fwHaFb.jpeg,gallina
OIP-NLrPL81c6WXRJr4U-pPsywHaEK.jpeg,pecora
OIP-nLsn2RmZlYLZKmPJLG2MXAAAAA.jpeg,ragno
OIP-NlVg42sdmRFnVGvfMs8YggHaLw.jpeg,ragno
OIP-NlWina6Qowuz_aXX7yBiLQHaFo.jpeg,pecora
OIP-NlzEiclV-T6nv1J6_VvSmgHaE7.jpeg,elefante
OIP-nM-A85Hvt9yQ3nvA2Sv_agHaGH.jpeg,elefante
OIP-nM-kxlZIf6lwqjju-V9ApgHaFj.jpeg,pecora
OIP-nm344R38IPug1lnuFYuVqQHaFn.jpeg,elefante
OIP-NmBKsv9wDMXsQfQ_svIf9gHaFm.jpeg,ragno
OIP-nmBYsWMJDW3Hn7WEScJ1nwHaE7.jpeg,elefante
OIP-nMeQm0IjV-H-0WirChNEGwHaFj.jpeg,gallina
OIP-NMFA7xoLfEumih3NMkv1jAAAAA.jpeg,gallina
OIP-nMGjOGAvsx9JFmQD-TyT-wHaHK.jpeg,cane
OIP-nmHbb_6CBpXThULso1YAHgAAAA.jpeg,gallina
OIP-NmkivSOMmMXODGNv-50b4gHaFj.jpeg,elefante
OIP-NmRPhu0JRTFUwmhy40xmeQHaEK.jpeg,gallina
OIP-nmUAPn6CVqj_VZaCzQgoSQHaFh.jpeg,elefante
OIP-NmZYhCNA7otl7iBIC2hJ-QHaFj.jpeg,cane
OIP-NnAAmAHdDOsdfnso0TxooAHaFj.jpeg,elefante
OIP-NnCUMKTttInBdTbXTqCg9wHaE6.jpeg,gallina
OIP-NNeTOAtbuufcw69JvcPXfAHaFj.jpeg,gallina
OIP-nnIlAFrGDF0xefKBkVpZ-AAAAA.jpeg,gallina
OIP-NnLSg7mPxfkMfyLvGsY9owHaFj.jpeg,gallina
OIP-nnnIiaQDyCzsBULQziffLAHaE8.jpeg,ragno
OIP-NNs8QplJkorWckbGKh7QJgHaE8.jpeg,pecora
OIP-nnTz72hwLlT9NeZwQZMRCgHaH9.jpeg,gallina
OIP-NnVy1MMOvLcdwr2KoN9lRgHaIH.jpeg,gallina
OIP-nny4d7sLEyJiiigo2Gx_RQHaEK.jpeg,elefante
OIP-NNYLSEpf70gz3qQzdbvCMwAAAA.jpeg,elefante
OIP-No4Sty4Vve_lgviQeHjzNgHaE6.jpeg,gallina
OIP-NOBug7DrHccDEluQto2QXgHaJ3.jpeg,elefante
OIP-NoD3zmRLDVd2cNgVuSUGNAHaLI.jpeg,elefante
OIP-nOd5SwUyWFUWZCXLZsQJgAHaGL.jpeg,farfalla
OIP-NoeIHCMvVjjEl1SPAfbp8QHaFi.jpeg,elefante
OIP-nOkJbWdxn8qtCmXRjw5M2gHaFR.jpeg,gallina
OIP-NOKWtTVQjfoNKr77412r3gHaFF.jpeg,elefante
OIP-noM7qAo-oQslAwNbe2nx3QHaFj.jpeg,gallina
OIP-noNQL05QwQ9Dqg_3k_m_uQHaE7.jpeg,cane
OIP-nopyaGynaYjNqHjVELwZAgHaFv.jpeg,elefante
OIP-noV46RClJ3cm2CRQEDzvnQHaF8.jpeg,ragno
OIP-NOWHyvoiV50mqWagJCLunQHaE7.jpeg,scoiattolo
OIP-nOxxXw4-1gSCPQ_VO3QPxAHaJl.jpeg,gallina
OIP-nPeXaxj9Tx_JCShSrRAcfQHaEK.jpeg,elefante
OIP-NpGz9SYEAI0D47f3OU7GowHaFj.jpeg,elefante
OIP-NPJishSjw07XSVmSQW9qcQHaEK.jpeg,elefante
OIP-NpPcbXU4SNIZsjwZUaj0RAHaJt.jpeg,farfalla
OIP-NpQdXTrDR_cgkGrDeuckHwHaHa.jpeg,ragno
OIP-NpyYFebppftMW4aMie9cLwHaE8.jpeg,cane
OIP-nq88Gmr-v5I6HswZNd7EogHaHk.jpeg,ragno
OIP-nQCVfo8zqmzuoyDe1s7ZMwAAAA.jpeg,gallina
OIP-NQCZaBwUeO976CDeerdLtAHaJ4.jpeg,farfalla
OIP-nqeKu7vQHxLMqv74aaJWVgHaEK.jpeg,cane
OIP-nqFY2N2J9aQJ052JjXQ8mAHaE7.jpeg,elefante
OIP-NQFye0KumXkliFWt1Uhg0QHaHa.jpeg,ragno
OIP-NQJJQAdXn5McO6yYBP41BwHaE8.jpeg,gatto
OIP-NqkTgpqZKhQf8CrBsguBNwHaH4.jpeg,gallina
OIP-nQpf8AYS5m9pvgRMrxYyvwHaGO.jpeg,mucca
OIP-NqShktNhhz0lfFFy_wOfHQHaJE.jpeg,gallina
OIP-nqWYiP_m0M8_oLDtnoGVYAHaFS.jpeg,ragno
OIP-nQYMHVZtiyYjG4onbRWjXQHaIO.jpeg,elefante
OIP-NQyVaUdlvP8zKuetfmyDpAHaFi.jpeg,cavallo
OIP-Nr2sdaguAU7EfuxcLhneswHaFL.jpeg,gallina
OIP-NR8-781QJ4ejjJdJWeSgHQHaFb.jpeg,cane
OIP-nResoYxlU51N6Oxblc89bwHaFK.jpeg,gallina
OIP-NRgOmp2HBEVOjiaPvC5zpwEsEs.jpeg,farfalla
OIP-nrgzlal6582ADBu7uCtCGAHaE8.jpeg,pecora
OIP-NRLWkyWgW45GyLT4O3x2gwHaJ3.jpeg,elefante
OIP-nRp0yf_VUycWsiNF5diuLQHaFj.jpeg,elefante
OIP-NrRcS-t3kuIkQr20WiVG7wHaFj.jpeg,pecora
OIP-NRUjTh1gVmO94hutCohaLgHaDp.jpeg,scoiattolo
OIP-NrvRKpy_RPgUWECudCk0_AHaHQ.jpeg,ragno
OIP-Ns4JB5uKeeP95mruVHlXzAHaEC.jpeg,elefante
OIP-NsiVrQQ3x6GynX4N1o3CKAAAAA.jpeg,ragno
OIP-nsWwcJ-4SlXfUN9D-dfPlwHaFj.jpeg,elefante
OIP-nsyEZja8wSOviYsS5tJI3QHaE7.jpeg,cane
OIP-nsZlsmK3yPWRgyETZhqCnQHaE7.jpeg,scoiattolo
OIP-NT4HBmpX-f_lyX__IcFDtAHaHR.jpeg,gatto
OIP-NTdhhbLgoVkxoUtgof1smQHaEi.jpeg,elefante
OIP-ntDuMO47ZX4CY4OymPAQ9AHaHR.jpeg,elefante
OIP-Nth0jEidGsq9kFYyOHka7wHaE7.jpeg,elefante
OIP-Nti36rGu0iI3J-j5pQLxLQHaIp.jpeg,cavallo
OIP-NTkcdPTkrDGyrMR9J0hLVAHaFW.jpeg,pecora
OIP-nTMi-G5vbB8CpudMCglgQQHaE8.jpeg,ragno
OIP-NTqaEJAmqd5lGt-8s7CGHwHaFj.jpeg,scoiattolo
OIP-nTsX_7CzkLEvA0ubicaK4gHaJF.jpeg,pecora
OIP-NTw9yNW5kExrHEdfA02bYwHaFS.jpeg,ragno
OIP-NTWIInYr-vxFETcAYoeEhgHaE7.jpeg,gallina
OIP-nTwv2035XMzUbXVJRfOutgHaGf.jpeg,cane
OIP-NTYIDppfg0oIfZgb2mWDngHaIC.jpeg,mucca
OIP-ntZFDliH9f6AcN_2dxOHkQHaE6.jpeg,ragno
OIP-Nu702xl5xzDc0n4aQ1ne2QHaGw.jpeg,scoiattolo
OIP-nuAoWQU0yMhy9nEY1XRgzQHaG2.jpeg,elefante
OIP-nueIMKu1VYk1y-3DotZEmQHaFj.jpeg,pecora
OIP-nUIeK5lK4qJcUzdG82hMCQHaHa.jpeg,elefante
OIP-NUItjiQdaZRdHD6QqkQWlQHaFL.jpeg,elefante
OIP-NUMZRDppz0-YD3jM9w5-7gHaGL.jpeg,elefante
OIP-nuOK1gz5Hpvb4lh0YVDESQHaE7.jpeg,farfalla
OIP-NUtWUuERSdfS72ocnhO_wwHaF7.jpeg,gallina
OIP-NUY2fjRZfCpfcBUSK08WTwHaJ3.jpeg,pecora
OIP-NUyp81k6QRIUWMpbfVktRAHaG9.jpeg,ragno
OIP-Nv0PXSog7TAhZOSBQcS1wgHaE7.jpeg,elefante
OIP-Nv0U71HT75_9AwMM2gnIWAHaE_.jpeg,cavallo
OIP-nv7-ucuW3yDeN5I13UjTgAHaED.jpeg,mucca
OIP-nV7TSxCPbD9QM9JPRnQuhwHaFj.jpeg,gallina
OIP-NVEzEp7x5pzM9BemLYdyAQHaFf.jpeg,gallina
OIP-NVhgGekbMjUL_d2peg2BaAHaKH.jpeg,elefante
OIP-NvHvghu-xeP4NcQ5tKeegQHaFj.jpeg,scoiattolo
OIP-nVLaJ1lApJZICGj7Xrgi2gHaEK.jpeg,elefante
OIP-NVMRQ6zIDG-qYLjIEyHUpAHaFc.jpeg,elefante
OIP-nvqtoYDYmm18pBaJpzzVgQHaE6.jpeg,elefante
OIP-nvucSJG_Dy5Q733akajPtQHaFj.jpeg,elefante
OIP-nVXHCQ8S2_3JJmmMcAyYkQHaEK.jpeg,scoiattolo
OIP-nWagUlFwrpvhtKP8HPZO3AHaHa.jpeg,farfalla
OIP-nWaY8FI-XgY27fBDJ-OCRAHaIl.jpeg,elefante
OIP-nWDarZWtYqnCD0GS1NdQ8wHaIP.jpeg,cane
OIP-NwDqne1H_DuxIG5EYWnYkQHaFv.jpeg,ragno
OIP-nWGyFq6c0wXVvTWtRFOapgHaE8.jpeg,mucca
OIP-nWJDT67buO_L4bIvIkxXtAHaJ4.jpeg,ragno
OIP-nWRcSSvLtf7TvG2hmsbcVAHaFW.jpeg,farfalla
OIP-nWXEkLF51ahcJ4Ts79S2WQAAAA.jpeg,gallina
OIP-NwZty-acVL-RUwvtGQzKlQHaE8.jpeg,pecora
OIP-NWzvu13ABGHqUXUjz1NGswHaHa.jpeg,elefante
OIP-nx0FoxEwecISiyXgwBHeJgHaLH.jpeg,mucca
OIP-nxQ-7YRVVUN4pOrMCmKjPgHaFR.jpeg,pecora
OIP-nxqjlGdoSI_Ad8wcKaN3QwHaEb.jpeg,elefante
OIP-nxQmrns5Swc_b3FIAB9u_QHaFL.jpeg,gallina
OIP-nxqnbyow-5NOUmgXjkTjkgHaFj.jpeg,scoiattolo
OIP-NXqOzIrtqrdJDNr0Ju5V9wHaEx.jpeg,gallina
OIP-NyoXumeT7hL4Rkf75DjDpAHaEc.jpeg,elefante
OIP-NyRfjWeRkfgvVQvhVomoagHaFj.jpeg,elefante
OIP-NyxFAlazi-wnh4PQcL4g1wHaFj.jpeg,scoiattolo
OIP-nyYNhZ-rwQuwCN_VoxJpuwAAAA.jpeg,gallina
OIP-nz0PDC0FpuPj4CS2R478DgHaEI.jpeg,elefante
OIP-nZ8o-j7gbZUK4q6m7UvGqgHaGK.jpeg,gallina
OIP-nz_f-WoNOxGQPZGtn0czmQHaE9.jpeg,pecora
OIP-nZkrWACFH7FdETNe1hMmSAHaLE.jpeg,gallina
OIP-nzMu2JxU9JzBfNZt_VH1WQHaE8.jpeg,elefante
OIP-NZPZmwdJkxw3ehOTuUi5vAHaE8.jpeg,elefante
OIP-nZSA5AKyttbkcldDU6OdcwHaFj.jpeg,elefante
OIP-nZVgQ2MKamAWQkTr5l9N-gHaFj.jpeg,farfalla
OIP-NzxLhiWzTbTqpBWOw2gn-wHaFY.jpeg,elefante
OIP-o-EodgjQsVUKzC7K7YZLzQHaIr.jpeg,elefante
OIP-o04h17d2HBnERxyWQvq3wwHaHP.jpeg,gallina
OIP-O05BzEsWB-5FlPE-H4oupwHaFi.jpeg,elefante
OIP-O093GO9yD4mulcAgzdIL6gHaGl.jpeg,mucca
OIP-O0_MQjyZFZznZBrc_sJp3gHaE8.jpeg,mucca
OIP-o0_pRMvMkSwLnN1pQHN_FwHaF7.jpeg,gallina
OIP-o0Al9sHXrf9Guj-VkQZHiAHaFi.jpeg,mucca
OIP-o0EDKMipDxlVs9szHSddewHaFb.jpeg,elefante
OIP-o0z2wFzmeix-TVx47WYM1wHaFj.jpeg,elefante
OIP-O1I2JKn63lKUJhvas35EMQHaHf.jpeg,cavallo
OIP-O1M8zEA0UtxDKR3hHOpH9QHaE8.jpeg,gallina
OIP-o1NDKvAKSzUSZcYoPFYfzwHaFD.jpeg,gallina
OIP-o1X2pOmeZb-WxUpc-EZrwgHaE8.jpeg,cane
OIP-O1zz2FeJZr6prtL5fAo4LwHaGc.jpeg,ragno
OIP-O2SUhoexJgAT4tHFqntgGQHaG6.jpeg,ragno
OIP-o2V6S2G87JLtRJ4-M0G9lwHaFj.jpeg,elefante
OIP-O2XL0hqKlrIYZBDgL57JzAHaEK.jpeg,scoiattolo
OIP-o2ZYrM3JqPQkvCSTn91ilAHaEV.jpeg,elefante
OIP-O36qKre1hg--SXGZvOdA5AHaGN.jpeg,elefante
OIP-O3gAIBhn15gCfRtk-9cSSQHaFj.jpeg,ragno
OIP-o3jA54JhNt1HJii1dzUtMQHaHa.jpeg,elefante
OIP-o3wPtM7U6DkaNbdt3KXjbQHaJi.jpeg,mucca
OIP-o43xVB_Hq5SceYmGgjS36AHaFN.jpeg,gallina
OIP-o4DDKlx10QnWkBc4yy4ZRQHaFj.jpeg,elefante
OIP-o4S_IpjxvmzsOCGcQQiBhgHaKN.jpeg,ragno
OIP-O4uQLEMJIMRV-ZVZusFIGwHaE7.jpeg,gallina
OIP-O4xFiKWHZKwCmfnQnQbfSgAAAA.jpeg,scoiattolo
OIP-o4y6llUKxDJJWTENIWZidgAAAA.jpeg,gallina
OIP-O50QKwXnDXa44j3_CjtJkgHaHj.jpeg,pecora
OIP-O50YIKbf4BcMee8_vtYkVQHaFB.jpeg,scoiattolo
OIP-O6226QLF98skMDgLXzf9IQHaFj.jpeg,ragno
OIP-o680fC29DecL5dREuGfjiQHaEx.jpeg,cane
OIP-O7FVRC6nzJm94M7Tjbm7sAHaE8.jpeg,elefante
OIP-o7FZTfAcAvMs8WnHNWIpgAHaFk.jpeg,cavallo
OIP-O7L8bR4ozibFE7t8vLmyiAHaEo.jpeg,gallina
OIP-o7QqvyXzuW2no5ezY1zmFQHaDk.jpeg,elefante
OIP-o7yC0t9wpc4W3QsQF9PGIAHaFj.jpeg,mucca
OIP-O8g3K7NgPenyYP56n37cPwHaFO.jpeg,cane
OIP-O8GJLNNKLwoZL2iRiwHbawHaFt.jpeg,cane
OIP-O8qh-ZMkhyW34URUzgsvXAHaE9.jpeg,gallina
OIP-o8RWXNENkfIf3GSqR1x_fgHaFj.jpeg,gallina
OIP-O8yIonfJK5t1kZuBW3vGPQHaGV.jpeg,scoiattolo
OIP-o99otBswlIB67PPgT_KxfQHaFl.jpeg,pecora
OIP-O9_dfQ1MzlKGnGLJOcwrJwHaE8.jpeg,gallina
OIP-o9_pwBFtbWXNF0dt6I9blgHaFj.jpeg,elefante
OIP-O9_ykliT6QXiPaUgvL7COwAAAA.jpeg,elefante
OIP-O9PyFwhzSYFYQzSC6R3_oAHaFj.jpeg,gallina
OIP-o9syyL6IRhspeslBSOupMAHaGV.jpeg,elefante
OIP-o9xINZ0meghVZ_pQn1yUgQHaFi.jpeg,gallina
OIP-O_3H6uUXh7dKWmA8hMibSwHaEZ.jpeg,gallina
OIP-O_aDfOHgWhmBJJoqRxUR3QHaHa.jpeg,ragno
OIP-o_e9vEyCrNtfuavZtH4KYQHaHa.jpeg,elefante
OIP-O_hLa1oza5Qioth9VICHWwHaFj.jpeg,cavallo
OIP-O_UKJzhNe7f3PfNQmWryVQHaGJ.jpeg,gallina
OIP-Oa4JAA3-cOi3rWX5I0nb-wHaGf.jpeg,elefante
OIP-oA_QE81_zhYyuF_GyFxCmAAAAA.jpeg,farfalla
OIP-oaFLen5RgbZCBp-98OyN9QHaFj.jpeg,elefante
OIP-oAfLxwxcFzxsV-JvuAXJUgHaFj.jpeg,cane
OIP-Oah_NcxDPBObP38IpQekJgHaE7.jpeg,elefante
OIP-OaLqj58xKG6kbqJ_LXrbQAHaF6.jpeg,cane
OIP-OAogQKbvfOivRm4XivDt6QHaEK.jpeg,gallina
OIP-OASA8rIFP0sWj4LpLypW-wHaHa.jpeg,cane
OIP-oAYv_NvQV84dUPhMjR1RUwHaEK.jpeg,gatto
OIP-ob6Jom26pqgHzfu3UuguAQHaF4.jpeg,gallina
OIP-OBIq0f-1zEqFbbVrXUU7mQHaFf.jpeg,elefante
OIP-obMAxkyY8dYeQOtzXGZiCAHaHa.jpeg,elefante
OIP-OBmNP1EbjyYEhd8K1_ll1wHaFs.jpeg,gallina
OIP-oboEkT2yp-EPqqKPmIOmigHaGO.jpeg,gatto
OIP-obS6sUyUja3QlZ5neeJj5AHaJ4.jpeg,elefante
OIP-ObSZXVI1eF-1AyKl97BDAwHaFJ.jpeg,elefante
OIP-oC-R8aapwgjhxSjXHBw7tgHaHa.jpeg,mucca
OIP-oc9FaKXFOnZ8-jf-6E6JQwHaFE.jpeg,mucca
OIP-OCCjqQ5tNo9bjXhbG_Kk_gAAAA.jpeg,elefante
OIP-ocFKkjTDalOUB0fqLukScgHaEc.jpeg,pecora
OIP-ocMEfzca_k_4hzxUaHc7VAHaE7.jpeg,gallina
OIP-OcmQT9cHpPICjomPC3ysCwHaNb.jpeg,cane
OIP-oCqW-N_fD-GPeCFqyDNMPQHaFj.jpeg,gallina
OIP-octqy8aOmeqMUldeqQk4pgHaE5.jpeg,elefante
OIP-oCu38Msx4ci3r2sSgH-YLQHaFA.jpeg,elefante
OIP-oD1EP99FvKkUj_9ijDbHZQHaEK.jpeg,gallina
OIP-od77UVNahRWRSy_eyrwibQHaE8.jpeg,scoiattolo
OIP-od8yQY2ZQCOYdB9E0EmpTgAAAA.jpeg,gallina
OIP-odge29nCTeExpyeL8HIesAHaFj.jpeg,gallina
OIP-ODMAbRN3VGq8KMdRcIT_wwHaEX.jpeg,elefante
OIP-ODnhmC4SjGMRQ-x5XRHg7wHaFD.jpeg,gallina
OIP-ODQuuuTKTsX7evGRvx23pgHaFj.jpeg,elefante
OIP-oeb-vuedLuSWkSQyM6X0hgHaFj.jpeg,elefante
OIP-OEb45J8lOaGzCjBwr_h8WQHaE6.jpeg,scoiattolo
OIP-OebTmLaZ3_uTAsNt2C41QQHaH4.jpeg,elefante
OIP-oEFHycgco9RcL5zUybfHsAHaE8.jpeg,mucca
OIP-oeGXl68hITpaJaTsejBJlgHaFv.jpeg,ragno
OIP-OeJRQpXAI5cvKKWT45EeKQHaJ3.jpeg,elefante
OIP-OEkg_Z9lOw9vTizTAGlDCAHaHa.jpeg,gatto
OIP-OEP1TP1pNaW8dQoqXnZRNAHaIP.jpeg,elefante
OIP-OEuqvYL5UBTaNq4STfy9tgHaFk.jpeg,gallina
OIP-Of1g6SbQpeUg0UqXHqfyMQHaE6.jpeg,gallina
OIP-of5IHG0f_IqqRoJRMV8nEgHaEK.jpeg,mucca
OIP-oF6iZked6xLXJPVt_WO5EwHaE8.jpeg,farfalla
OIP-Ofe086_oYegXA8IDXwkoTAHaFc.jpeg,gallina
OIP-OfHO33UBfgfUZ2523YytzwHaEK.jpeg,elefante
OIP-OFK88Fzh5L3gCUjTm2d1HgHaE5.jpeg,gallina
OIP-OFLSUtD7ASLT5_yu7WvSKQHaE8.jpeg,gallina
OIP-ofPwrcLq_iP3EsgLn_SZtQHaEo.jpeg,gallina
OIP-OFrnDZP_biqIx74M-9m5ygHaFL.jpeg,ragno
OIP-ofWT1Ycryb1AkRnsaBxtggAAAA.jpeg,elefante
OIP-Og2UqInx6FRHMaOX5188nQHaE8.jpeg,pecora
OIP-OgBq_e9VFgDSgzV-wKKVLAHaFj.jpeg,gallina
OIP-OgdPHedwaw8kKmOyxEJpMAAAAA.jpeg,gallina
OIP-OGL8sWVATJXoq2V1GPbwkAHaE8.jpeg,elefante
OIP-ognaNzbjNCPyDKFGzSXisAAAAA.jpeg,gallina
OIP-Ogt5Yd8OuitnziQ1Zjc-uwHaJY.jpeg,gallina
OIP-ogU_sIY2Ahhtdy06GLDFtwHaFj.jpeg,mucca
OIP-OGZycjSiWIhjqvgKnGuyJQHaFL.jpeg,ragno
OIP-oH4JBT6ciRDeYu-vWxb1dQHaFj.jpeg,elefante
OIP-oH9D2UZBOCqqQQKh_BWrYgHaKI.jpeg,elefante
OIP-ohA3CWiD50_xxseojpj7QQHaFO.jpeg,elefante
OIP-ohKu8GPhBkYU6uI8kTg_1gHaHa.jpeg,mucca
OIP-OhrgL5EVqyIu0hXQisuufQHaIw.jpeg,farfalla
OIP-ohSYRMyf-TqRGCRcAUM39AHaE9.jpeg,scoiattolo
OIP-OhUXqwezMaZ2erOM82TWDgHaFl.jpeg,elefante
OIP-ohXjRgMzAeqc8f4saZdv-AHaEK.jpeg,scoiattolo
OIP-oI8tHSGL1xwgoz_a0DZkqAHaFk.jpeg,gallina
OIP-Oi97_p0gYb0OFNH7k6dJWwHaFs.jpeg,elefante
OIP-OIc6uKm6_oyKd6XCNRDNUwAAAA.jpeg,cane
OIP-OIKsfb5hNRBrkMHeQSULFAHaFj.jpeg,gallina
OIP-OiL-oQIt6IFFNBVUZa05lQHaE7.jpeg,elefante
OIP-oIlmoudioAhWTXWR_H9g-gHaE8.jpeg,ragno
OIP-OioIXZuufQH2Qj4Eq9TUnQHaFj.jpeg,cavallo
OIP-OIQkH8OzEm2VGqngEYCX6QHaFj.jpeg,mucca
OIP-oiqsTjKTEuAnH5FaHuPOlAHaFj.jpeg,cane
OIP-oiu_CIOCLUN3wJJKHBLrTgHaIq.jpeg,pecora
OIP-OIW0B2FRl-N9rMCAwtJfbAAAAA.jpeg,farfalla
OIP-OIzzw2S0yESmXWuREKZJYwHaFj.jpeg,elefante
OIP-oJ8napQN6zLA5MG3qOI20AHaEK.jpeg,farfalla
OIP-OjAGGJK9HNU0cnjx8buPzAHaFS.jpeg,ragno
OIP-OjF3gV0GUU5BsFYHGh5FTQHaJ4.jpeg,gallina
OIP-OjfcrBeDKaReb1qnZfQm5wHaJy.jpeg,elefante
OIP-ojfdg0O6HgnbJpFXWF6DugHaFU.jpeg,elefante
OIP-ojoaMC7rMilcFA8AKb5XYAHaGQ.jpeg,elefante
OIP-oJoeI32DzUKM0K4jASy3WAHaHZ.jpeg,pecora
OIP-oJTJZ67gJlPuvWx-0-fjiwHaE8.jpeg,gallina
OIP-oJU7dv0kgpVyFSLeEXdBngHaEK.jpeg,elefante
OIP-OkjoEgD4KhqG__wot88cdwHaEH.jpeg,elefante
OIP-OkNLhataJD8FpFJziqcMlAHaFj.jpeg,elefante
OIP-okTv-lxcJ5cZok80J_6eUwHaHZ.jpeg,elefante
OIP-oKvzg4-OO8KqbmXjtHdA0gHaFX.jpeg,pecora
OIP-okXtN6JGsfz78QJD7LkFMwHaFz.jpeg,gallina
OIP-oLc1YcLCOftRTwaS_HSKJAHaFj.jpeg,gallina
OIP-oLiF5jTTqRLfMXn9Zoe4mQHaLv.jpeg,mucca
OIP-oLKcaUjgSZfNIHDKZdG7SwHaIm.jpeg,elefante
OIP-oLNkIisMkunjuOhw7w_AIwHaEI.jpeg,scoiattolo
OIP-oLWAY5-MbIJKuJxJjKupMQHaH4.jpeg,elefante
OIP-olx7odZgrOxtGxhhyzkkigHaD1.jpeg,elefante
OIP-om104VErnosd58tamzN3hAHaJ4.jpeg,farfalla
OIP-ombNF7gYN8wpi23ckTfZMwHaEX.jpeg,scoiattolo
OIP-oMbRtciQ6_Z8h8uE0_9ErAHaFj.jpeg,elefante
OIP-OMCZnF9poWMitOgOUh0suQHaE6.jpeg,elefante
OIP-oMD72T1nmlaZ4_P6YZqnhwHaLH.jpeg,cane
OIP-OMj-99F-FpX7ccZxiW5p8wHaHa.jpeg,scoiattolo
OIP-OMKBcIGY7h9TJoTdoOC9LwHaJt.jpeg,elefante
OIP-oMkfn8MzrioQ_rhSge11mQHaE8.jpeg,ragno
OIP-oMlf3Wyyu2bEgPl_16HajgHaLH.jpeg,gallina
OIP-oMomoTZ71hAQRycPYaPJggHaHO.jpeg,ragno
OIP-oMtjbxfkXYd1nUtlbsI6jAHaHa.jpeg,ragno
OIP-oMvfVKHfhIePZkWJ0kZgxgHaE7.jpeg,gallina
OIP-omw6K28elR_APsq3CtgPbgHaKF.jpeg,scoiattolo
OIP-on1EKnz0x4wrWx-hyFuxxQHaFo.jpeg,farfalla
OIP-on7G8qFNpE1cvAHq4xB40gHaEs.jpeg,elefante
OIP-oNCm5v4YI3pcIyGjJurmFAHaEz.jpeg,elefante
OIP-ONGt9rmw2L13rFoNTfNpTQHaFD.jpeg,cane
OIP-oNNveLFxlv24tnHGrRP5VwHaE8.jpeg,gallina
OIP-ONo60yHYUmBZaU_TxmB3dQHaE8.jpeg,scoiattolo
OIP-ONt2m715_MKPlBDzSl8HtwHaEK.jpeg,cane
OIP-oNUWkG9mZ-Z-4GAhD-DSVgHaHa.jpeg,elefante
OIP-OnwflbybLd5ge-GGkEDpuAHaFS.jpeg,elefante
OIP-ONzNPD-FvC7lUxkk3yM1BQHaE8.jpeg,elefante
OIP-oo4DQZ16yDXT7Nd05tM6CQHaEK.jpeg,farfalla
OIP-ooBNDR_YwUlTmIg9Gf7eHwHaE7.jpeg,gallina
OIP-oOD92-xK5XQ0qX4UhjQJugHaHN.jpeg,ragno
OIP-OoDT-oN-R1MHE75lH_QhjwHaE7.jpeg,ragno
OIP-OOEbUj8Ivv7KpMvw3CMOBAHaFj.jpeg,elefante
OIP-ooEeNkVMpg8oDUPZ7yUMmQHaE7.jpeg,elefante
OIP-OOGHuzQy0ZZ1eDY4w5ds4QHaFw.jpeg,gallina
OIP-OOh1izHVzSwrRFV8O-RXeAHaGj.jpeg,cane
OIP-OOLX7PkPf2XapORkhBlkPAHaGn.jpeg,cavallo
OIP-OOY7Uo--av2V1IpGpu8yHQHaE7.jpeg,ragno
OIP-oOzNI7rYy01aKmLYvXMpywHaDe.jpeg,cane
OIP-OPC2rKNOZfSJVxNFOQjoswHaE5.jpeg,gallina
OIP-opFk8kzWmz7xXf8utA7xzgHaF3.jpeg,mucca
OIP-OPiUFP8T0aZYRoIvkOn1LwHaET.jpeg,cane
OIP-oPpE3L2WrMtsciJ8yhaPrwHaEK.jpeg,scoiattolo
OIP-oq9aYIPngwp6Fox2EU4B4wHaFL.jpeg,cane
OIP-OQbn_tJql2s73K3ollAsCQHaEo.jpeg,gallina
OIP-oQcXqt7mKqAUZgktr3sq8QHaFj.jpeg,cane
OIP-OqIpayifMZ-MbwGW5EauMAHaEn.jpeg,elefante
OIP-OR0H8BIXHCgLUL-tVe7d1QHaF8.jpeg,elefante
OIP-OR6WQZP5qBMWkBfCS3j-LQHaGC.jpeg,elefante
OIP-orCRUX1Cc4WcGCM26v4sLAHaE9.jpeg,gallina
OIP-OReTIh1Tz1D5OnscQPnsIgHaGL.jpeg,ragno
OIP-oRHfri5MGeriQgd27KYgCgHaE6.jpeg,gatto
OIP-ORk5pCndMN_WIUcFePAlQwAAAA.jpeg,gallina
OIP-oRoEHRJafHVgndnlljcakQHaFj.jpeg,mucca
OIP-oRXbez1ZQSVIpIkJkRTDSQHaGv.jpeg,elefante
OIP-orXkrn3pJ6ShVWyzjyJBIgHaE7.jpeg,gallina
OIP-OrZ9ASU3afPzfFkoKAdSoQHaG3.jpeg,elefante
OIP-ORzb5WdQGDqny-BR62MKxgHaGs.jpeg,mucca
OIP-OS-xsSnhixQrvA2LyFhLowAAAA.jpeg,elefante
OIP-OS2WRNo_FRNeBWp1pQBH5wHaFs.jpeg,pecora
OIP-OS4L0V9YQvPlZEupXh7shwHaDY.jpeg,ragno
OIP-oS9vHO8X0sHbqZQJ3j84OQAAAA.jpeg,mucca
OIP-os_uHCMylbE0zgxbfvXsEgHaFj.jpeg,gallina
OIP-OSaXmEbZvFL_4lC_r4dMowHaFK.jpeg,gallina
OIP-OscfxJ_StU3CejUo-M_NzAHaFZ.jpeg,cane
OIP-OsGU48X53MKK0oQLro-HxAHaFc.jpeg,gallina
OIP-OSIblIpWoRmm5mzx182-YAHaGt.jpeg,gallina
OIP-osK_OrEcaOblm-6P_oFI3wAAAA.jpeg,elefante
OIP-oSkFGrwRT45pEO515fFkjQHaE6.jpeg,mucca
OIP-osN5iKZzhkmbumy0XNDzRAHaLH.jpeg,elefante
OIP-OsnKB6clpniI7nvtjUIuQAAAAA.jpeg,gallina
OIP-osqm8lBBBypoAB8w3rq0_QD9Es.jpeg,gallina
OIP-OsTZgiWvxsAw1uQSyAfLBgHaJ3.jpeg,elefante
OIP-oSwLXe533nEmwB7OMW8BngHaFz.jpeg,gallina
OIP-OszLpf1pm2plOT4SIdL8eQHaEK.jpeg,elefante
OIP-OszM8VyiW1GT8pEpZJmDXQHaFj.jpeg,gallina
OIP-Ot0lxm8xFqdN4kQ6tm99pQHaFS.jpeg,elefante
OIP-Ot2vhWB-9xAJPCBKPqh2mQHaLa.jpeg,gatto
OIP-oTlquFKx0Llu-RkDRlLDKgHaJK.jpeg,elefante
OIP-oTNTzGzTAm3jSjjSsVxGnwHaF4.jpeg,gallina
OIP-Otol3-DItJFvXU45p5EGLgHaFj.jpeg,elefante
OIP-oTsFiYjmLUYt9vpAGF9BugHaJx.jpeg,elefante
OIP-OTWZnNVqR7oCw_X3pgyYkQHaKB.jpeg,elefante
OIP-Ou74Fo6-Am_58a6lZraWHAHaFs.jpeg,farfalla
OIP-oUa4jRCAtOlyTIrIvJUnWwHaGe.jpeg,gallina
OIP-Ouo5H33j-vIExceWpQ8lUwHaHa.jpeg,gallina
OIP-OuTz4leegSjBo64gkUH4cQHaFj.jpeg,elefante
OIP-OuwrXXQ8MKuEFKlBOP10nQHaE7.jpeg,ragno
OIP-OVhqUrhhhJK8uN6zZp0ISQHaD-.jpeg,cane
OIP-OvTnSlsozZM6aMQ-rYKMjAHaE0.jpeg,scoiattolo
OIP-OVur9SZc2mOXdBIzyoLniQHaFk.jpeg,mucca
OIP-owADIx_NnTv1oV8wrPx7jwHaHa.jpeg,gallina
OIP-owdI3zb2Mhzq5B2j0h6GsAHaEy.jpeg,elefante
OIP-OwhttdsaTaFaGyYUdmDVVAAAAA.jpeg,elefante
OIP-OWkTh4E9bCMIBaeA1V7cCgAAAA.jpeg,mucca
OIP-OWo6M7Of6hTDhzPDal2S1AHaJ3.jpeg,elefante
OIP-oWTuP9VC_qp-ooAC6icv2gHaDu.jpeg,elefante
OIP-OX9ithi60YFPjIHli7E70wHaKD.jpeg,mucca
OIP-oxBjldXQMMrOT9tBk9_GPwHaE6.jpeg,gallina
OIP-oxE-_hr0AEcLKXsbzPQMggHaE9.jpeg,gallina
OIP-OXNwuHlwUVopvVMLjEeE3ADjEs.jpeg,ragno
OIP-oxrNYkdgENLqt4udTuQVugHaFj.jpeg,elefante
OIP-oxxs3OLOowACIabfsmvtlgHaE8.jpeg,elefante
OIP-oXYeRuMuFaF0L27nBE-daQAAAA.jpeg,elefante
OIP-OYdK9EXC8qd6xGSsDUDVbgHaE7.jpeg,mucca
OIP-OYiw3mHST-DFBsnK1LdVhgHaE6.jpeg,elefante
OIP-oYpAwJogIPmMb62wQqx3OgHaE6.jpeg,gallina
OIP-oyzaR-fLTqZRhdBIA9EmUwHaG9.jpeg,cane
OIP-OYZPvbStzYajHxp6AgjSQQHaFj.jpeg,elefante
OIP-oz4pGWhUzkZY9Na0eKGr_gHaEu.jpeg,elefante
OIP-OZ9O6F3LSb1-qb_WvbucJQHaFO.jpeg,farfalla
OIP-Ozdbmh5kI3n4GWH0ni98aAHaFb.jpeg,mucca
OIP-oZfdfpzcdPP6wZD_shnoTQHaHa.jpeg,cane
OIP-ozHNch6cvvdRY3UECPTukgHaFj.jpeg,elefante
OIP-OZrVvjNR6xHUIzwK70OMRwCoEs.jpeg,elefante
OIP-Ozz5EbRBqWP0_bK4cSvTXwHaJe.jpeg,gallina
OIP-P-nyyrAwJyj5euCchBPVUQHaFj.jpeg,elefante
OIP-p-rkatkx8b8G3kUvL1GasAHaD0.jpeg,cane
OIP-P-SD3cR7KuMdZTHmyLErlwHaFj.jpeg,pecora
OIP-p-u1YKCWvGMs0Db2T4UbQwHaFj.jpeg,ragno
OIP-p-wNDrim31e7v7Lax5WMywHaHa.jpeg,pecora
OIP-P-xDbclXqdgQHuxBB0VzAQAAAA.jpeg,elefante
OIP-p-zAFVQBr4E2Og0Yke4JCgHaFj.jpeg,elefante
OIP-P087iVg5Ib1X46TWQclLiwHaE8.jpeg,gallina
OIP-p0GHsW2yN6_mWOIeIgK19gHaIp.jpeg,gallina
OIP-P0HWdgC_12uxLkWuOkuQqQHaFL.jpeg,gallina
OIP-p0IR2yzXN0e0sEm6y37QUAHaHa.jpeg,cane
OIP-p0Z8cbKSRjfLtZuVQ6GBGAHaHa.jpeg,gatto
OIP-p1gOTaRiqekszTyouwfThgHaFj.jpeg,pecora
OIP-P1ogNRZiEUZqmXgUr2EibQHaNK.jpeg,elefante
OIP-p25W3UCh9cdRk4w7RmvjbAHaFS.jpeg,elefante
OIP-P2_7QmIkCB2-ZF14oRz1TwHaFj.jpeg,cavallo
OIP-P2tv0XM_koL73268qeIhMgHaE8.jpeg,cane
OIP-p3-r98PajoI01F3FRYGq2AHaFj.jpeg,gallina
OIP-p3_pU1STLNrT5zm05ZqH8AHaEA.jpeg,ragno
OIP-p3BRjsGjRZREpC7RDVYZSQHaF1.jpeg,elefante
OIP-p3clBiD6p1DGyXXF5OBTkQAAAA.jpeg,gallina
OIP-P3gSEkn73iN7Kkt_TItUiAHaEu.jpeg,elefante
OIP-p3W025CwtJphmbMY4WBD1QAAAA.jpeg,elefante
OIP-p42jbZosQ-lsEbCR5YncIAHaEo.jpeg,gallina
OIP-p4ifyEpq_1CNleQ0xQ9oNgHaHa.jpeg,gatto
OIP-p52lE_nOv0N2o_OSh6SHIwHaFD.jpeg,elefante
OIP-p552W5LZRolOGiO2m--FtQHaFi.jpeg,gallina
OIP-p56JyzUbgZG3OPjGN5iO9gHaEK.jpeg,gatto
OIP-p5_5jrCx9w15Hcc4fwPcigHaIK.jpeg,elefante
OIP-P5DM6QGaeI7ihKMBHrqEgwHaFT.jpeg,gallina
OIP-P5oUhp9zDeAKs1smXhHRawHaFj.jpeg,ragno
OIP-P5tkydubRep3tE60F8LahAHaHC.jpeg,cavallo
OIP-P5VcpxooSmLViKu1jFpI_gHaE6.jpeg,scoiattolo
OIP-p5zGhWdBgcBQwO2h7WtwuQHaE7.jpeg,elefante
OIP-P6CowKfeOCFozJyzEOkJbgHaFj.jpeg,gallina
OIP-P6GUm0zs_WgKhVUXDUQ4JAHaHG.jpeg,elefante
OIP-p6SRgpaaUnSjDx-cDRqU_wHaEo.jpeg,gallina
OIP-P6zhEiAopCUUAhYSTLcTbAHaFS.jpeg,ragno
OIP-p8b4Tdm5hbwFth0QRPWGsQHaFl.jpeg,elefante
OIP-p8dIhZFxKBOK6W51yA8S4AHaFA.jpeg,elefante
OIP-p8o7y_T3D00yPh28csp1rAHaFk.jpeg,gallina
OIP-P8ts8T0J5pZLnsKQJWRvzAHaDm.jpeg,gallina
OIP-P8Z0qg-Is5jFetmonXuBlwAAAA.jpeg,elefante
OIP-P91O2PA45yMI-6NAyBiSsQAAAA.jpeg,elefante
OIP-p97M1vw-1yjt60TFuTWpygAAAA.jpeg,gatto
OIP-p9e0NQ72QRnO3zF7GsXdawHaGm.jpeg,elefante
OIP-P_44aNgeucQmsOjnE2qnMgHaEQ.jpeg,elefante
OIP-p_6y6l99CqiwxAilVzB1YAHaHo.jpeg,elefante
OIP-P_StFxcLGYGXnNUaBBxo-gEsDh.jpeg,elefante
OIP-P_zZnvdPExdete9NbUHPSwHaG9.jpeg,cane
OIP-Pa248G9baCiVY0QYjT-YoQHaFl.jpeg,elefante
OIP-pA3dK30iP00hOnvUC2MOJwHaHV.jpeg,elefante
OIP-padTzHGqx_RpKoC5z0m0VwHaFJ.jpeg,gallina
OIP-PAeHEKZDJW11sJMG95BlcgHaI5.jpeg,elefante
OIP-PAF698yO9AWmUISBmI5B5wHaFc.jpeg,ragno
OIP-PAGRuC7D44Ddmc9c4NcIRAHaE8.jpeg,farfalla
OIP-paGwrXmyq7gQnbpZ01Rx5QHaFj.jpeg,gallina
OIP-PAiw1VmPtk_bOijzzVMvJwHaE_.jpeg,elefante
OIP-PaM7RrBQ1NGeNuB7lN-V5gHaE0.jpeg,elefante
OIP-PAocXRY3Qiz83i9rygD2sQHaGL.jpeg,elefante
OIP-paP5kFpqhdp-D4oHmxYS2QHaEu.jpeg,farfalla
OIP-PaViMqGgP9p2j-eew-NbgQAAAA.jpeg,cane
OIP-PAY726MdFgbqKDGcIVoNFQHaFj.jpeg,gallina
OIP-pBc9q6csehRoPgYUriTVyQHaFj.jpeg,gallina
OIP-PBJSMPZ-aLJvEMd4oAT1IAHaNK.jpeg,elefante
OIP-pBKTmo0O1YtGPALMUQml9AHaE8.jpeg,elefante
OIP-PBl1NmqtKOS0jJacu-q5rwHaJc.jpeg,elefante
OIP-PBM6Zxen4xbXttXv56WwOAHaE6.jpeg,mucca
OIP-pBo0QRT7aQ2YOKtXiEeR_QHaGY.jpeg,mucca
OIP-pbo4jZtroF1c2o3oYKKXzwHaF7.jpeg,elefante
OIP-pboMZyd7ASAVUhAKqvoYwwHaFo.jpeg,gallina
OIP-pbOrf3-ajjPFchdhFSownwHaFj.jpeg,elefante
OIP-pBpo_9uRCpeTXcpDT2ZNwAHaLI.jpeg,elefante
OIP-PBpY2VUkcZmk17DqdXdfGwHaE6.jpeg,elefante
OIP-pbWCjMLYWbHxFVAvQ4KmNwHaFj.jpeg,elefante
OIP-pByZIsB90zjCt4DkqmqG0QHaE8.jpeg,ragno
OIP-pC28eblxb_ae24KaIlVkbwHaE7.jpeg,elefante
OIP-PccK4IsQWfgehq-hLOqx5AAAAA.jpeg,pecora
OIP-PciAjhW7kq6WZT2w3T8V6gHaFj.jpeg,gallina
OIP-PcIKwHOoM_Laim-ttVxaJwHaFj.jpeg,gatto
OIP-Pcr4UUzMoYYs9nm5gZpGwAHaJ4.jpeg,elefante
OIP-PcW610RjltwKt-c0QqRYqgHaFj.jpeg,farfalla
OIP-PD24gj1TBUPL_ZGwykBCVAHaFS.jpeg,farfalla
OIP-PDccuIemSfo5ErsujM69gwHaE8.jpeg,mucca
OIP-PdCyhw1I2UGTOkykUGsawgHaFj.jpeg,cane
OIP-pDfJJfatzKLMPXT22lXGuwHaFj.jpeg,gallina
OIP-PDgV-3WzQYNh927gCN19pAHaHa.jpeg,gatto
OIP-PdGwmM0tUThLkXi5w9EJCQHaLH.jpeg,pecora
OIP-PdhkAW0EpslON9I7jckNvwHaGK.jpeg,ragno
OIP-pDk2kEfL2a-8O5dRLCzFjQHaFj.jpeg,gallina
OIP-PdmQgC6PllU7zc3LF8rOpwHaFj.jpeg,gatto
OIP-PdNY9aljYXeNui6DW6cnDQHaEc.jpeg,elefante
OIP-pdpfVEW2lOCZwKLfuia6mAHaE8.jpeg,ragno
OIP-PDQWQW-6SN9_cwzcRntUfAHaIv.jpeg,elefante
OIP-PdU3qT0EktKCf4T2oI1BiQHaHa.jpeg,ragno
OIP-pduWSNfVsRQ76vhUP00RogHaFK.jpeg,gallina
OIP-PdzGeDdG5Aw1Ohvs0HjtuAHaHa.jpeg,elefante
OIP-pe1pfzQ8qKuVuxThJPoDhgHaJa.jpeg,mucca
OIP-PE7-Vr27QeG6WA6cEFuZKAHaEK.jpeg,elefante
OIP-Pe94SyM2IzqFOw_0jENXIAHaEi.jpeg,elefante
OIP-PEBuRgbPaRCTri_o6MPbEAHaFj.jpeg,gallina
OIP-PeDuCylUL_QzFgvxRlx3uAHaE8.jpeg,cane
OIP-PEK1M2fFZPXxwM6KPl4vWQAAAA.jpeg,mucca
OIP-pfEECRxFpziBYMJO83frugAAAA.jpeg,elefante
OIP-PFeEDHzfg-4J3Xq687vluwHaFB.jpeg,pecora
OIP-pfmTgNsNtHHJf1sIvVeVsAHaE8.jpeg,elefante
OIP-PFsL-KNZKPdvoJkyhbnIZAHaFj.jpeg,elefante
OIP-pfz-KV7jE1lpuF8QXoJ9zAHaFs.jpeg,gallina
OIP-PfzazZlyqJs4e-CIlPrQOAHaFj.jpeg,cane
OIP-pg0HkvssC6TWvWdPDCWEuAHaIJ.jpeg,elefante
OIP-Pg5r7fS5oMEtdpU_9wyf0wHaEv.jpeg,gallina
OIP-pGBUmA_pMdq3DPT_L4ukHgHaFj.jpeg,mucca
OIP-PgdI_Jn9HMoE7sLz1rZpKAHaG6.jpeg,ragno
OIP-pgKGw6p8u_U9OhWPwPjk0QHaFu.jpeg,elefante
OIP-PgOOMwgl4Urk9YAdiMU4SQHaLD.jpeg,cane
OIP-pgr3KqMPdE2IGiywOkCykQHaHE.jpeg,gallina
OIP-Ph1azwIZRdJQL7rWMiGXtgHaFS.jpeg,cavallo
OIP-ph2erDk8EP1rAzbSM5dkgQHaE7.jpeg,elefante
OIP-phBKpduSPQDWpfvM_Cp29gHaFd.jpeg,pecora
OIP-pHe7-D8V7VzN8qUi5yoaJAHaFj.jpeg,elefante
OIP-PHgD7f9-QxOf3tOA240cKwHaFx.jpeg,ragno
OIP-Phh-Yj0bpf6hC0eb3PoIGQHaFA.jpeg,elefante
OIP-PhjNyP91ieR0SmoUMNQ00AHaDf.jpeg,elefante
OIP-phOHq4mOMUiQRLEaoWARrAHaFj.jpeg,elefante
OIP-pHSwjkjxLR1lFTVAu98UjwHaE7.jpeg,gallina
OIP-PhV7DMeuysGNzQuwT2tUQQHaKH.jpeg,gallina
OIP-pI0aXZLm4bTTCN0BEur3TQHaFb.jpeg,mucca
OIP-pI2KhqvY6pSvgDrRsJY_yQHaJd.jpeg,scoiattolo
OIP-PI_iOpPbRtXT6fF9Xex0QgHaEo.jpeg,elefante
OIP-pibNhK8eu_PuwTuJzA6SngHaFj.jpeg,elefante
OIP-Pii00FjIMiDIpUWjgMVBFgHaJ4.jpeg,scoiattolo
OIP-PiNbVELtPCCRqgrAriWupgHaLG.jpeg,pecora
OIP-pIoabY8ILJgaiijicImt-QHaHA.jpeg,elefante
OIP-pIR90C0Mcc6J47BxPWGjrQHaH3.jpeg,farfalla
OIP-pirS96dxeIcXrFhzkvgZ6QHaHa.jpeg,elefante
OIP-pIYXzzLENXPh5KhXsKzlIQHaE8.jpeg,pecora
OIP-piZW_INg7rKRgZCVHRgg8QHaEz.jpeg,ragno
OIP-pJ8LUJyzccdD224yIr5gBwHaFj.jpeg,mucca
OIP-pJenRdITx58ufuPkWH4jSwHaGB.jpeg,elefante
OIP-pK0pSo5Ds9bqCYfYosc3awHaFj.jpeg,farfalla
OIP-Pk0YTQEtHUfBFNefGUe9LAHaEK.jpeg,elefante
OIP-Pk1BzmOVv2XvCQM14SG5PQHaE6.jpeg,gallina
OIP-pK3P9_hyyNmBkIJf95RxKwHaFj.jpeg,gallina
OIP-PK9XqQI-dkIDwRoE3xjASAHaFj.jpeg,cavallo
OIP-pKEenEJDmN2kUZAMEDf0PgHaFL.jpeg,elefante
OIP-pKk0Vy2xNOwA1fo6UwyzCAHaEo.jpeg,gallina
OIP-pKkExC4OYjlOio_ZryQbsAHaFT.jpeg,elefante
OIP-pKlx9Pvfqjgyc4_2ica5VgHaFS.jpeg,gallina
OIP-PKoOOuI5COM5fm1CjOHU4QHaEA.jpeg,cane
OIP-pKPsMYR7CkVcrAwwbPJGHgHaE8.jpeg,elefante
OIP-Pkv32UX4FTM7qacRYChkCwHaE8.jpeg,elefante
OIP-pl5WWNh6F8-It0-DVxrlSAHaJT.jpeg,ragno
OIP-pLC-ApoT8QwD-tCfayZ3MwHaLG.jpeg,elefante
OIP-plLzB5YB4zvZAWBaBpjVxQHaE7.jpeg,elefante
OIP-pLOCyNPoq26CVQu46enERQHaE7.jpeg,ragno
OIP-PLQhFrSGQHtnMkSuM4_ydAHaDP.jpeg,farfalla
OIP-PlqQ16JMCuP8SLpV2l3_AwHaFj.jpeg,elefante
OIP-pLuLUIWHllNRqFqteZkcrQHaGf.jpeg,farfalla
OIP-PMAMVybeO2tkhI69800qMAHaKw.jpeg,ragno
OIP-PMHPhiGUpzTSdzhAKakL5QHaEK.jpeg,gallina
OIP-pMKTlwtVjB8SW70q9lnvcAAAAA.jpeg,gallina
OIP-pMp402BhDWSX1UWpPatxGQHaK8.jpeg,elefante
OIP-pn-zLyrrLaH4tUyiYIGRBgHaFj.jpeg,gallina
OIP-Pn0xj7GZaRlkxKuKZO0F2AHaFj.jpeg,elefante
OIP-pn17z_GU4ClE78anrZKKXAHaE7.jpeg,ragno
OIP-pN4eIQXYXH9VnCBTpUONPwHaFj.jpeg,gallina
OIP-PN7gYP4zWadXMyPciNpUOgAAAA.jpeg,elefante
OIP-PNgtX7Tjh38ED73_6SenmAHaFj.jpeg,mucca
OIP-pNQnGWXTXJoEaFJYtN6l4AHaEr.jpeg,elefante
OIP-pNT2dZcWkD-ucGFFRDwRiwHaE8.jpeg,gallina
OIP-PNyEIWX5huyFMGB9JGPBiwHaFU.jpeg,elefante
OIP-pO9mZB5zO5GpSQVYJPGNxQHaFj.jpeg,cane
OIP-Po9txawm7qv5z_Cg5-34rAHaLH.jpeg,elefante
OIP-pobSfaDI4n4QqwPJ5lkE2QHaEr.jpeg,ragno
OIP-POFwodFkSH7mDPVXjj8ZMgHaFi.jpeg,gallina
OIP-PoJnUioHSecRWPgdU8cxfQHaJ6.jpeg,pecora
OIP-PojtQlWbAPb4ME7ZK0VrSgHaFj.jpeg,cane
OIP-pOoxpwU8LTIdC69sVKLKbQHaEK.jpeg,scoiattolo
OIP-pOQ3GJ5a0xfa6tex1hBbnwHaDr.jpeg,elefante
OIP-PORM-RxUfuU-FF-SK6xS6gHaFj.jpeg,ragno
OIP-poV02rhDG3e4nX3vWREl0AHaG9.jpeg,pecora
OIP-Pp1n-pi1SRljkBAS6AEqUwHaFV.jpeg,mucca
OIP-Pp4JSMm_qOp5uF1sHfOtpAHaE8.jpeg,elefante
OIP-Ppgy-ugvzu82WhwlUzMHMwHaFw.jpeg,elefante
OIP-PpKlH9o-Jbj4_XNC036SxgHaIt.jpeg,elefante
OIP-pPNT2MCKFfteNzvPkV8f6wHaHa.jpeg,elefante
OIP-PPoy2wfmyn7iQ0OLNHXVoQHaFe.jpeg,pecora
OIP-PpxmRKqgTxIGYn1rq8MdxAHaGG.jpeg,ragno
OIP-Pq2cLPPiUiI1zOpLUh0lbwHaEK.jpeg,elefante
OIP-pQ613UHOHpHE5nwxbYrUdwHaHa.jpeg,scoiattolo
OIP-pq6vL0e3kXSfvNw30_PDSwHaE8.jpeg,elefante
OIP-PqFw1tFlv22KeLs8wxJC7gHaFj.jpeg,gallina
OIP-pqjKkQGONWv-xuLnzSQ2UAFNC7.jpeg,elefante
OIP-pQJWiRzclYUUS9PuJU-lIwHaGq.jpeg,elefante
OIP-Pql5rb1APMGz_n4IXP8hUAHaFj.jpeg,gallina
OIP-pQlpGJrjg4kqqLMTK5DAhgHaEa.jpeg,ragno
OIP-pQt8oAZI94nc1_RTIGcmTQHaFX.jpeg,elefante
OIP-pQtYoJlbiKjFijguaDfACAHaE9.jpeg,gallina
OIP-Pqyoalx-CmFx8DcKuxstigHaE7.jpeg,gallina
OIP-PR66G_Ipv0sxTvwrtZIBogHaH5.jpeg,pecora
OIP-pr7zVd0zyjmCSS19x8x99wHaEk.jpeg,cane
OIP-Pr9M1sKCPIO0NohUZVXq9wHaHa.jpeg,gallina
OIP-pR_hOABMzTeMRVavt4cpZQHaE6.jpeg,cavallo
OIP-pRbETfYhhG_5l6z6P9bUegHaF7.jpeg,gallina
OIP-PRNCpIh9yIXiygBaQxCyEQHaH4.jpeg,gallina
OIP-PrNYgkQ6cuJvDzm6M_HW6gAAAA.jpeg,cane
OIP-pRpHeX1x9fkUqyTUE7nZ0QHaE7.jpeg,farfalla
OIP-PrQc3Nz9r04N4FO1uOjBaAHaE5.jpeg,cane
OIP-pRQH5OfBBhOG12NbX97LGwHaFj.jpeg,elefante
OIP-PRslYUUnlZgW78GAa5J1FQHaFj.jpeg,ragno
OIP-ps-HfV9-pZbGPLLfaFQIcgHaE8.jpeg,elefante
OIP-PS3K-LFMzWASt0CxzSkB9QHaFT.jpeg,gallina
OIP-PsC2yml0-55rydnUAfdGHQHaFj.jpeg,scoiattolo
OIP-psRstdmnyH6OngidPOHwyAHaE8.jpeg,elefante
OIP-pST5n_vAL85xnlRJKQkAXwHaFu.jpeg,gallina
OIP-PsTfOcc74Puw4wtsI_JwtwHaFj.jpeg,ragno
OIP-PStpj5oD1w87I6u-k8EFVAHaFx.jpeg,ragno
OIP-psv_Y22imNHrx4jOmXB8VgAAAA.jpeg,pecora
OIP-PsyerNB2JD_Y4keuymFTigHaFj.jpeg,pecora
OIP-PT-W2ptAgfEEOXXVOueizwHaGD.jpeg,elefante
OIP-pT8C1AiNN7O9JtizL9KVUwHaEK.jpeg,gallina
OIP-ptbNerp2gqLz8VhhEtIOzgHaHa.jpeg,elefante
OIP-pTDd0LLFHBPsZ8cuaoNpmwHaE6.jpeg,gallina
OIP-ptdJyzJtIVI_tnCi5llavwHaE7.jpeg,farfalla
OIP-PTF4QKJ6VkHi4QqKJj3zEwHaFj.jpeg,elefante
OIP-pTOXFR6E2Qz1bZ2K6SjSSAHaEw.jpeg,gallina
OIP-PtrG4cghLd7DJ9xoefBZJgHaD5.jpeg,elefante
OIP-ptTtB_aFOUuUd-fEn7gLVgHaJe.jpeg,farfalla
OIP-Ptu6EJPxt0nwlzrxLPVznwHaEo.jpeg,elefante
OIP-pTvPYXBqScPEX65Ka-J79wHaF5.jpeg,elefante
OIP-pTZmOWGh-_1xMZmOstOuhgHaFj.jpeg,scoiattolo
OIP-PU-BeFCd7dkyTjH8tjSjgwHaE7.jpeg,elefante
OIP-Pu8RhEveKPfyelhjw9X5AwHaH0.jpeg,elefante
OIP-PU_q_Oi3D0_iAV4sum8EywHaHa.jpeg,pecora
OIP-PuDallSOQhoaPqcesNTnQAEsEX.jpeg,gallina
OIP-PUOqgexO2UHJgoa6uNud4gHaE9.jpeg,gallina
OIP-PUuLB9eU7NqlmOpfyJTw8AHaEQ.jpeg,gallina
OIP-PUuYBdHTNF8xNerScasl9wHaE4.jpeg,gallina
OIP-pUYwbN0EYccZS1G6QKKxGQHaFj.jpeg,elefante
OIP-pvAFSMKRoAjT--irjDCROQHaHB.jpeg,pecora
OIP-Pvcf6LL65dsJ1jV9JkfHNQHaE7.jpeg,elefante
OIP-PVEwg9nT6cT-u2SFaLlw3AHaE8.jpeg,scoiattolo
OIP-pvhWIyuDtnMDWDlpGaq7CQHaFj.jpeg,pecora
OIP-PVI_gUzVUkywkCJFqUzNrwHaGF.jpeg,pecora
OIP-pvLK0Qm58FVMLYeD94Xl0QHaJQ.jpeg,elefante
OIP-pvvEatNk8wX0ZG4r7oEuEgHaHq.jpeg,gallina
OIP-Pw_MMo00PW4sMFcN4wAPegHaE-.jpeg,gallina
OIP-PWieXTxJhj01r_1tYNUChAHaFj.jpeg,pecora
OIP-PWL70lYKuVUs7No6C0KL4wHaE7.jpeg,gallina
OIP-pWn65vNB-XVOO-J_1tS1ZwHaDz.jpeg,elefante
OIP-pwRcIGOR1bzrvIJ3mUdnZwHaFj.jpeg,elefante
OIP-pwwehUxpqGv5LAmEWKXhWwHaDf.jpeg,mucca
OIP-PWxVQxpfArta_Fg75KdnMQHaFj.jpeg,gallina
OIP-px0Bcptgp-grRrlQA_S7oQHaFj.jpeg,gallina
OIP-px3xu_extj3Gquf3RgCvHwHaEo.jpeg,elefante
OIP-pX9FMgqDMWwho7GPI4-nWgHaKi.jpeg,ragno
OIP-PXF7yhBIAIlPl8d7jsivhwHaHQ.jpeg,gallina
OIP-PxFXij5QON7uluG1XtcM_wHaE8.jpeg,scoiattolo
OIP-pXI5aMLn2qcvwlx7inRQGgHaFI.jpeg,gallina
OIP-pxxf5Gw8b5g0ooRvrt6W_AHaE8.jpeg,elefante
OIP-pyBiis_b5fAavvP7CS1VKAHaE8.jpeg,elefante
OIP-pYEcvT6aFpVSDLyy6bUgHAHaEU.jpeg,elefante
OIP-PyI-QD08YMK9QL1hoNlnDgHaE9.jpeg,scoiattolo
OIP-PYMSBnFFf7PoMos6NCIdpwHaE7.jpeg,gatto
OIP-PyODQWk5eLntFJDggvDLUQAAAA.jpeg,elefante
OIP-pyQZZ-I5_wDoFukxNVp8aAHaDJ.jpeg,mucca
OIP-PyuYkdLyMKjYXxctTiREbwDZEf.jpeg,elefante
OIP-pyvNCGYRCn9zwJC0Z_PJAAHaEo.jpeg,elefante
OIP-Pz-TMKrJNfeZp0gba_8P_AHaFY.jpeg,gallina
OIP-PZ7KdtoC4zRuOFdw6sUeZAHaD6.jpeg,cane
OIP-PZ8ugt0Z9sZjjROfByqTJAHaEK.jpeg,scoiattolo
OIP-PZbMmXxz46gqHtg91hAptwHaIc.jpeg,gallina
OIP-PziJB0SFBYZVexQK2HZbSAHaHa.jpeg,gallina
OIP-PzLjfbhpVjqYswtygDGzEAHaHa.jpeg,elefante
OIP-PzPmhq7OWH4BREpL_UDXBAHaFP.jpeg,elefante
OIP-pzQe8d5TpHkhyCL4yusY6wHaHU.jpeg,mucca
OIP-PZuqHZs3DC-jvPW4_zA24gHaFr.jpeg,elefante
OIP-Q0bCN_FQnUukU8gOvd8c5QHaEM.jpeg,gallina
OIP-q0DF5usT5fKqxJtmvUg9NgHaDY.jpeg,elefante
OIP-q0nlSL6Fl8Bg5F3UpzepMwHaE9.jpeg,ragno
OIP-q0SqZAjHxLPE4qSW70lMzwHaE8.jpeg,elefante
OIP-Q0yxqVjCTsEXkusX-fdycQHaFj.jpeg,pecora
OIP-q14dGDhT2qIWLnpUjuP4kQHaF0.jpeg,elefante
OIP-q1LO6QDhglL58HoGVmzelAHaKs.jpeg,farfalla
OIP-q1VPk3a0V6ROw7JIbsg72QHaGe.jpeg,ragno
OIP-Q30A9AaRef_PYrEvKMb3YgHaG5.jpeg,cane
OIP-Q3mi3Lw63CDSr7HqYFLDQwHaFj.jpeg,elefante
OIP-Q3Y8pmaxCSl906LXcUoGngHaFj.jpeg,elefante
OIP-Q45gbDG5bSlbI3TdL9ZQTgHaE7.jpeg,elefante
OIP-q46zS0r0nvLKwfzy6h2nVQHaE8.jpeg,gallina
OIP-q49SaHO878hGu6_3breJMQHaFb.jpeg,gallina
OIP-Q4FbRvR5rKXjXEqR0A4ifwFIC9.jpeg,cane
OIP-Q4uJkJmmELe44gFqEewSgQHaFj.jpeg,cane
OIP-q4xCgrmGBmtW74Lxvs-pFQHaFj.jpeg,elefante
OIP-Q5ElrO-RTtSHM6Q4HhENrgHaE8.jpeg,gatto
OIP-Q5NhVX6YpGK836e1JaS2lQHaEo.jpeg,gallina
OIP-q5VRKJx1XX64Bl5f5U4omgHaG8.jpeg,elefante
OIP-Q5xqk0Kyl42a4tRLKxM0sAHaHa.jpeg,gallina
OIP-Q6L_hQHAnc0Mr1CqPKs2iwHaFE.jpeg,elefante
OIP-Q6m0QlkDEdGLNm-KtXlnzwHaEK.jpeg,elefante
OIP-q7mb7tWzrcj4_Amt53JuTwHaFP.jpeg,elefante
OIP-q7tLAPzzXFKSMj4i32yopwHaE8.jpeg,pecora
OIP-q8EtC8l7amO5-_p5t9VUgAHaFj.jpeg,pecora
OIP-q95BH4wxHlSnmeqbVMGIFQHaFj.jpeg,elefante
OIP-q96LTRnFDFgHQEGmGpMYKgHaFR.jpeg,elefante
OIP-q9OhFOQGN9KwXmkhWcqIjQHaFu.jpeg,gallina
OIP-Q9qDXF-dDMD1OTlAxgKKwAHaGd.jpeg,gallina
OIP-q9uKB5uOVghN89IR-uJmMAHaFj.jpeg,gallina
OIP-Q9wqpNtR0-hmNeeFnLUqKAHaFj.jpeg,elefante
OIP-q_4W8sh5YuUSrGMLafXdaQHaEo.jpeg,gallina
OIP-q_Ab9ZChsvDkRHyTPNoS1AHaC1.jpeg,elefante
OIP-Q_nYLATNwTEsRkMnu0trNgHaHN.jpeg,cavallo
OIP-Q_oC_crK-XxdlqvHTbUG1QHaFj.jpeg,gallina
OIP-Q_Vl43bKs4AsVejW-PEZAgHaE7.jpeg,gallina
OIP-qA8_fCtjmteCIInyc3rL7gHaE8.jpeg,ragno
OIP-qA9Exrq3UV07_zBlscI9YgHaFj.jpeg,pecora
OIP-qafq-IKwWePApx4pDJ9JFgHaJC.jpeg,gatto
OIP-qAN8lfH1twT0qio3r-Gv9wHaFZ.jpeg,elefante
OIP-QAQf2noy7Ud8a1rM8n22SQHaG-.jpeg,elefante
OIP-QavRk_mtjk2lz0AB3E8VlAHaHa.jpeg,gatto
OIP-qb09qyfurc99wS9yeQF2GQHaFj.jpeg,elefante
OIP-QB1CfqXX-Vn1paaWHJ7TeAHaFp.jpeg,pecora
OIP-QB3rwq3td3DCIC_KxdqyiAHaHM.jpeg,elefante
OIP-qBDYVGA2VUBRbkJJY8QLFwHaHp.jpeg,elefante
OIP-qBiNzWvsczbdAENnvGpZcwHaEJ.jpeg,elefante
OIP-QbIOirQ8fsVdawZeaAEZqQHaD4.jpeg,scoiattolo
OIP-QBK-Tpq-03P--iLPQJzoRgHaLL.jpeg,pecora
OIP-QBKVJe7TXB4vEbM19G3ofgHaJ4.jpeg,gallina
OIP-Qbl-OsJ88RFAy1vmu2TcFQHaFj.jpeg,pecora
OIP-QbnvP_RcqB-seDAkzonpZwHaEK.jpeg,gallina
OIP-qbSAVBpONHtCIkF0bQqEEgHaGO.jpeg,farfalla
OIP-QBuh8FdBAK00x34qtbrg2QHaDt.jpeg,elefante
OIP-QBUouSljCHS-D1K_ZLXBJQHaEA.jpeg,scoiattolo
OIP-QbZLTN_jA6dxW9Ik72TSIwHaHI.jpeg,gallina
OIP-QCHOnriD3QfYtXr6s6rY-gHaHl.jpeg,elefante
OIP-QCJSXMD9DzNnpVYCI0z4ZgHaH1.jpeg,gallina
OIP-qCrGGRKeAyaR-HmrAsg_IQHaDF.jpeg,elefante
OIP-qCyqoKxwDA_2FORXn4sETQHaJM.jpeg,elefante
OIP-QD9WCbok3HCcbS0XM0-EegHaEo.jpeg,pecora
OIP-qDDyhhxkOqkYyjwicx6pUwHaIG.jpeg,gallina
OIP-qdF5VfPhKoOOHhZo7j34vAHaE8.jpeg,farfalla
OIP-qDnZjqYyW9EIWKItQ5XYdQHaFv.jpeg,gallina
OIP-qdq4f_aL26b0_qqNj2mbUQHaE9.jpeg,gallina
OIP-qdyuco_2aXJC5gTsiCTNrQHaGh.jpeg,cane
OIP-qe3GECZrlH8D-h-bqqruJgHaFj.jpeg,ragno
OIP-qE_KWb5B8322UEMYIVUF4QHaFi.jpeg,gallina
OIP-qEhSM68ZYtNAZW2ncPO0kwHaLH.jpeg,mucca
OIP-Qemchz5U9CHkoCVQRN9DfwHaFj.jpeg,ragno
OIP-QengzVaxTZXMyNt5Mck8FQHaFj.jpeg,scoiattolo
OIP-QeodF8K_3q7QSQyR6e9nvgHaFC.jpeg,scoiattolo
OIP-QEpdeNIQL0C6eoEIaTAJ2wHaF0.jpeg,farfalla
OIP-QeS6A53er7mIZonWQJCDFgHaGr.jpeg,pecora
OIP-QEYXEYHeR2hsuyOXPfly5QHaHa.jpeg,gallina
OIP-qF7QR-XEYpc7gWz2Go7BhAAAAA.jpeg,farfalla
OIP-qFAO3JnVwNquxoqRpP7R1AHaFU.jpeg,elefante
OIP-qfCAdEd0FZWp7GxVSUSq1AHaE5.jpeg,elefante
OIP-qFepXry3wmL4eVisRFwCdgHaFj.jpeg,gallina
OIP-qFJ2LEQPxq4_uSoibEvk0AHaD_.jpeg,cane
OIP-qfnzOYVznVwC4rd0sgNnBgHaIF.jpeg,gallina
OIP-QFpiwc_WQt0lFuZbNIGZAQHaFw.jpeg,ragno
OIP-QFqLTuDT_JXleLz98j6W3QHaFj.jpeg,gallina
OIP-QFr9KTCOVNiuAifDxUGhpgHaHC.jpeg,pecora
OIP-QfuDZVlsH1gubUfnzrCVrAHaJ4.jpeg,elefante
OIP-QfwdYbKAEv_4M5FRMqB2DgHaE8.jpeg,elefante
OIP-qFZdWyL94E-2UiUVQIpbcwHaLJ.jpeg,elefante
OIP-qFZJAQkytcSXMxC63Bi1BQHaGG.jpeg,gallina
OIP-Qg73i-5yTaX1gBGNjB3k3gHaG9.jpeg,cavallo
OIP-qgbqkr8XcvEZZTZjiPoA_QHaE3.jpeg,elefante
OIP-QGgNgciREO0FGNAhydsvNQHaJQ.jpeg,gallina
OIP-QgIAnO2wmHF-KqsWpks2HQHaHF.jpeg,elefante
OIP-QgKwZeaF0t9Azj9v6_WFAwHaFG.jpeg,gallina
OIP-QgLmBPmgt_XYhZCHeU1gbAAAAA.jpeg,elefante
OIP-qgoh-WlYIKPSHlnkIp94BwHaHu.jpeg,cane
OIP-qgqH_amJpIuSVz5EkFytlwAAAA.jpeg,elefante
OIP-qgumq9GHJPRM_Yxuuq7b-gHaE-.jpeg,elefante
OIP-QGyeICsYYeiqMcdXDL3vtAHaE7.jpeg,elefante
OIP-qh2QBHLMG3phTcdiW9lLcQHaE4.jpeg,pecora
OIP-Qh5oZ4rqot0o5n7pA2zMyQHaEK.jpeg,gallina
OIP-qhei-KiLjFhemWcJXbmFbAHaEo.jpeg,cavallo
OIP-QhEsXWPONK7mSWL6Oh-VdgHaFj.jpeg,gallina
OIP-QhgwZ7lWOTQQIppmKmt0GQHaLJ.jpeg,elefante
OIP-QhJgAfRwLZN_llvKNsWO7QHaI5.jpeg,gallina
OIP-qhlrgvaBVX0qUvajg6066QHaE8.jpeg,elefante
OIP-qhNObjrxVJLAsWP0z7JgMwHaF7.jpeg,scoiattolo
OIP-qhoM3xst6kmdmgAKyCAxYAHaHa.jpeg,pecora
OIP-qHoNrJoi6a6XeG3mTDa4-wEsDa.jpeg,elefante
OIP-QHu_ySgK2EbdRf4oU2kKrQHaE7.jpeg,elefante
OIP-qiBHVBHtgPr6rRJi5kxlpAHaHZ.jpeg,cane
OIP-qIiaA-rPnYKyHG2-N3AWaQHaFy.jpeg,elefante
OIP-QIiICIYU7r2eND2rkZJ9wAHaEo.jpeg,elefante
OIP-QIiKd1jwR7DdX__RLr2QmAHaGC.jpeg,gallina
OIP-qijT67pKZkWvimaHT0054wHaFb.jpeg,pecora
OIP-QIluSstanQKnR8z9ENMTugHaDt.jpeg,elefante
OIP-qiNRG6Txg1-yAB2VZQwHPAHaEZ.jpeg,elefante
OIP-qISeG2pUVIfBTfgv8yGdbgHaHa.jpeg,ragno
OIP-qisL87Bbem9qXr9xwsPmPAHaIM.jpeg,elefante
OIP-QiVRIPIhbLgFggcUX0SQsgHaEK.jpeg,mucca
OIP-qIxGdFAWC-xRDjvlE8WKUgHaFj.jpeg,gallina
OIP-QIXOGQfgFms-usnnmBhgoAHaF7.jpeg,gallina
OIP-Qj39qahf6fBEijR0ExIaZAHaDA.jpeg,scoiattolo
OIP-qJ4A9xVGzuEHUHuzHqAJxgAAAA.jpeg,ragno
OIP-QjIMzzLbT2f7lkpFKYM7cQHaEo.jpeg,gatto
OIP-qjlt3yzv_YyF29BAVgFcIwHaFj.jpeg,farfalla
OIP-QJNVASYG4lBobxk4SjLYPwHaE7.jpeg,ragno
OIP-qJrOayNeNYbu0P_ZN_ge2gHaHj.jpeg,elefante
OIP-qjuXaEiINUoTbsIHe2rnrgHaED.jpeg,farfalla
OIP-qjWBmzjsqHLPSWXaYQ-AEAHaD3.jpeg,pecora
OIP-qJYTdOJhsnUgTPsWOAJk7AHaE7.jpeg,ragno
OIP-QJYyb9b3zNMyX_Hg9rBdRQHaFj.jpeg,gallina
OIP-qk2P4l14tu-puhZK_GhP4QHaE7.jpeg,farfalla
OIP-qKA8Tr6xbo886PjQCWO6eAHaFj.jpeg,pecora
OIP-qkdjcFHMl4v5NJMUHPisGAHaFd.jpeg,elefante
OIP-QKk-s8Z9if0RLVxwYp9l8AHaE8.jpeg,elefante
OIP-qkK7xpKRd8pWwfgMrBjbcQHaE8.jpeg,gatto
OIP-qKpcrt_Iuhmhlir1WWwBrQHaE7.jpeg,ragno
OIP-QkqKdWlO-Fo2T2k23eLOoAHaFN.jpeg,mucca
OIP-qKzb1ma70sVx723sozlejAHaE8.jpeg,cane
OIP-qL5kaClCwrw1igkS12dzEgHaIa.jpeg,gallina
OIP-QLaVvobVYN8LvQSsHuzuIAHaFj.jpeg,elefante
OIP-qLBNGfpzrMUSFzu1-YXrpQHaH4.jpeg,cane
OIP-QLNLjaCL0tdJJ4UfzjOEEwHaFj.jpeg,cavallo
OIP-QlxBOs3IRsVGdGV9Pzga_wHaE7.jpeg,gallina
OIP-QlZNweyWoDQ3L3sg0o6n9AHaE8.jpeg,gallina
OIP-Qm42Xy716dnTxsZuSF1y-QHaF-.jpeg,elefante
OIP-qMA3WxgQh57lrRmi8EleZgAAAA.jpeg,farfalla
OIP-qMChZis7gf_Npy7JW2-fzgHaEm.jpeg,elefante
OIP-qmDCeQYqkNQRjp6GZ0hQ3QHaEh.jpeg,gallina
OIP-QME_JGB5p1WH8PdofdTTOgHaEz.jpeg,gallina
OIP-QmemCMvuhyXia-UQv2q2-QAAAA.jpeg,gallina
OIP-QmGgsitd223uDJz8ZlbaZwHaFj.jpeg,pecora
OIP-qMK2wZz018jsuttRk547dAHaFj.jpeg,elefante
OIP-QMOB5BfYuEcKCV0Rkg7bHgHaFi.jpeg,elefante
OIP-QMODN7ycYehH5mdEZdAN6gHaGU.jpeg,cane
OIP-qMukY66JDbNtjn6ETF3oPgHaHa.jpeg,elefante
OIP-QMyCWVkABWIYPcW3ypbRtgHaFj.jpeg,pecora
OIP-Qn8v0NSiy-ZiCYz7lZ6C3QHaFj.jpeg,elefante
OIP-qNyaJiRr62mHVwhQu9LY4gHaFj.jpeg,scoiattolo
OIP-qNYqkWJPkbHXO9oifNxtHAAAAA.jpeg,elefante
OIP-qo1HqVJLeNkMohj8a29NhwAAAA.jpeg,pecora
OIP-QO5i3E_Cj33NpQJ8R8KTfAHaFO.jpeg,elefante
OIP-qO7yPcEgzQmuOlo88awh2gHaHk.jpeg,pecora
OIP-qOa4UatUvreR5nYTjDWpfwHaF0.jpeg,elefante
OIP-qOHYNrbfivj-sssVZpzbwgHaNJ.jpeg,pecora
OIP-QoJoBgEVjB7geU5pAweA9QHaFj.jpeg,gallina
OIP-qOmFXLDOOlYw-3UUB0WqUQHaFj.jpeg,pecora
OIP-qOsltUzWwCTSG4zl8DZLVQHaE7.jpeg,elefante
OIP-qp4HUmCEcGiEQ4NE0kS1tgHaFj.jpeg,pecora
OIP-QP4i86WiymRZHGm382XfrgHaGN.jpeg,gallina
OIP-qpf99NRm4RiPDXjYuIz2tAEeDa.jpeg,elefante
OIP-QPGaWC94hxgKm5GKO4r2vQHaI7.jpeg,ragno
OIP-QPJB2WqWzLfjiMPEAL874gHaFj.jpeg,elefante
OIP-qpk6O6XuEVy8GJhwp16FXAHaFj.jpeg,pecora
OIP-qPrQYAE_yXwHeLhdK3IE1QAAAA.jpeg,gallina
OIP-QpzgP6gfWZfAtzl_TAalqAHaIa.jpeg,pecora
OIP-qqcaR0czRZDFIdK5vnzBLgHaGj.jpeg,farfalla
OIP-QQcInjMRSwDzd1ve-CxK5AHaFN.jpeg,scoiattolo
OIP-qQD26Uam9BxKPSIFcuSFxAHaHa.jpeg,farfalla
OIP-qqepDfD930yaPQJkNeus2AAAAA.jpeg,elefante
OIP-qqnOEt91McX2kxWoMrluggHaE9.jpeg,gallina
OIP-QQOjltuNh0wqkXkfO6yCtAHaHa.jpeg,elefante
OIP-QQqnj-hQZ6D30LYIKFsoBQHaFu.jpeg,ragno
OIP-qqS2kpZVqakYbBQbAYDzbwHaI4.jpeg,pecora
OIP-QQslxfA4d9wB4TFzs3iimAHaD4.jpeg,elefante
OIP-Qqw4TvurTNmNRFLBNzC5hgHaEo.jpeg,gallina
OIP-qR6kO4AhH3WPD2CmHc76tgHaFj.jpeg,pecora
OIP-qrACQqQoC8raOdt7THI0fQHaE8.jpeg,ragno
OIP-qRh6DNtIR6lXE4EOZxv-FAHaJ4.jpeg,pecora
OIP-qrM3ULavKWTsFD3QY5yVJgHaFa.jpeg,pecora
OIP-QRpFcdFrb2GkczxRtNlh0QEsDg.jpeg,pecora
OIP-qRRIu8eDkOrU6olweysrQAHaGP.jpeg,cavallo
OIP-qrZCzKudO_jKXqkfTADZoQAAAA.jpeg,pecora
OIP-Qs58ZIwQ9tEoA8jdWHkwsQEsEd.jpeg,ragno
OIP-QscqAhqGF6X5L1Dro8LH-gHaD0.jpeg,cane
OIP-qSjCO-T-ivYILf8Ps8_M7wHaEc.jpeg,elefante
OIP-QSnY6W1BbDPrXh8P1ya-9AHaE9.jpeg,mucca
OIP-qSsCkbncn6joqxU6Sx1DuwHaE7.jpeg,cane
OIP-qSu131yo7SXyMYhQ-5asigHaFc.jpeg,ragno
OIP-QSxtk2wF7oZsq6vTwbj3bAHaFw.jpeg,cavallo
OIP-qt0IEoS78_VepwVaYk0-HgAAAA.jpeg,mucca
OIP-QT0MMl9PsQ6QIqBcN-gtVAHaE8.jpeg,elefante
OIP-Qt1QA5Ih4M8nSQ1oWbycTgHaEX.jpeg,gallina
OIP-qT8oCpiN1cWaVhcpwf9WgAHaLG.jpeg,pecora
OIP-qtbhsGL8Ackgl2GSePtoGAHaDw.jpeg,elefante
OIP-qTEUr37LvSMjVt-Um7apLQHaFj.jpeg,elefante
OIP-QTgJUDxkWMdF1O9f_oIiVgHaE8.jpeg,gallina
OIP-qtkg0UVBU7QSquLNxPyQIAHaFk.jpeg,elefante
OIP-QTmfPOu3HXxy9FCY9H5p-wHaJ4.jpeg,elefante
OIP-QTpj9ebqCeR0G7XnWhCb_wHaE8.jpeg,elefante
OIP-qTT1VwOoOlWmEd3wCQ9GxQHaE8.jpeg,scoiattolo
OIP-Qu-ZniFg45HxTaKqNQWSsAHaLH.jpeg,pecora
OIP-Qu4jzRnfTOe-VdJhVYLxwgHaEK.jpeg,elefante
OIP-QU7BVtk0UQ598nOSse9DBgAAAA.jpeg,elefante
OIP-QuFZS3VqPtjdWbx2b0oSsgHaE9.jpeg,elefante
OIP-Quh68D8f7KL_SOct4FjS-gHaEK.jpeg,elefante
OIP-quhqbb5PUhsOAvFKfYGOqgHaFg.jpeg,gallina
OIP-QUm3sCgdocyfbumKAeQKpQHaEK.jpeg,scoiattolo
OIP-quoQZFdr_ppbcv5ph3G1FQHaDe.jpeg,cane
OIP-QUSgDOY5tDLRebOpGKNCNQHaFT.jpeg,pecora
OIP-Qv6CbjdWRybqTmlXzYxtwwHaGb.jpeg,elefante
OIP-qVaDq7usGyKaNlGlWDMdOAHaKa.jpeg,gallina
OIP-qVaykxSsywG6V6bphhiKIAEsER.jpeg,elefante
OIP-QvB34lbJeDoq5rUmRN7eoQHaFk.jpeg,gallina
OIP-QvgZlijJOSeE9zzbQdGLFwHaE8.jpeg,elefante
OIP-QVk4c8D1_-y6NxVCN40DlQHaE1.jpeg,ragno
OIP-QvrRcysOl2_1Y4Uensq4SQHaFj.jpeg,gallina
OIP-qvS6E6OjCtsLo4UVXKRQzAHaFj.jpeg,gallina
OIP-qvVTK-cQp-9TP3KC0GhmVgAAAA.jpeg,ragno
OIP-QVwa8tKG8qgsVYIXK2yLzQHaE8.jpeg,mucca
OIP-QVYWA5PHP02Dy-XSzl6jiAHaFd.jpeg,gallina
OIP-QVZJH3uiHYv9Uya_bTKnoQHaE8.jpeg,scoiattolo
OIP-qwc0qcDvCQzoX5WZOzaH1gHaE3.jpeg,pecora
OIP-qWcVp0lNOdtZjngEab03OQAAAA.jpeg,ragno
OIP-qWfcmRw8-gjlnckNa1sjYwHaE7.jpeg,gallina
OIP-qwI5s5S0Ojefd9qR_ryKMQHaEV.jpeg,gallina
OIP-qWo8EBx4lfhGjCVS2On97AHaFj.jpeg,gallina
OIP-QWrJbhjYRr-J407tD2ACUgHaEL.jpeg,gallina
OIP-QwswXvSytgxM7m2N7CaSBQEfDZ.jpeg,farfalla
OIP-QwWPdj5pa2z_n2ir6wxASwHaFj.jpeg,ragno
OIP-qx8TLp3wNLCIVQHdz-CnUwHaG4.jpeg,gallina
OIP-QXBjSRTzeeRfTU9VU-DHYAHaE8.jpeg,scoiattolo
OIP-QXbjtTmjJfXjUjlX5NtDUgHaC8.jpeg,elefante
OIP-QxE2Qwy5E-NYUQU8fw-43gAAAA.jpeg,gallina
OIP-qXE9oa3T4vru9-1DYkllWwHaFm.jpeg,elefante
OIP-qxeQFZTOooIdk-uLkvGLhQHaF0.jpeg,scoiattolo
OIP-QxkyB80-JNxjn267l1t2oQHaLI.jpeg,cavallo
OIP-QxNPzr1Tt0Jn4xm-a7KXKwHaE8.jpeg,elefante
OIP-qXsUssjDGcqIbhnlF4kfKwEeDZ.jpeg,elefante
OIP-qxXGW2OQBcS7lTUI71QtgQHaHa.jpeg,elefante
OIP-QXYNuPYIE-JSOHQtnwaFUgHaEx.jpeg,cavallo
OIP-qy0HzkbifaLOqPPHUkvPgwHaFR.jpeg,ragno
OIP-Qy0W8mFw3VjeZkaN_F3b8wHaGY.jpeg,elefante
OIP-Qy620GCqLQ1_mM9kG4qD_AHaE6.jpeg,scoiattolo
OIP-QY_tAfWPBtblPhovqAi_vgHaEB.jpeg,farfalla
OIP-qYcuJaYCupDS9Z8SHKIqmAHaE7.jpeg,gallina
OIP-QYdeGkVz3_iS6Dpe9AlHlgHaGE.jpeg,pecora
OIP-qYezk4M7xeIfp7LyTRlduAHaF7.jpeg,elefante
OIP-qyii-nHUvgUXTkOpWPxIfwEsDJ.jpeg,elefante
OIP-QYJ5333q0V8uSHNnlf6aIwHaHa.jpeg,mucca
OIP-QYQ9LfNfaUKNaFn1M71TTgHaE8.jpeg,gallina
OIP-QyrFh1Xq06G7ZK6ETn6PigHaFj.jpeg,cane
OIP-QYtYBt08eQNfCKokoxx1OAHaE7.jpeg,cane
OIP-QZ0-UCX-2Toqc2r2tTfBOgHaKb.jpeg,cavallo
OIP-qZBKJH27Ft8GNLfgCtvlsgDlEs.jpeg,elefante
OIP-qzjmZZhFdQ_l9eG7yjgI4gHaFb.jpeg,elefante
OIP-qzLZhHBiXOj7kv237B-ZFgHaHa.jpeg,gallina
OIP-qZXCTTJ6dyAtDOolK399RAHaF2.jpeg,elefante
OIP-qZXND1-zrTpscRHCCDsGKwAAAA.jpeg,gallina
OIP-r-2xWu8jyZY8s8rJpbcUOgHaE7.jpeg,elefante
OIP-R-bsUZJ9ZDij3zNQuKpZQgAAAA.jpeg,elefante
OIP-r-iy7Jhu3iZHOxLLfh2VSwHaHa.jpeg,farfalla
OIP-r-lCsYIpaF-Loh-aY6fGngHaGM.jpeg,gallina
OIP-r-LsgWeUlpAZNgMjNP1xXQHaF7.jpeg,elefante
OIP-R-p_gH1NLRrJiHS5eBG0DQAAAA.jpeg,elefante
OIP-r-sw0UKap3M1uopeOFE0wwHaE8.jpeg,gallina
OIP-R07r8hVii3u3wXguj6jwgQHaF7.jpeg,gallina
OIP-r0JrbKbNV1IQjVAvVy9MwAHaE7.jpeg,elefante
OIP-R0KyjMJZoKM6FKUnzcIuwQHaFj.jpeg,mucca
OIP-R1eNjPCpk-ib-_EZF669GQHaLG.jpeg,elefante
OIP-r25JFP7JMliuIP5qz3lYbQHaFj.jpeg,pecora
OIP-R2aXV1a712GIiCDzq3n2EgHaE8.jpeg,ragno
OIP-R2O6FWiJSVeGdaJ1nD_z-QHaNK.jpeg,elefante
OIP-r2TkFCfSSLwGLS1O3jc7LQHaHa.jpeg,gallina
OIP-r38Qxb70f3kZ0KH8-UqnogHaFW.jpeg,cane
OIP-R3ebABXOrobcUgWxvpDkSQHaFj.jpeg,gallina
OIP-R3ickltemnx2xfEypB5F3AHaFr.jpeg,pecora
OIP-R3TlH5NUjBzvlNQjyKqg-gHaFj.jpeg,ragno
OIP-R3VlJpesfnbIO1rOtl3WBQHaLB.jpeg,elefante
OIP-R41kFUehSNnocpd7v4RWIgHaF0.jpeg,pecora
OIP-R4VfMNi4GETQniIp7SvnqQHaFj.jpeg,elefante
OIP-R5D-U6ycjOeeqL5YzrsBBQHaLE.jpeg,gallina
OIP-R5l-kTRDtFGqvnH4h77VIAHaFi.jpeg,elefante
OIP-R5LdhT21tH0sFZva8qLIZAHaFj.jpeg,elefante
OIP-r5p1ZeN4LEt_trVS1FX8owHaE7.jpeg,scoiattolo
OIP-R5QNk5jGfbdSfmTQGb07CQHaIe.jpeg,elefante
OIP-R5qXMIIhUZSzY0oq6LReZwEsC3.jpeg,elefante
OIP-R5W3AC-3FfV90wWJ-g6tMQHaFj.jpeg,elefante
OIP-r5XHLtMprn7HBRfqnxzAiAHaHa.jpeg,ragno
OIP-r61zCwNxJaO9ga74eQYDzAAAAA.jpeg,gallina
OIP-R65AZvd9uJnaU8rfcMTapwHaE-.jpeg,farfalla
OIP-r6a7sfGeTn91iw0NYqFxbQHaFj.jpeg,pecora
OIP-R6bwEvi7kba6UoMMsKO9kgHaEK.jpeg,cavallo
OIP-R6QPL8GijNLL1x1Qt31awQHaEo.jpeg,elefante
OIP-r6SqoLHqwDhnj9JEKPbfSwHaE8.jpeg,elefante
OIP-r6v_957Khg4r146Ia1KttwHaEV.jpeg,gallina
OIP-R719KPFa_vbBY1FTYEHV2gHaE7.jpeg,pecora
OIP-r71hpYcA84jPhFL7RtfRXgHaF7.jpeg,gallina
OIP-r750FYqVe_vZ8WqySPA5eQHaJF.jpeg,farfalla
OIP-r7dDc3MwNpvYURlcmAGENgHaHa.jpeg,farfalla
OIP-R7DyUKQI9G1fQT9QfIRhTQHaHa.jpeg,gallina
OIP-R7qckJRDWOAEsPmU-84PnwHaIu.jpeg,ragno
OIP-R7R-0NNxTJBw0-vTalJhSwHaE7.jpeg,cavallo
OIP-r7wM2_6HGtJX7C_aHlNuuwHaE8.jpeg,pecora
OIP-r7YsRNHaOkEEH39LWFNUZwHaFj.jpeg,gallina
OIP-r81KeBlbhaS2fvGAnv_HywHaLJ.jpeg,ragno
OIP-R84OW8jnDth6uiX8sW9VtwHaE8.jpeg,gallina
OIP-r86kmgRrTQ64DoBAUlQHLgHaFj.jpeg,elefante
OIP-r8IdEriByQcUbmIgjkGwLAHaHa.jpeg,cane
OIP-r8tdRpkxUhf2lFodj05i3gHaFj.jpeg,elefante
OIP-R8uvK0O6ifAzaYSMdUExywHaE9.jpeg,ragno
OIP-r8zIrnO6Hh88mQTsyzd4oQHaFx.jpeg,cane
OIP-r94-xRo7v6-tou4rAdRDKAHaFj.jpeg,farfalla
OIP-r9jAa-xLclSQweYrEoHkIQHaFj.jpeg,elefante
OIP-r9M4Ynq6pI5PHsvEIRrSogHaH7.jpeg,scoiattolo
OIP-r_g_4WotyCTeCj7720Fe0wHaEK.jpeg,pecora
OIP-RA-Y_lwXwQhDt5DLa_cFOwHaFw.jpeg,elefante
OIP-raixJwwtKkVRXErTW5hvRwHaHa.jpeg,elefante
OIP-RaIz8eC152qv3PF6h-LNxwHaJ4.jpeg,pecora
OIP-RAPXjWQ0QWJiKMKuXi3QbgHaNK.jpeg,elefante
OIP-RAQ9lF9S8uudo5sTKUkj9wHaED.jpeg,elefante
OIP-raSHAiMYHu7c-I3qCJ2rngHaKG.jpeg,elefante
OIP-RB4I93b9d-L2ZVpOq_UeqwHaD_.jpeg,scoiattolo
OIP-RBmJq9zLjnr1sSK80kxoOAHaFb.jpeg,gallina
OIP-rbTdy59frJSCMkjTeuztSQAAAA.jpeg,cavallo
OIP-RC5KgL_dNfBHKJi7IF5gUQHaLH.jpeg,mucca
OIP-RcamKREM6-7XmTHhCwpL2AHaFS.jpeg,mucca
OIP-rcB1bvp6QMGZ-I0oYPK7KAHaE3.jpeg,ragno
OIP-RcCjcytdqqrAzZggEAqlLAHaDe.jpeg,pecora
OIP-rcD45kwTRC4tBagd1PDPDgHaE7.jpeg,cavallo
OIP-RCDWnbtFXFOYpBRTx46W_gHaGz.jpeg,mucca
OIP-RCoyv14un4ZTq6ImJgaesAHaF6.jpeg,elefante
OIP-RcSHOEBj-y4OA0VJg6wwrgHaHU.jpeg,mucca
OIP-rCthEyT0G3Dveuz7XBtdpwHaFA.jpeg,pecora
OIP-rcyqXob3zEHEfkKDA-p5RwAAAA.jpeg,elefante
OIP-RD6yd0PQ4UaKLAmH4Ua4XQHaFj.jpeg,gallina
OIP-RDGZVarM0gcsTZ9l09XizQHaE3.jpeg,cane
OIP-rdI7fBNlbP41ERjbwUYJPAHaIa.jpeg,gallina
OIP-rdNByNhlIhM2V2zH0N0aWwAAAA.jpeg,ragno
OIP-RdNc5eX3ATmTo5Ssb8YvvwHaGB.jpeg,pecora
OIP-rdUf6gbUoS4rlygBxwpdtAHaEK.jpeg,elefante
OIP-RDV_yh7GPw_p828sQ3wBDAAAAA.jpeg,elefante
OIP-rdXU7SAFhIQbnhs_KRO-CQHaEK.jpeg,gatto
OIP-RDyQhVpWbcCG08G9rxQ0aQHaFh.jpeg,elefante
OIP-Reb2x73AZUzYwt15t0Xc_AHaE8.jpeg,elefante
OIP-rELwTwy0KfblgRoBJGugWwHaHN.jpeg,elefante
OIP-rEmH5xeAZB6zmAbEQrwGSwHaFF.jpeg,gallina
OIP-rENMm-Eq_ify2YCi6HkbnAHaE8.jpeg,gatto
OIP-rEnPTRH-mAHCoWt51GZWhwHaE9.jpeg,mucca
OIP-ResQT6jJ6cJ4pUybsYLWJgHaFy.jpeg,gallina
OIP-REsRKhB68n0-kvUyLDCNUAHaHa.jpeg,pecora
OIP-RevqY_TkwRo-RGoEMT5JHgHaFT.jpeg,gallina
OIP-RewchCB3gGq_IHDAICrlnwAAAA.jpeg,farfalla
OIP-rEX8FvOpEdnnlnbGtPLjiAHaFj.jpeg,gallina
OIP-rEXHKZjJPYd7anVDxnXmCQDoEs.jpeg,ragno
OIP-RexvtBWkwgWae3iwEKaQlQHaEK.jpeg,pecora
OIP-ReyEM1RykdbqXiMilRmJmAHaFU.jpeg,cane
OIP-rezzMoaidVH_SiLTrKg21wHaGU.jpeg,gallina
OIP-rF7gCCdLKB9OzIwCzKcItgHaHa.jpeg,gatto
OIP-rfAjWzBikMe0iFU1BAFMywHaJ4.jpeg,elefante
OIP-Rfb9JmQ-sPa7vAMjgYvZrAHaG9.jpeg,elefante
OIP-rfci0BjkcpMjYkqtRpFJUgHaH6.jpeg,ragno
OIP-rFjxOeCU0R9bdQnFzkAGgQHaEK.jpeg,gallina
OIP-RfL2grksd9o0N7DV_78Q5gAAAA.jpeg,gallina
OIP-rFlBGXr64xj3HY1ryRd1-AHaFF.jpeg,gallina
OIP-rfM2HwCM-pcl4uzori3L_AHaFR.jpeg,elefante
OIP-rFoM7G1vlX9p2bgd-uPrlAHaJK.jpeg,elefante
OIP-rfRKenj_Mt5Aiw_4pGmTigHaNL.jpeg,gatto
OIP-rFU747CFLoDKL2ITZlwX6AHaE6.jpeg,ragno
OIP-RFVEcoMh1VF4lY0SfFgTfAHaE0.jpeg,farfalla
OIP-rFy2cwpF7E3KIHjNr9wYFAHaJ4.jpeg,gallina
OIP-rG-NFruttq3z2bQ6kGaWMwHaF1.jpeg,elefante
OIP-rGDh5V0mmajfFDPkKXSg9QAAAA.jpeg,gallina
OIP-RGi4fkATeYoLQxJQClcOKAHaFj.jpeg,elefante
OIP-RgmrsYPrYrE3qClrSmvXoAHaHa.jpeg,gallina
OIP-RGTLXH24KRuNSPNANEh_OAHaE8.jpeg,farfalla
OIP-rGZImnz0oiZaQyPkVcBt0wHaFj.jpeg,farfalla
OIP-rHbn_y4M-RoF36QX0xKN0AAAAA.jpeg,mucca
OIP-RhDR3Xm3kPCTg-wN84Uv9AHaLJ.jpeg,gallina
OIP-RHF2c5ck4P50h81PyRF8kAHaE7.jpeg,elefante
OIP-RhjvPXZn_De55n96fzcPeAHaF3.jpeg,gallina
OIP-RHORrsSXo3njXvxqYef92QHaE7.jpeg,pecora
OIP-RHSVnEvoXtaXSHDCllU5-AHaHK.jpeg,pecora
OIP-RIK6-ULsRDaSfcyFz9EBPAHaKc.jpeg,gallina
OIP-riKl7PRSq9m9t7cXtBA6ogHaFj.jpeg,elefante
OIP-rIPS_qLqNgQ9cZde-qP6uwHaG1.jpeg,gallina
OIP-RiqIQg_9zGvM9imtNIKtcwHaE8.jpeg,cane
OIP-RitLkQ_CKGS42cXxq8t2FAHaGh.jpeg,gallina
OIP-rj747r5ezVf4kvYD324CLgAAAA.jpeg,mucca
OIP-rJbYxUNBqmDSEBJg7VtuPwHaHa.jpeg,gallina
OIP-RJEbzU-F6wpYAZA_uMpMXQHaGJ.jpeg,gallina
OIP-rJkJ0B2G8CQ6QCzONGVHNwHaE7.jpeg,elefante
OIP-rJLNrw0z84gCz0fPCpxQxAHaEK.jpeg,mucca
OIP-Rjm1a25yxTBCDsw0TPW35QHaF7.jpeg,gallina
OIP-RJT4dGV2GfKrKQABia4q1gHaJy.jpeg,gallina
OIP-rjUCNuXUm2c7qWDHTPHYrgHaJ6.jpeg,cane
OIP-Rk07MhzBxBjB0lZ34ZGnXQAAAA.jpeg,ragno
OIP-RK08N3tPEObi54QnYmBLHQHaJ4.jpeg,elefante
OIP-rk1JM5xgFNnAtTDya0DgUAHaFj.jpeg,gallina
OIP-RkA-v0ZF3q_vE3mWT3Cb5wHaIg.jpeg,scoiattolo
OIP-RKucaaukSCOuBMhpvKkl1AHaF3.jpeg,ragno
OIP-rKVUmEolwnjgdsukr5KAcgHaHa.jpeg,ragno
OIP-rKyxOYelf2_DPVf8VLjEPwHaFj.jpeg,elefante
OIP-RL5nK6NmcgUfzrk_2R29WwHaFH.jpeg,cane
OIP-rl_4tTHUrzBJI8BtEaikqwHaE7.jpeg,elefante
OIP-rlB6dF_HuVFpItIKoDJwNQHaFj.jpeg,scoiattolo
OIP-RLhhri3auYtU7H7W9HyuJwHaGN.jpeg,cane
OIP-rLK-rYdXFGKEdYktxyijVgHaHa.jpeg,gallina
OIP-rloqi8O5tkPbPgmXxMzK4wHaGL.jpeg,farfalla
OIP-RLt0h3qyPDW83kF2bKOEuwHaE8.jpeg,elefante
OIP-RLWaYBMlgdhASF3083JidQHaE8.jpeg,elefante
OIP-RM2fdVJe3PwCEjFM32uS2QHaE7.jpeg,elefante
OIP-rMFkpyJAnpCJcNwVgLhoMAHaJ4.jpeg,pecora
OIP-rMfod2MhIAwf2ox6NXAQRgHaE8.jpeg,gallina
OIP-Rmo5G2PxK03v4TkRSlCGewHaJ4.jpeg,cavallo
OIP-RN5dAS8EqMZmDjQJ0I6XyQHaD9.jpeg,elefante
OIP-rN5EHNZkywxE2qINszpDAgHaEK.jpeg,cavallo
OIP-RNcRps2tt4pUxSkovkRSCwHaE8.jpeg,ragno
OIP-RnCvpk_CpVnnAIlN38W2VAHaFj.jpeg,elefante
OIP-rnfTu0JkPFcts9ENo_3zhQHaKL.jpeg,ragno
OIP-rnI9hlaPZMK5JX7YGVEpMQHaFi.jpeg,elefante
OIP-rnko5S3qGeg1hnxZTAvNwwHaHB.jpeg,gallina
OIP-RnQ6a3QTcAuJzeDtIos8bAHaEv.jpeg,cavallo
OIP-rnThMD4gmoulsMsfG_sRDwHaFj.jpeg,gallina
OIP-RnvhMydLzwp2ZJjQRLhh3AHaEx.jpeg,pecora
OIP-roEGJYHyIOFWV_HKjq-9zwHaF7.jpeg,scoiattolo
OIP-rOKmLtxgursEicZvxRv2BwHaE7.jpeg,pecora
OIP-RoNSsFFIK02XifCW75XzOAHaGI.jpeg,gallina
OIP-RoXUKZZ7uPzWprXfU5qA3gHaE8.jpeg,elefante
OIP-rp3lhaiomNstxHUCj1PKbwHaE7.jpeg,elefante
OIP-RpqBdT1E5VGb0AVx1H2msQAAAA.jpeg,elefante
OIP-rPttC1SgiXWHdk1_gPPhNQHaFk.jpeg,elefante
OIP-RpyTLN9VWjDXLEeT0__GLAHaI_.jpeg,gallina
OIP-rPz5CjajA5ARE8HICWcVqgHaFj.jpeg,gallina
OIP-rQ9MQ7eyxXy1B_5W4sT9gAHaHa.jpeg,gatto
OIP-rQDWE2tQJncNCXwyGgtAoQHaFz.jpeg,elefante
OIP-rQeC7onUibv29DFCfIOnFwAAAA.jpeg,elefante
OIP-rQFOcvI1kide1sw8o5p0gQHaHa.jpeg,pecora
OIP-rQMebwObftP3Zx8m2qp-8AHaFj.jpeg,pecora
OIP-RqOSOIyXdAQJFb8DR8--8gHaFj.jpeg,elefante
OIP-rQRVw30F7o33fgfu3DcEeAHaDt.jpeg,gallina
OIP-RQUdQuQNhLkPsXZWqd1OZQHaGL.jpeg,elefante
OIP-rqXIuXs2cOJ624_EAGDPVwHaFR.jpeg,gallina
OIP-Rr1liScikEdXoexix9GcdgHaEK.jpeg,elefante
OIP-RR8_hV6GUQEiUsiZnSErugHaF7.jpeg,pecora
OIP-rradlxDjbyecExsQvUPxGQHaGw.jpeg,elefante
OIP-rrbiu6z0X4Iowd3jD6nlYQHaFw.jpeg,pecora
OIP-Rrc7X31l2Y4nxsOAnC_SUQHaFi.jpeg,pecora
OIP-Rrk3do6Og6e97wTMamoYygHaGt.jpeg,gallina
OIP-rRKuTmT6_7CuwIxgrGBdCgHaHD.jpeg,pecora
OIP-RRn7M4sRzlRCJv3IH1V0oAHaFj.jpeg,cane
OIP-RRprxY6URKEujziZevBccwHaJu.jpeg,cane
OIP-RRqQMwqTFTMC1ci9fl2SNwHaE8.jpeg,gallina
OIP-RRTR0zJkyqSUIM0ntXH7hAHaE8.jpeg,ragno
OIP-RrttbpaGbBa3FSlyExHtcwHaDx.jpeg,pecora
OIP-RRuDpTJEkeb1kghf1r9sUgHaLI.jpeg,elefante
OIP-RRX6BFterBtudSai-ReasQHaHe.jpeg,elefante
OIP-RSbIyWoiWn-KnVpZxxnYTAHaE8.jpeg,elefante
OIP-RSi2mAr5BzIm3vYsRiuevAHaFj.jpeg,gatto
OIP-rSiNn_KvPFH0qpYsvhCWewHaFZ.jpeg,pecora
OIP-RsIOOZeH-LHhwu7ZAx-BNAHaGh.jpeg,elefante
OIP-rsJf4ajgLyqpwD7H-r_49gHaLZ.jpeg,cane
OIP-RSjYAvGt71vQy3Fp8gl-7wHaE8.jpeg,gallina
OIP-rSkEM1181m-Bzyx8pDKgMwEsDS.jpeg,ragno
OIP-RsVUVc9Lc5tliRNQCg4kPwHaFS.jpeg,pecora
OIP-RSYXHUks6HDQIYA4k2ZZqAHaHa.jpeg,elefante
OIP-rT5lMsGpVHnoLtt27ZoAeAHaFm.jpeg,cane
OIP-RtDWJ0zKrfX3-MUwvjuJSgHaEc.jpeg,gallina
OIP-RTjZvkvNBYjtIgfs8e71kgAAAA.jpeg,gallina
OIP-rTkqfJhPCRetEHF_0oU1OwHaFA.jpeg,gallina
OIP-rtLifFSC9uZo1wwjpLAKzAHaDG.jpeg,mucca
OIP-RtNDQzEdpGZn9uAdtRocNgHaIP.jpeg,elefante
OIP-RTPZQue2HtimZfLLAQsZzAHaEE.jpeg,gallina
OIP-RTUR1V-NKCDDhNInGZwzBQHaEy.jpeg,gallina
OIP-Ru5QBDn1d7vAK_jPILWzpgHaJN.jpeg,pecora
OIP-ru_1LJHN_hT7erSEuSSsogHaEK.jpeg,ragno
OIP-ruAiJeObJH3c2QwJJAnXTgHaLH.jpeg,ragno
OIP-rucHdaKcXRmOard82tOt6QHaEt.jpeg,elefante
OIP-rUgbkX2OLnmYJpx9U9y3eAHaFc.jpeg,gallina
OIP-RUwUUaVC-py0QWW7xRDDgQHaEK.jpeg,elefante
OIP-ruy73-Hv9JVFdOE_CedwbwHaFj.jpeg,elefante
OIP-RUZhSWo-pLhX3ARYYEZ9fAHaFj.jpeg,gallina
OIP-rv3Ezu3l8X_cyIa7VjwhiwHaE8.jpeg,elefante
OIP-rvbEPO7N1otz-is-aXlcnQHaFj.jpeg,cane
OIP-rviItH5zRqoCdOX-NFPAwQHaJC.jpeg,farfalla
OIP-RvMt0OXaNxT-zIlmQZCPIwAAAA.jpeg,gallina
OIP-rVsW0eJ3MajmvmrtiNyLIAHaGH.jpeg,pecora
OIP-Rw3oXeu15B0uH3n7M7gIlgHaFq.jpeg,pecora
OIP-rWcop8JI7pD_9TH68AohBwHaE7.jpeg,elefante
OIP-RWIuXB2LkxSKO9SKll9dqwHaEI.jpeg,gallina
OIP-rwlDygDPJvvT6G9OdCJXVQHaKY.jpeg,ragno
OIP-rWlyGnrYgjcrZGwdpiZf_wHaJm.jpeg,farfalla
OIP-Rwtjr_sb7rU8nOofXsSYdwHaE7.jpeg,gatto
OIP-rWYatv8asBcISKlduQPTlgHaE8.jpeg,cane
OIP-RWzuUHNTA_CqPfx8FL7Y3wHaFI.jpeg,gallina
OIP-rX7HZz1rZZpiSs3XgPvl7wHaEo.jpeg,gallina
OIP-rX9_RRCh7Te-MrXOUOUFsQHaFj.jpeg,pecora
OIP-rX_tH9iQPhX_AvJRYOX1NwHaH2.jpeg,elefante
OIP-RXBcFaefb7Dbn6eqBAhosQHaE8.jpeg,cavallo
OIP-rXDrOnn-BG3Nj2BB0WbgmgHaGl.jpeg,gallina
OIP-RXdY82RPDsiOyvAExmGcqwHaHa.jpeg,pecora
OIP-rXGkW3vJU_tOlmjY-KE2bAHaE7.jpeg,farfalla
OIP-rXgn_gV0xgm-OEc-bMczfQHaFL.jpeg,ragno
OIP-RxjIlEcFGjtgAktQl7oN2AHaFj.jpeg,elefante
OIP-RxkDMlC41Yv8-PRysRkdngHaJt.jpeg,gallina
OIP-rXMOt-TMJ_80bYw08uhcxgHaF6.jpeg,gallina
OIP-RXzjwCnsbNh6QTgiMCwcAQHaEh.jpeg,pecora
OIP-ry4uN5lW44T2fOP10cjEoAHaE9.jpeg,gallina
OIP-RYHqGKgFI-twcPAs3TY3CgHaF8.jpeg,elefante
OIP-RYmertP_NJ2ppl3jqVumbQHaHg.jpeg,elefante
OIP-rYn4CqoRAa3dA1gM0DWxVAHaE8.jpeg,farfalla
OIP-rYR6hPeJTK7Nb-4X8DikFAHaHa.jpeg,elefante
OIP-ryUdx9NtdCj3pdQDGUbHgQHaHJ.jpeg,gallina
OIP-rywpnzoZJN4H_U4HYWiKgAHaHa.jpeg,mucca
OIP-ryww-mw1mcc9o3njL7aKBQHaFS.jpeg,elefante
OIP-RyxILCHn80rwLJW6XHSdGgHaDl.jpeg,elefante
OIP-RZ9NrU8B1J3odb5A45TpVwHaG-.jpeg,gallina
OIP-RZBasqrx4vxiJiJUc8-rOgHaFC.jpeg,farfalla
OIP-rZh0UJdPkbJR9lzkkZymewHaHJ.jpeg,gallina
OIP-rZiTssC8y9El07-EszIiiwHaFa.jpeg,cane
OIP-RZl4MrTdY6VNw3puA_AgTAHaH9.jpeg,elefante
OIP-rZPPZGedElXo6LQoqYtDWAHaFj.jpeg,gallina
OIP-RzQ9mBIjmfO8T96iiwSb0AHaE8.jpeg,elefante
OIP-rZWxUw4GjJWQsc1Od-XsvgHaD4.jpeg,gallina
OIP-RzxQYc78ePq9GkgiUyruVQHaDt.jpeg,gallina
OIP-rzZevHTWT9qss7yaLNuI9gHaE8.jpeg,gallina
OIP-s-NxR-owkTdahQkVfuhy0wHaFV.jpeg,elefante
OIP-S-RQ0zckDF0Ge7ZMdC19-gAAAA.jpeg,cane
OIP-S-SnCC8ahLBAotGKddu3cAHaE8.jpeg,elefante
OIP-s0_T5DqCCRdEY90ooSKTDQHaFj.jpeg,pecora
OIP-s0bCn46ISAPlvk40zjw19wHaFH.jpeg,gallina
OIP-S0C8Z6i12LUZYkvOZUmLFgHaFj.jpeg,gallina
OIP-s0ObvbfNsXL0nQ3guQcrmgHaFu.jpeg,scoiattolo
OIP-S1IKR8DcyGtTO41O8k1tFQHaFP.jpeg,farfalla
OIP-s1ZsxZoMsb1DV6khAZYKSgHaFj.jpeg,elefante
OIP-S2EXoTc5HlxAgnCSG42h6QHaFi.jpeg,gallina
OIP-S2eyQWRhIC6X54JIALkOZgHaFj.jpeg,pecora
OIP-s2KwuVIO2p9bboWuhXar2wHaFL.jpeg,ragno
OIP-s2nXCm230mlYBRvtn23jWgEsDE.jpeg,pecora
OIP-s3caCBCviY4BaeSSPeBtugHaIp.jpeg,cavallo
OIP-s3EQAlCg457cE7ipFXC_1wHaGl.jpeg,gallina
OIP-S3f4MlyhiSYl1S6qvFiq7wHaHn.jpeg,elefante
OIP-S3ujjl-J1O1K0ELZyCoR1gHaIN.jpeg,elefante
OIP-s3WTGJHcEjgQ30_rv3Ed-wHaFL.jpeg,elefante
OIP-S4DQwZ9-v3luNBjVX5CF1AHaHy.jpeg,elefante
OIP-S4UTYt4Hs6wmqovQ7nKgCAHaEL.jpeg,gallina
OIP-s4ZREMDAaPCD8LV5J5LROAHaGn.jpeg,gatto
OIP-s51fggjT2taXCPeTF8B8swHaE7.jpeg,ragno
OIP-S57Jld0ZmYnjq3P6nBSEHgAAAA.jpeg,scoiattolo
OIP-s5ejYvlKFMNZ7BBUOp-YswHaIH.jpeg,pecora
OIP-S5k4xZdLarmUJeF-URTaQgHaFj.jpeg,pecora
OIP-S5MqPN8adBG7eIPq7atthAHaE9.jpeg,mucca
OIP-s5sPIehyGsP7NSz2--7irAHaFj.jpeg,gallina
OIP-S61DANE4mwm9rK_iaTmpdQHaHa.jpeg,cane
OIP-S6guRdw14s0cTyGxRnxtGQHaHa.jpeg,elefante
OIP-S6h6uCAumoBszCegWg4d5AHaFj.jpeg,elefante
OIP-S6pgIyBqP9c6eQANA3nRXgHaFj.jpeg,scoiattolo
OIP-S6zbIMPixlwhY9yBTkQjeQHaEd.jpeg,cane
OIP-S7jCR9B6MNr4H3EMbPoQTQAAAA.jpeg,ragno
OIP-S7kjT2mko0PkpJDiquW33AHaIb.jpeg,elefante
OIP-s7t0p0bJU54ifIQY-rZiJwHaFd.jpeg,gallina
OIP-S7tKog7Wzzbv4BCzZRxU-gHaE7.jpeg,gallina
OIP-S7U2ozgA-cW0KAljHIhlzAHaHa.jpeg,gallina
OIP-s8DOf2zn9_DKTrWHV6-kKwHaFI.jpeg,pecora
OIP-S8rpZPEwLXpAXqhbP0fIuQHaE7.jpeg,pecora
OIP-S9f_DAx418jF0y2t2sphGgHaHa.jpeg,gallina
OIP-s9M0JpNeOthXLVAeADgpzQHaCH.jpeg,gallina
OIP-s_6AN9E1IJZU8P9siNmgXgHaEG.jpeg,cane
OIP-s_9tmuIsVlQSSL3Mhes07QHaGl.jpeg,gallina
OIP-s_C_4So21S0SccmO493-LgHaEK.jpeg,gallina
OIP-S_lRdDg2MJPCgGvs-JxLKgHaFj.jpeg,pecora
OIP-Sa1HX_2UhZJd6oXKbh63yAHaE8.jpeg,gallina
OIP-sa2e-RPVnvMEKhT2a0r4fAHaFa.jpeg,ragno
OIP-SAexHo5gbI_VJl-T1tfrkgHaE7.jpeg,elefante
OIP-sap_jb9-UjjWL7UDSb8YewHaHa.jpeg,gallina
OIP-sASX245X0KzwcDYUfFNVpgHaE7.jpeg,ragno
OIP-sAX7pZK8Ol0osxiZE-d66wHaFj.jpeg,elefante
OIP-sBgVDq50nGssGsMgd09SOgHaEI.jpeg,elefante
OIP-SBp_Cv8n6RsBtokdD-zdlAHaL_.jpeg,elefante
OIP-sbV40077p9e3Y6xFtdAU-gHaD4.jpeg,elefante
OIP-sc_PN6vFuZeQcif7cNfhjgHaDf.jpeg,scoiattolo
OIP-sCbS38sfDdeEhRUn_I7GEQHaE6.jpeg,elefante
OIP-sCi--0b-sI9vKYlkqUkrpgHaFj.jpeg,elefante
OIP-ScS1TliiC_X6tRXk5OGkCwHaE8.jpeg,gallina
OIP-sCSFgyoIipyXxaSAG4EZpgHaFj.jpeg,farfalla
OIP-sCUpvB9j66SJhJfCha749gHaGu.jpeg,ragno
OIP-ScZPL7Eg9WEoJYbbZyaO3wHaHa.jpeg,cavallo
OIP-Sd17Br7CDIOvzWt1IgEogwHaHa.jpeg,pecora
OIP-Sd24rB0ktPpbEGA8WUcltgHaE5.jpeg,cane
OIP-sd4lul64lthISEX36BKO2gHaGL.jpeg,gatto
OIP-sd87PeHqU2bDBmRwpKwI0AHaNO.jpeg,ragno
OIP-sdCfjse62svUrwKZNaceLgHaFW.jpeg,gallina
OIP-sDNqPJCs7yylXgOGqKyq8AHaFj.jpeg,gallina
OIP-SdUmR593EIyRY8Tr7EuRgQHaFg.jpeg,elefante
OIP-sDv4l2XxK-bDj7_8yS0F5AHaFj.jpeg,cavallo
OIP-SDyO6sifakJM1Twmt0W47wHaFj.jpeg,cane
OIP-sDzW_Cjlx-RvZUAebxAE3gHaGP.jpeg,pecora
OIP-SEGxqcuQA3ntEXP2r2N6uQHaFn.jpeg,cane
OIP-SehmQRlNbsJ4dratCX_kYgHaE8.jpeg,cane
OIP-SELGUyWrdbK0AoESKWWDsgHaE8.jpeg,elefante
OIP-SENS_nfwlSEg7rdRty6qFwHaFj.jpeg,gallina
OIP-SeP24jITiXU8pq3aqmmg6gHaE6.jpeg,elefante
OIP-SerWzXmqcu_D52JnthkVzQHaE7.jpeg,gallina
OIP-sEu5WsW4rXMoB77g4EADCAHaJy.jpeg,ragno
OIP-sEvyILYDpvW6pbUj8-h43wAAAA.jpeg,elefante
OIP-seWKklREWeBS-MieuaPawAHaEt.jpeg,cavallo
OIP-SewZcKJ0pA6b3cLOw39NfQHaFj.jpeg,gallina
OIP-sf0bHOu-UOJ4jQNreABeHAHaFj.jpeg,pecora
OIP-sF10sx_QvLK09LV4XI4WwAAAAA.jpeg,gallina
OIP-SF6Gp8GTAn1H3hxNdjHN-AHaF9.jpeg,pecora
OIP-sfcDymvig-AyuMK1EEspIwHaJ4.jpeg,elefante
OIP-SFeK2bcP4HONI08tXsktMwHaJz.jpeg,mucca
OIP-SFEUaT-iXC8BXpAz7vIVHAHaGS.jpeg,ragno
OIP-sFFjGS6Y3h_dt1g3p1_i-gHaFj.jpeg,pecora
OIP-sFUIzuoRpACt0rFfYzk2PQHaE7.jpeg,farfalla
OIP-sfUlzrlH17y_BkoUFaycyQHaJ4.jpeg,elefante
OIP-SfXSqsDapwG2_3M3GW3FWgHaFn.jpeg,elefante
OIP-SFYSy-BOieQx_AWmZpg-bQHaHO.jpeg,elefante
OIP-sGKIsk2yDdbaV-Zs0fg65wHaFj.jpeg,elefante
OIP-sGovKcuAuie_a-P8q9VlIQHaE7.jpeg,cane
OIP-SGoZ6bzNrF19jww8_jDRIwHaFj.jpeg,gallina
OIP-Sgq5pUJIrqg1WhcLWaWpsAAAAA.jpeg,elefante
OIP-sGYaRmTCcoUgryi0jN2uNgHaEl.jpeg,cavallo
OIP-SgZ2RC1hXm64ZfxSf0MhCwHaE6.jpeg,farfalla
OIP-ShB-7p8ktwJrBmJCIIA4dwAAAA.jpeg,gallina
OIP-sHKVkgqdawQawx7KJtYIQQHaD3.jpeg,elefante
OIP-shlCSFsggMJjfk1yN-J9xAHaFj.jpeg,elefante
OIP-shpiD_nwvVJUsqUBBhz8HwEsDw.jpeg,ragno
OIP-sHQi3B5U6oQGuwcfF2lzdwHaE7.jpeg,scoiattolo
OIP-SHqj5YvCK3JeBuAaeEX0twHaEY.jpeg,scoiattolo
OIP-SHrw0yEPPmDWr6LaOzGYZAHaFj.jpeg,gallina
OIP-SHuw2i1tgctdFKEKodTboAHaFj.jpeg,gallina
OIP-shxErD__5bEuZ7rNVjRfjgDYEg.jpeg,cane
OIP-SHymDFz1cDbsBtCvlim5nwHaFh.jpeg,pecora
OIP-Si5cQJmzDLpY3xYxAVR4JwHaGk.jpeg,elefante
OIP-si_lJqwjk3p93VozlV24EwHaHa.jpeg,pecora
OIP-sICl9bg3UIUA9-IrgXrzSQHaE7.jpeg,scoiattolo
OIP-siEulto7pW4qzOHGPtyIDgEsER.jpeg,cavallo
OIP-siNtRWfiPwuVlwDBdmUJdgHaE7.jpeg,farfalla
OIP-SIUt8A1tjKifQpv1CtMInwHaFj.jpeg,elefante
OIP-sJ4WbKJXJLvUI-FgqmcZ3wHaGF.jpeg,elefante
OIP-sJ4xX_-BGoUUfRe2d12I2AHaEo.jpeg,elefante
OIP-SjaaLC4SB_28PSPAWH8WMQHaE6.jpeg,elefante
OIP-sjeHzofdssb2vtWhVM8PGQHaFj.jpeg,elefante
OIP-sjK-C6031IcBa21QWC4znQHaFj.jpeg,cane
OIP-SjO-tBhpW_5EV1vbO97zyAHaGh.jpeg,pecora
OIP-SjqZo0COW5ItN-J9awyJHQHaGs.jpeg,gallina
OIP-sjVvVxmch9fc61kPJu6QwgAAAA.jpeg,gallina
OIP-SJWjNJQx_bpluudm2d9r9wHaIQ.jpeg,elefante
OIP-Sjz2GnNuwrFrYsiTVMZMmgHaHa.jpeg,gallina
OIP-Sk68RX7ksGY5dTx_wPkykAHaHa.jpeg,elefante
OIP-sk9emz1EZ3LkIrrYE8RbXgHaFj.jpeg,pecora
OIP-SkDc_dGOn1VvkjrfJ97KpQHaHa.jpeg,farfalla
OIP-sKl_9z9dZrByea_zJIofWQHaJN.jpeg,gallina
OIP-sKnfpKgUIzIjGoNBs_2BvwHaNK.jpeg,elefante
OIP-SkuF9mv2qgX4jfsHtF_YxAHaE8.jpeg,elefante
OIP-SKvsrWKs3aYKlMsdgWa12wHaE8.jpeg,scoiattolo
OIP-SL0B690kQ_ehfUe7JRyVCgEsDI.jpeg,gallina
OIP-Sl1r86Oxfw3dy8KopI9uZQHaFp.jpeg,cavallo
OIP-SL4-drmFnDHWPK7OQ0X1kAAAAA.jpeg,ragno
OIP-sLCKDuccAOvge9b9QVjE0gHaIX.jpeg,elefante
OIP-slFK09-E7i-6IaZyD_oX9AHaFj.jpeg,pecora
OIP-slhykrhD8CLGVGOeyxMhfQHaE6.jpeg,cavallo
OIP-SlMYhr9y5AnBnJQs1J2klwHaE9.jpeg,gallina
OIP-sLo1TgGIJj5DmkpgSfmbWQAAAA.jpeg,elefante
OIP-SlONAhirl_6qbZl0Su4RZAHaLj.jpeg,mucca
OIP-slrNiDaGG9vfGb9rYH8V7AHaE8.jpeg,scoiattolo
OIP-sLRQVWDTq8vot2ohXC9G_gHaFj.jpeg,elefante
OIP-SLt6HAfc3iRXfS2DxKFhrgHaE1.jpeg,pecora
OIP-sm7U5DOXvO_eTWgC8MUn3QHaFx.jpeg,gallina
OIP-sM9ScyIR9AVNpzk4by7YHgHaEG.jpeg,elefante
OIP-sMB0Ydf2b9k1iHumLUH3wwHaUd.jpeg,cavallo
OIP-SMbjYAjAhrCNqZSvAh9qewHaEr.jpeg,pecora
OIP-SMcckrmDThLGsTQjp4DpQgHaFS.jpeg,elefante
OIP-sMGGRc6H9Dhwh1h8yHuejwErDQ.jpeg,gallina
OIP-smIZrMqdoXdWDjbaHIlAbgHaEo.jpeg,elefante
OIP-sMs_7AJvO4RPV931TyL9egHaE8.jpeg,elefante
OIP-SmSSXnra7XvF6n22R_jxCgHaHa.jpeg,gallina
OIP-sMWZFznxn4dnm_TiIsgXGAHaFj.jpeg,gallina
OIP-SmZjMLnWd7_cnPDXsKWq_gHaFY.jpeg,elefante
OIP-smZo9c9Ng4GI8JjE7X-fhgHaFO.jpeg,gallina
OIP-SN1AvXeYS62PH0eGW0r6RQHaFf.jpeg,elefante
OIP-sn2iT643bmvyhqVqtlmdngHaFj.jpeg,elefante
OIP-sn4bKI8ZY6psVIyykbNB7AHaFX.jpeg,farfalla
OIP-sn9wRB6hzEvAgwr7WvbfyAHaE7.jpeg,gallina
OIP-sNGaO8HspwHfNfmVVrDZpQEsDh.jpeg,ragno
OIP-snGWmvZlGaXNSHTNUpr5CAHaE8.jpeg,pecora
OIP-SnhcZWACk4pUAas7B63PFwHaFV.jpeg,ragno
OIP-sns2SIZL4TFpjKto_xjE1AHaEK.jpeg,gallina
OIP-SnSrSek6up8kGrmqN1qOSwHaEc.jpeg,ragno
OIP-SnVTbOSBcZN9rkIag5SkrwHaFj.jpeg,elefante
OIP-So8q1Rxxc6Md6Gfn_oqgugHaJ4.jpeg,gatto
OIP-soBk2LgGVS5IO6tmUeDZtwHaFx.jpeg,ragno
OIP-SogIbYLFZ1gHRSHK721zmwHaHg.jpeg,gallina
OIP-soHUKlJN1O6ib4ENR-BfrAAAAA.jpeg,gallina
OIP-sOkMOcqtOpxVqnYELV5sAwHaEK.jpeg,elefante
OIP-SoNEfzRK3DVdGMwjUnFUFgHaGD.jpeg,elefante
OIP-sOpuGh7f_HdRHO62l3oAyAHaKc.jpeg,gallina
OIP-sOXObf_S7_ykz9omZI9E7AHaIy.jpeg,cavallo
OIP-sP3_zcXpEObd1UEE2vDR8wHaE6.jpeg,elefante
OIP-Sp6agebSL0QWkbPuzOW3vgHaKT.jpeg,elefante
OIP-sP6m5HnCpGlWyIRBQ_lKGwHaFM.jpeg,cane
OIP-sPfdZdiARhXROSd3z4bGKQHaGl.jpeg,gallina
OIP-SPqo2n3-aUZYuzj3TrdPUQHaFW.jpeg,gatto
OIP-SPrEJS7cpLAi09zk4juyYgHaE6.jpeg,mucca
OIP-spSfqC_Zu4BaETOdPG4S2AHaFj.jpeg,gallina
OIP-sPSp-d0HN1yE-GfMxHSrtQHaF7.jpeg,cane
OIP-SPx0POO4f51gfLh44TcGJwHaE8.jpeg,elefante
OIP-sQ25Kyv8Wv2aCsCka1S95gHaC9.jpeg,elefante
OIP-Sq5F0wQIo9HJfxYpabuL_wHaFj.jpeg,gatto
OIP-sQ_r2ycLQ5DCieXjzh25tgHaF7.jpeg,pecora
OIP-sqCJI0D_GaGcAl16oCVBugHaJl.jpeg,elefante
OIP-SQGHMqrYk1IX4PGH3aTbxAHaFj.jpeg,ragno
OIP-SQGtymyosmHfzXJ423sySgHaIW.jpeg,ragno
OIP-sQJIjTzNtO-8dRDmzjEgEAHaFk.jpeg,elefante
OIP-sqlYeh-4_61oyQE8WTWHYQHaH0.jpeg,elefante
OIP-sqn2YAGoUw5v9JR2qtbCVgHaHa.jpeg,farfalla
OIP-sQnlbk8ACYGmQjV7SwK99QHaEK.jpeg,cane
OIP-sQQWw0xUOQQMdlKZQxtXnQHaEn.jpeg,gallina
OIP-sQSJG3bC0QrsmJfPhDyjsQHaDt.jpeg,elefante
OIP-SQSKe0JQ-KDjsmFLd_9ccwHaFA.jpeg,elefante
OIP-SqSXfPz_DQRNfMQK8NQd1gHaDy.jpeg,elefante
OIP-SqU4Sm5x3ah2rLth4DdQNQHaE8.jpeg,cavallo
OIP-sqVc7yfnJ-KNpn60kZFrRAAAAA.jpeg,gallina
OIP-sqVum3nYFwl8b197Y_i33QHaE8.jpeg,pecora
OIP-sR-R7uzbSz5cBoMNO64pDgHaG_.jpeg,gatto
OIP-sR-TBXrr7pFms1jHcOng_AHaFJ.jpeg,farfalla
OIP-sR0k_qNcBe8FRMn8Dv0cFgHaFj.jpeg,elefante
OIP-sr1jR8jOS9cU6i9KI45TKgHaEK.jpeg,gatto
OIP-SrAvUgHlqQDdW3dPW12wRQHaEk.jpeg,pecora
OIP-SrbEBzRGqYXhOo1FYeoyRQHaFr.jpeg,elefante
OIP-SRHmM6xDWzCrOM5k_Hc8cQHaKG.jpeg,pecora
OIP-srjYtCkDtDFP6NDkOhzmUgHaI6.jpeg,gallina
OIP-SrKhoB_6nRTg4Wn1MSZ0TgHaGw.jpeg,gallina
OIP-Ss4LvN1qBiPQS0Ch5gvqrwHaHa.jpeg,mucca
OIP-sS7okrsKnRJhJUj0BeY2wgHaEK.jpeg,ragno
OIP-SSi3tUnE0QfLtepPGUF0WAHaGF.jpeg,elefante
OIP-SsSkkIJdnBIFjTCoM_k5kAHaFj.jpeg,pecora
OIP-SSu1VqLjOa0O_rlVubCglQHaE8.jpeg,mucca
OIP-sT8hM1L6qkYFFuoYyhhOgAHaFj.jpeg,elefante
OIP-STdlsbIaFXV76VMru1_NpAHaHa.jpeg,gallina
OIP-sTEpXGjpRjg-pW6rEF_bFwHaEK.jpeg,elefante
OIP-sThA-84yob5YSxTIhj5vZAHaFz.jpeg,gallina
OIP-sTIAIr1PDuG_RsaRsbaXQgHaIx.jpeg,elefante
OIP-StpiSMAr1wD46cX1-4oDqwHaED.jpeg,mucca
OIP-stRchetD9xxVHs3rR1eNvQHaE_.jpeg,pecora
OIP-STUjBDJDLzsX-Fl3g1NsLAAAAA.jpeg,elefante
OIP-StYd_RTxu0Y6DYCw49ZvpwHaFK.jpeg,ragno
OIP-STzD_1hsSX-CJmPyv7mj8QHaHa.jpeg,elefante
OIP-sU4XeZku8Edw0qzRUQuESgHaFj.jpeg,gallina
OIP-SU6Py9sJAQdC52AP1zhVlAHaEK.jpeg,cavallo
OIP-SUCOsfhJzq7pEvIi7z4BqgHaEK.jpeg,elefante
OIP-SUCqyMyTaaS21hTVt8C93QHaFj.jpeg,gallina
OIP-SUDhtgMeKnd5stU9hkF3gAHaH7.jpeg,gallina
OIP-suKh3sfIjAt81xlNqTjtlgHaE8.jpeg,scoiattolo
OIP-SUtvtTATeX3-WuP61EaWpAHaKL.jpeg,cane
OIP-suVEM4WxuVLXpOOOS8fE1gHaGr.jpeg,elefante
OIP-sv0Fa6e8tfGEbdouczQq_gHaFg.jpeg,elefante
OIP-sV0RBe-qFR24C1YHOI60CgHaFk.jpeg,scoiattolo
OIP-SVGOE9e4CojFZEDPRBXP4gHaEK.jpeg,elefante
OIP-SVJ53BnRjRBoU1N84ZEK9gHaFj.jpeg,cavallo
OIP-SvLd5ROxhLJSwnAHUi3OegHaE8.jpeg,pecora
OIP-SvNOAhbiWqiT0vpmxdV_zAHaFV.jpeg,pecora
OIP-SVOVWEAqxFMBT2HV__9pcQHaF_.jpeg,cane
OIP-Svth6v-e_LxRqyujVvfDnwHaHg.jpeg,elefante
OIP-sw0iz7zjjr60HfYXtwbxLwHaET.jpeg,gallina
OIP-sWdoGTEne-VxOOb0CFyG4AHaF6.jpeg,gallina
OIP-sWepSeSdZ9bvAD0pArPuMwHaFj.jpeg,pecora
OIP-sWhAckYnDojjraKjmAeQWgHaDf.jpeg,farfalla
OIP-SWjYhAhITa-eR8AMFE4fUwEsDl.jpeg,ragno
OIP-sWM1GRzOggumOL_NEPOsAgHaGN.jpeg,farfalla
OIP-SwOALSvcbYgWQDGNh5EdaAHaD4.jpeg,gallina
OIP-sWPXA7isJcfZ9gtd-8U7uwHaFj.jpeg,gallina
OIP-swq3FzBcTnhf3bqMomKoxQHaE7.jpeg,elefante
OIP-SWr2wjZYlY78uw7j0OWolwHaFj.jpeg,cane
OIP-SwxeT985A5TaqlIU9vPuDwHaEK.jpeg,gallina
OIP-sWyDfd3I39eDd9mJr7WFOQHaE8.jpeg,elefante
OIP-SxczmgATqwjZ31byls0lDAHaFP.jpeg,pecora
OIP-Sxib1kN2J8gmTApOtD5hAAHaE9.jpeg,gallina
OIP-sXkterPJPpYGo25MzWWG_gHaFv.jpeg,cane
OIP-sXRAeuN1lgEPl43rZQC2tQHaFj.jpeg,elefante
OIP-sXsBWYcDPWBK5MUdROls6AHaFc.jpeg,pecora
OIP-sXSYBEqxVYdhg8S43WZoIQHaFj.jpeg,farfalla
OIP-sXuT5UBcMaXOzJQTryQ50AHaH6.jpeg,gallina
OIP-Sxz7ALi0FDvONnOTrnELbwAAAA.jpeg,pecora
OIP-sy-GpjGjJD4iGt-Iu_SnEwHaFj.jpeg,gallina
OIP-SY0AoGdDpYcAOAnVs3mgXwHaE8.jpeg,farfalla
OIP-sy26HF5k6Dco1-qmpOkq1QHaFj.jpeg,gallina
OIP-SY4wnHw3SNLEzhUc5os7bwHaE_.jpeg,elefante
OIP-sy638dGmvvs-InaptBnMDQHaFi.jpeg,pecora
OIP-SyAly6Jegw12dYcG1wXn-AHaFj.jpeg,gallina
OIP-sYNIUwH1jF9CjdUxxWGccwHaIM.jpeg,gatto
OIP-Syo1XWDTH-JVizMqEsj1jAHaG7.jpeg,ragno
OIP-sYOrKBQU1wlnp-nCzpyDdQHaHa.jpeg,cane
OIP-SYSbA-KX5MJW0VAZtah59wHaEx.jpeg,elefante
OIP-SyssiGKkWdWhHqSRDEfoFQEfDZ.jpeg,elefante
OIP-sYwkUdHDWCyLR48JTgsdSAHaFj.jpeg,gallina
OIP-Szb7HqyG-ceTBuL4dMlipQHaFj.jpeg,pecora
OIP-SZBfgtar5m2xT3Vl3EN6lAHaE8.jpeg,elefante
OIP-szmk-9ImYlZLlezHdeKXeQHaKJ.jpeg,gallina
OIP-SzMPMVl4uG878kdyd6QygwHaFj.jpeg,pecora
OIP-SZpu0lbA0eCR68IveXKWNgHaFL.jpeg,gallina
OIP-sZTylYawFk4HLrqIkOqxxwHaE8.jpeg,farfalla
OIP-szv1hun2irUHZC9ySzAeOwHaFj.jpeg,elefante
OIP-SZWvCiF6xOjRF7IRzZCgwQHaFj.jpeg,scoiattolo
OIP-sZYxx5GBwRh8P1yT3vo8pAHaE7.jpeg,pecora
OIP-t-5wfwdi8V5FNwACD7xGnwHaIL.jpeg,gallina
OIP-T-8Fcne6iCwigeUN-iSsIwHaLH.jpeg,gallina
OIP-t-Kuvm5z8jDOEcQArhW23AHaEK.jpeg,pecora
OIP-t-lCH5jrbtyW0yZUMFriQAHaER.jpeg,scoiattolo
OIP-T0AxbM_jdpgnxpQj9WuY5wHaIw.jpeg,pecora
OIP-T0DuGcnWuwdfSVQkTpDKvgHaE7.jpeg,ragno
OIP-T0pqasnNHG2S-YlZi7UfWQHaFj.jpeg,gallina
OIP-T0tSbCnGc0pGc1ja5c7XfgHaHa.jpeg,elefante
OIP-t1aO2U2OObmubIU5gkrJbgHaEK.jpeg,pecora
OIP-T1NHGdUhDHlfLrON-59n0gAAAA.jpeg,elefante
OIP-T1odt0DysqybU07BO2tv8gHaFh.jpeg,elefante
OIP-T1tb4zjIrNJGosb4cIXDnQHaE7.jpeg,elefante
OIP-t1VAec44wIWs9P6Kv6Vc9wHaFO.jpeg,scoiattolo
OIP-t1wUS9twi5umHrZI-WeNkgHaFi.jpeg,ragno
OIP-t2-0bAoePBRwd8HLN37QEQHaGC.jpeg,elefante
OIP-T2aaQYLIYt1R9DR77PGuVwHaHa.jpeg,ragno
OIP-T2IHb4otcz-9y4uXCDNuzwHaD4.jpeg,pecora
OIP-t38BIh0a9G0YxCu3laOAtAHaHa.jpeg,elefante
OIP-T3JvYRjj0YJ7ZZmPKVcjWwHaFj.jpeg,elefante
OIP-t3kg3wj9TgUXQA83nrS5PAHaFF.jpeg,elefante
OIP-t3kIG2QTbz9v2CYG6UHB4AHaEo.jpeg,scoiattolo
OIP-t3urm-iRQ6_WW38isJbXxAHaE8.jpeg,scoiattolo
OIP-T4AcRr_WfQ06uhCOGkPD1AHaFj.jpeg,cavallo
OIP-T4hFO2jwE1w7SCybMCMTpwHaFP.jpeg,elefante
OIP-T4jeJE-cUY6CoE8uJ9wS2AHaFj.jpeg,gallina
OIP-t55xyUscoq2TNEmB8yaJgQHaGn.jpeg,cane
OIP-T59kkY--ICInejt9Xfe3jQHaJC.jpeg,mucca
OIP-T5cqpi4f6MIpVYZUiQYYogHaFj.jpeg,elefante
OIP-T5FF_sNDQfTL7HzEhrmVYgHaFj.jpeg,gallina
OIP-t5FQZ4cCDZq_XPt65eDbfAHaE7.jpeg,elefante
OIP-T5UGJ3Hkd4-KxTt6ozTeEAHaHv.jpeg,elefante
OIP-t64KZABcg4goXiaS4I4rAwHaE3.jpeg,farfalla
OIP-T6DFUZ3mUE2f-sqdywBlBgHaH4.jpeg,pecora
OIP-t6E9mmi9bxUu0XYEkgXaJAHaHT.jpeg,gallina
OIP-T6qc_VtP6VSpgDg8l08QUwHaF7.jpeg,ragno
OIP-t6Z-I-8jQ1yf8C50wBI5FgHaFj.jpeg,elefante
OIP-T7C23ZRDe2UNJbWxiZ3VxQHaGG.jpeg,elefante
OIP-T7fTxdK6T3o2DQEc00_23AHaGT.jpeg,elefante
OIP-T7Ip_Uf5c-tsv1YvMFyrUQHaJ4.jpeg,cavallo
OIP-t7MKUgNHHvOuAhF1pEb3MQHaE8.jpeg,elefante
OIP-t7TrPeZjEuHHas6vu-5PigEsEK.jpeg,scoiattolo
OIP-T7tTww-uiCnZZa1bmuaLIQAAAA.jpeg,farfalla
OIP-t8_D9KMzWl1Txrv47uVDggHaE7.jpeg,scoiattolo
OIP-t8u_ULRiVFKnNE5icKp6PwHaFP.jpeg,scoiattolo
OIP-t8Wnz_y3QGXpk0h3i5vg3gHaGy.jpeg,farfalla
OIP-T9-mi3oR2qYTiTStudUuEgHaE2.jpeg,cane
OIP-t95KOYliiBkovl3YrJod_gHaE6.jpeg,gallina
OIP-t9JbRvjRZ_cy6AydjFo0LAHaFc.jpeg,farfalla
OIP-t9qeVgSBJpk1vbeizomcEQHaE7.jpeg,elefante
OIP-t_d0F3ECZF0jcQ2RJ4RK5QHaE6.jpeg,cavallo
OIP-t_N1JTb3eWRpkktpRhFQkAAAAA.jpeg,elefante
OIP-T_SpLEgbzKoPMkS78y_HLwHaFL.jpeg,ragno
OIP-T_Vsi1yq0AS42uXflq9R4gHaJd.jpeg,pecora
OIP-Ta-9FXG6Fc-5T0E16tlocwHaF8.jpeg,elefante
OIP-Ta4EK5VKkka_4yq5Tr_s6AHaE8.jpeg,gallina
OIP-tai1c5ORGHE6gKsb_4N7SQHaFx.jpeg,gallina
OIP-tAi6MmWWs9ngMFQi8S7S-gHaE5.jpeg,scoiattolo
OIP-TAMg8unY8r7Dti07s481UwHaFj.jpeg,mucca
OIP-TAOAfYxYABOeytO_-wQDmQAAAA.jpeg,elefante
OIP-tAQMGn7PrOlkC9khpi-RQwHaFj.jpeg,elefante
OIP-tAvpXJ339y4zHefNcildQQHaJy.jpeg,gallina
OIP-tay-oPXFexrWima3nwi2cAAAAA.jpeg,elefante
OIP-Tb2VKr6uoXwvoj9oe4MDYAHaGL.jpeg,pecora
OIP-tb3HSLxrBJ6L1NDQah6uIgHaHa.jpeg,gallina
OIP-Tb6pPRwBY4AWLvWhtWCGfQAAAA.jpeg,elefante
OIP-Tb8fqgflGU3HF5OMYsImugHaFH.jpeg,gatto
OIP-tbB-Wluu_7Fhq6pev8P1-wHaHc.jpeg,elefante
OIP-tbDCls3PywwDe98GuL4qswHaFk.jpeg,elefante
OIP-Tbfcab7ADB6nnqeFGC57PAHaFe.jpeg,gallina
OIP-tbgg-0HYeTB35fvzfnXkHQHaHa.jpeg,gallina
OIP-TbL_qmHFbvM9lLxWSKY8UgHaFj.jpeg,elefante
OIP-TBqMSmpXOYA1oN84f-58gQHaJw.jpeg,elefante
OIP-TbUcrgqR3KwVzAIeU5LyfQHaE7.jpeg,elefante
OIP-TbUJBkDMSlEm97eAy04njgHaEt.jpeg,gallina
OIP-TC5St9ZLq8L2N1pGolLYRwHaE7.jpeg,ragno
OIP-TcDhd8N0fgZ_fClQoVrK2gHaJ4.jpeg,elefante
OIP-tcgd32PGYDIH8YzcbeIcpQHaFI.jpeg,mucca
OIP-TctdnonHpH3GewstVy3ThAHaE7.jpeg,gallina
OIP-tD2Rw5U8cg3FSwdiJB-2lgHaE6.jpeg,elefante
OIP-Td6MAJ4KYI29MSCQECtTVgHaHa.jpeg,cane
OIP-TD6s1urlEQWjXKu2n9vwAAHaGP.jpeg,gallina
OIP-Tdb0JYARtIeMroK3agFr8QHaE8.jpeg,gallina
OIP-tDda1k0-h3KELy3Clxj4-AHaGL.jpeg,elefante
OIP-tdl9VsK25uYo-l8PLKSROgHaG0.jpeg,cane
OIP-Tdn47pexOyY46gGI7nInFAHaGl.jpeg,elefante
OIP-tDTlhDgN1nhzejF8Bq8vWAHaJW.jpeg,mucca
OIP-tDVLDEaEB6VmA4GnXGF0XwAAAA.jpeg,pecora
OIP-te0Na8q8erwMkFW3TWPz1gHaFj.jpeg,gallina
OIP-tE3jmPP2BgKcVp4fDgfETgHaFc.jpeg,elefante
OIP-te7NM8WP_4yEXsDyFtW3eQHaFj.jpeg,pecora
OIP-TE_Z4E_1d7Xg8SJZuu8lgAHaE8.jpeg,gallina
OIP-teFhM3TB-OL3YX5LSmCGQAHaFS.jpeg,elefante
OIP-tEhvifwaM_Hfl4CtONtAdAHaEK.jpeg,elefante
OIP-tekAai3YWrEtFQ-POLoBXwHaFx.jpeg,mucca
OIP-TEN6CHn4Xqrq02zAGuL0UwHaE5.jpeg,gallina
OIP-TeUmCMeP7BBubLnBnLUhcQHaF7.jpeg,gallina
OIP-TEyN_xqkU-HPQRAby3rLcQHaFj.jpeg,elefante
OIP-tF04BWXsawtGluZdYAxE7AAAAA.jpeg,scoiattolo
OIP-tF2tDj3ajhjPVozr-kQmCgHaEo.jpeg,ragno
OIP-tf9qQzQrv9ibF5zbsv723AHaGP.jpeg,elefante
OIP-TfCQtpNeEukFR16YKKEciwHaHu.jpeg,gallina
OIP-tFfpENRFdCVojfctu1xvTwHaG1.jpeg,ragno
OIP-tfg4sFDkxqQWeGuFWrTqcgHaHt.jpeg,mucca
OIP-tfGV1fucNYVTSSq1pyjJPgHaEK.jpeg,cane
OIP-TfKeJ4UOmXgKSRwrs3mVyAHaHa.jpeg,elefante
OIP-TfP_PRK4grae67JnJWzdxwHaFj.jpeg,scoiattolo
OIP-tfpN2mDEqLwXt6v6-1m0zQHaF7.jpeg,pecora
OIP-tFq6oRCii58mNLU2sDG-ygHaE7.jpeg,gatto
OIP-tfVcn7cDsr9b_QBhnhahFgHaE8.jpeg,pecora
OIP-TFxAxg4KTHXl1O7MWcyFjAHaE7.jpeg,farfalla
OIP-tfYCl1DVZsAwi7WuwIcQpwHaFL.jpeg,gallina
OIP-TfYs3tHczbuhAgCUaHoMnAHaHy.jpeg,farfalla
OIP-Tfz7NYBM7she_R0xDae6zAHaGK.jpeg,pecora
OIP-Tg7fC5kVmYRCcM_vx6lBrgHaHa.jpeg,pecora
OIP-TGCiqWv7MpWPqL1pZbVl7wAAAA.jpeg,elefante
OIP-TgIXN6s6I9xpG4Tyxpc8WwHaFb.jpeg,scoiattolo
OIP-TGjDPJ8s7sDnP3pUz7ZojgHaFj.jpeg,elefante
OIP-TGK6l0nmucs20FeKd3eB3wHaHD.jpeg,gatto
OIP-TGkk4t9wDfK3ExJDhdJ7GAHaGc.jpeg,cane
OIP-tGKMDJmZBC6Xm-_bKIjSawHaLG.jpeg,gallina
OIP-TgXxCOAUvdk-lA0O-llkdgHaD8.jpeg,ragno
OIP-tgxYsNR2TxCRFu5pekGTHQHaE7.jpeg,elefante
OIP-tGze_nWMKmqXBIKBoxbw5AHaE_.jpeg,elefante
OIP-TH9NjAh3mju8N8Wk9Hl56AHaEK.jpeg,elefante
OIP-thaGIfGS06fumF0L6MN96AHaF1.jpeg,elefante
OIP-ThCBd9NZ-v2K105PpvnwHAHaJ4.jpeg,gallina
OIP-THG9k0uy8aNnhNs5K-lrXgHaFz.jpeg,cane
OIP-thglWqn3oc7j_9U6g1VnvgAAAA.jpeg,ragno
OIP-Thiex1etn9dWM8u-zbU4ewHaFg.jpeg,elefante
OIP-thXB5Xdp2HZnFDRFXtsp4QHaJh.jpeg,elefante
OIP-ti5ErggD2kQ0AxmjML73UwHaG7.jpeg,cane
OIP-Ti7wRzpBQUlSvmdsfanUwgHaJ3.jpeg,elefante
OIP-Ti8x_q0g9HGl6XVmK69XgwHaFj.jpeg,elefante
OIP-TiC0eMz-KPPpl5eP8LmpcwHaFz.jpeg,gallina
OIP-tiCWxVUraHLcX-zcOdSOngHaE6.jpeg,pecora
OIP-tihVzFf3BBgLosx6vfa1MgHaE7.jpeg,elefante
OIP-TiiKQwMuSMjjH-t09VcPlgHaGE.jpeg,pecora
OIP-tIJsXkiV37V-9pjKzgTLKAAAAA.jpeg,elefante
OIP-tioL9ux3BcQOEODOEhUDLwHaFn.jpeg,cane
OIP-tiqL0K9opela5PZuQtqImQHaFj.jpeg,scoiattolo
OIP-tIy46BPg7SJqIl-QsrWvwQHaFN.jpeg,pecora
OIP-TiyQlZs3h4dgQm2PwH4IAAHaGu.jpeg,scoiattolo
OIP-tJ0BiAa0APOi3GNhtEYA_wHaE7.jpeg,elefante
OIP-Tj0cuZSXRpMC3XQrrlptUwHaHa.jpeg,scoiattolo
OIP-tj8xvAgMeLh-PGTQccj3QQHaF6.jpeg,pecora
OIP-tjbpnuOL-E6av2STORFAJwHaJ4.jpeg,gallina
OIP-TjdgekdgCPB7QGBGmF7R-wHaFY.jpeg,elefante
OIP-TJIP64zGL53f5BcqIw8bCgHaLh.jpeg,gallina
OIP-tJluPtwNvFKenO0MjabJLQHaFj.jpeg,farfalla
OIP-tJQoMCdjlclL3IwclTsmHQHaFz.jpeg,farfalla
OIP-tJtKtQ_V9be_8bPTx_7PuAHaFj.jpeg,elefante
OIP-tjUYHhZVaTt8iWqcdM99DAHaHa.jpeg,elefante
OIP-TJvzvG3tEhbLYxY1927SvQHaFj.jpeg,scoiattolo
OIP-TJZZpc25AQkEOtn-RR1s_QHaFB.jpeg,elefante
OIP-tK4E6wg-FAJpk_ODBg4_rwHaLJ.jpeg,gallina
OIP-TkHwzq7FjHPhdJ1h6cCr2AHaF7.jpeg,elefante
OIP-TkmznzHEfQeIpEIkDAP1oAHaGG.jpeg,gallina
OIP-tkXL69XTt5bRNeHnDYh2PQHaFi.jpeg,gallina
OIP-tL1_XF3X_cD_SOBQUUhboQHaFP.jpeg,elefante
OIP-tleKheLB3Wz_RmHzo8sRTgHaFj.jpeg,mucca
OIP-tLI0dVgSkC1eNOPRoTdsHwHaFb.jpeg,elefante
OIP-TlsbOMIhrVJWLlhq3kEkLwHaEK.jpeg,gallina
OIP-Tm9148SIn3A3lvuQhFiWiQHaE7.jpeg,mucca
OIP-TMDDDptNJbFk2u6tkNO1FQHaE6.jpeg,elefante
OIP-TmhA4P9KfG_I_jyI2p46wgHaF8.jpeg,scoiattolo
OIP-TMIdS_x9eCCLht9UxC18FgHaFj.jpeg,elefante
OIP-tMIp3g1v423ciNjEjTntNAHaDf.jpeg,elefante
OIP-TMMx6pJbq3LSr8QjLmEtOgAAAA.jpeg,cavallo
OIP-TmRbxXpIP0uKmiwNiiMtawHaGe.jpeg,gallina
OIP-TMXnKsk6NtZe5ubdxvzwOQAAAA.jpeg,gallina
OIP-tNaRnCzFQeFZGdRXwo50aAHaE8.jpeg,gallina
OIP-tNcRSFcCwZkWNKUP_pLrUwAAAA.jpeg,elefante
OIP-Tngc_TF61e9dmgpVbxtutgHaE7.jpeg,gallina
OIP-tNx71k7V0wUaJwrK2r8i_wAAAA.jpeg,ragno
OIP-tny4XdFtHOawk7j78X-ObAHaJ4.jpeg,elefante
OIP-TO0-J8JPoyB49I4DBYnNDgHaFj.jpeg,mucca
OIP-ToDDYQomoojPqLKPEVYkwgHaE9.jpeg,elefante
OIP-TOdPUdUNxXqMuPPwhdvXmwHaGy.jpeg,elefante
OIP-TodZY6m19uUmu53TOkJ3DAHaFc.jpeg,elefante
OIP-tOh7ajw-7M4luFyM8CBUxgHaHu.jpeg,gallina
OIP-tOkkj-QiPcGsxrk-2f4PzQHaJG.jpeg,elefante
OIP-TOqZvuGkcsWT3xzbDsIx4AHaE4.jpeg,elefante
OIP-tP0fow5YO7pmiu8wCrsstAHaEK.jpeg,elefante
OIP-Tp5YWjWtnx7Zw258R4ThJQHaE8.jpeg,elefante
OIP-tPbXv10RAK4-_Luf-3xDGwHaFj.jpeg,scoiattolo
OIP-TPdIIP6rqZMTVzNhAthr-AHaHg.jpeg,ragno
OIP-TPgVX3115EURByy0bVJfiAHaFN.jpeg,elefante
OIP-TpHLIIa6SXRe0XSdXnv87AHaFd.jpeg,gallina
OIP-TPHs-9GeaAaVnu96BnNOkwHaEi.jpeg,elefante
OIP-tpKL52CF4dHnTw26mS5r5QHaGk.jpeg,elefante
OIP-TpmGPXmW6eQgN2Mfltoi3gHaE8.jpeg,elefante
OIP-TpMuk79xHR5s8HPavTTTvwHaIJ.jpeg,elefante
OIP-TpNBd4R3lG6sBcpM6f9BzgHaLH.jpeg,gallina
OIP-Tpo_INQU0iJ5Jl9n7JptXwHaFj.jpeg,gallina
OIP-tpSW5_bJw8a8LSg-qGZq4gHaHa.jpeg,elefante
OIP-tpuoJACe98NhTNbyTXLvCgHaLJ.jpeg,gallina
OIP-tpvD5Kv8BnfqWErekwlBBgHaHD.jpeg,gallina
OIP-tPvqSpGfY02PxLSIAevRqwHaE8.jpeg,cane
OIP-TqaPxbp_N8afT3bNiVPwbwHaFj.jpeg,elefante
OIP-tqCBXbh1rnP2pYZPZmcRkAHaFj.jpeg,elefante
OIP-TqeJSf_ffwtmc7MzR94DwQHaLJ.jpeg,gallina
OIP-tQf_Ezx3qVUO_2QrtypK_AHaFj.jpeg,pecora
OIP-TqfAWH_XaSX47Dq-DK13OgHaE8.jpeg,gallina
OIP-tQmF0kwe-oKolG8mPJrB3QHaGJ.jpeg,gallina
OIP-tQn8CXxchQLsM_cu9aYwrgAAAA.jpeg,gallina
OIP-TqvyYTIYWXd7gec280GYngHaE7.jpeg,elefante
OIP-tr0q1fDCT9CpzzLXvKzplQHaFj.jpeg,elefante
OIP-Tr3vxeRO_VYbWvKLXNEhbgHaH6.jpeg,elefante
OIP-Tr_TyFEa6p4BzZNESsWLTAHaFj.jpeg,scoiattolo
OIP-TrBGf-q4KKIOPSVIHnLXiwHaFj.jpeg,gallina
OIP-TREPCM5Gy6etwLTdGvVZ4AHaE7.jpeg,elefante
OIP-TRjxSbM7QpJZR9afQaHX5AHaE8.jpeg,farfalla
OIP-tRLgcEcWgc0u1mK6qBOiRQHaIQ.jpeg,pecora
OIP-trMDUWeGJ40Bpvl6AGJnsQHaFj.jpeg,elefante
OIP-TROgBk7XyV-AGqkqdFbQogHaFj.jpeg,gallina
OIP-trqX0C2hw15pM6NlK0ypngHaEo.jpeg,elefante
OIP-TRRD2UEZXA90TRi3FM3K3AHaEk.jpeg,scoiattolo
OIP-trS6YbfnqjrO72iyOj09aQAAAA.jpeg,gallina
OIP-TrvRRwaofqr7h_YvezJetgHaE-.jpeg,gallina
OIP-tRyzSwCZ-P4Dj_-RUR5j5gHaJk.jpeg,pecora
OIP-TSNX1XKLqNwpWIL6swyqeQHaFc.jpeg,farfalla
OIP-tsRqzLBVeOPi0SDp-cmq7AHaGt.jpeg,gallina
OIP-TsTd9m0iusClQEOL-L6doQHaF1.jpeg,ragno
OIP-TtdHdQvlbDWQ32G50EcbFAHaE8.jpeg,cavallo
OIP-TtGCqRnL4mlFRI125J2MCwAAAA.jpeg,mucca
OIP-ttJ9aBzDTcPXFyHtV8EVCgHaFk.jpeg,gallina
OIP-ttJaf5X69tLWi2eIhp3eWgHaFj.jpeg,gallina
OIP-Ttk5VBelO982E8th6_aK0AHaFj.jpeg,mucca
OIP-tto2qMjZJ22AGtWPKTIuHAHaGh.jpeg,farfalla
OIP-tTOYri1zclJ1Nvv8ClJtpgHaHa.jpeg,gallina
OIP-tTqBBTA-n7n60afiLxu7HAAAAA.jpeg,gallina
OIP-tTVN2gAF9MF7F1iQW1KG1wHaGb.jpeg,scoiattolo
OIP-TtwC2Ide2fooxguNd-Ce4wHaFj.jpeg,scoiattolo
OIP-tu2yks_vMdiBoBPUlVQ-9wHaJP.jpeg,elefante
OIP-tU6T8qnVzpD2AgU8J2PaeAHaFi.jpeg,pecora
OIP-TuaQ8olTdyHkhe8COxwz-AHaFg.jpeg,ragno
OIP-TuldUDAF-WAASgqA_mZRSgHaE9.jpeg,gallina
OIP-TUMyYrLkyPgL8MF6Nq3M9wHaGI.jpeg,gallina
OIP-tuUTcvmbE08xIr7FalwQGAHaHa.jpeg,elefante
OIP-TuVlvC3KGwVNvfFZx49AKQHaFq.jpeg,scoiattolo
OIP-TV07-lJghBd5TDvanS9qowHaE8.jpeg,ragno
OIP-tV0FrlrKD5M9iAzVk6KPJQHaE7.jpeg,elefante
OIP-Tv_Z8YBw-mAaf_gWlffQcgHaHa.jpeg,elefante
OIP-tvbkdgRCRwOyanj11vD2XgHaE6.jpeg,scoiattolo
OIP-tVdUOtxlnY6vPh9BAPTUkQHaI-.jpeg,cavallo
OIP-tvNe8t0yELjDQZvgcUI_yQHaHa.jpeg,gallina
OIP-TvOAcQz_YUs_i6JjPxvGOQHaE8.jpeg,elefante
OIP-tW51YgcVe5LneUqY5N8_-AHaEK.jpeg,cane
OIP-tW5uO61hHguZEbAh4EXM3gAAAA.jpeg,pecora
OIP-tw7TiMyo-IvEYUrhuzkm5wHaE5.jpeg,cane
OIP-tWbQ8fQXdcdDkII6nOn5JQHaJ4.jpeg,gallina
OIP-tWhPvI2gn8dA0BedvJweYAHaFF.jpeg,mucca
OIP-TwIF5jCX6IeRvvCgQ-94igHaE8.jpeg,gallina
OIP-TWnJDX5W1ZCE9locQiYdpgHaG0.jpeg,gallina
OIP-tWPhvf8oWN8Sg_WgjGMtigHaEK.jpeg,elefante
OIP-twQJfJx6fr0GCMQEiyjznwHaHl.jpeg,pecora
OIP-TWsEzQE6NZ3ZC63gbeAEGQHaKf.jpeg,scoiattolo
OIP-TwsmrLqP7VPagz4tIS__kgHaHi.jpeg,pecora
OIP-tx4oXVNIN29M9JVgRq74JQHaKe.jpeg,gallina
OIP-TXKjsmVemHqbENoyP08BuQAAAA.jpeg,farfalla
OIP-TXkTRGskrRJzhJBgttQXbgHaHZ.jpeg,elefante
OIP-TxQiXYG2zhUvNUKbZtB7agHaEw.jpeg,ragno
OIP-tXvnbyiRBUGufWJNlu-kywHaE7.jpeg,elefante
OIP-ty-xHqgyW4lyb_haco0szgHaFy.jpeg,elefante
OIP-TY17paklc79ZYzTt_uAmHwHaFl.jpeg,scoiattolo
OIP-TyBzMo3Tg2AXwgzGhwsF0gAAAA.jpeg,farfalla
OIP-TyeQDuaP1ZpnPQmnll1mCgHaF7.jpeg,gallina
OIP-tYJ0rd7Hzk4eeII14L7iOwHaFs.jpeg,pecora
OIP-tyMKZOSKHzMMYvuw2XwfOgHaFj.jpeg,mucca
OIP-TYQWZpRN51eofy4fUpZ39wHaGK.jpeg,elefante
OIP-TYYgz-eedmD-eFV_D-8sOAHaFj.jpeg,gatto
OIP-tYYHNtfEzdyMNboNmYeD3wHaD4.jpeg,scoiattolo
OIP-TZ32PULL5XzriIIza5ZeTAHaLh.jpeg,elefante
OIP-tz9W20GxynlQ3gl4tl8hUgHaG8.jpeg,elefante
OIP-tZcgiYdtUaeaLMiUKf11QwAAAA.jpeg,cane
OIP-tzYoBhV-tvJBG9wWZbUkxQHaK0.jpeg,gallina
OIP-tZySmyoK0XWWx9P3nw9qmwHaE5.jpeg,elefante
OIP-U-5STWQTjVUHlncFdno7FwHaJ6.jpeg,gallina
OIP-u-bCgASp2p6afqkuTWfLbQHaE8.jpeg,pecora
OIP-u-FvIxNTBR6yLfgye3WO9wHaCx.jpeg,ragno
OIP-u-jZOzxwL03HdGPTHic5igHaHa.jpeg,gallina
OIP-U-PpacZcnEUrc37OWLViTAHaLH.jpeg,gallina
OIP-U056YEZzrFkOOQVa-PO_WQHaD4.jpeg,elefante
OIP-U05hiO0TzkrzNKaP9lOHrAAAAA.jpeg,gallina
OIP-u06T6wzFWJU_ZOJ5JDQIngHaE8.jpeg,elefante
OIP-U0pFVEmeprJweh5sjGBG6AHaFj.jpeg,gallina
OIP-u0PwrobFa-s2H2Ir8dCtQgHaFD.jpeg,gallina
OIP-U0SRxeUYnBGSJhb_YzLGCQHaFj.jpeg,elefante
OIP-U0XBLSegU-gsaHhQvj-wpAHaE6.jpeg,elefante
OIP-U0zchq96LY1ZB3uTJ5nRCQAAAA.jpeg,pecora
OIP-U1-cnejXOfA0_LVbx2IHYQHaE9.jpeg,gallina
OIP-U1CFTVF2RjC7sX6gcbYacwHaMe.jpeg,mucca
OIP-u1OJkTOdJw-in-LevqHMCAHaFj.jpeg,elefante
OIP-U23Httk-pjue0FVhRFI1WQHaC8.jpeg,elefante
OIP-U2G2itY_0zPhevcjMCdPegAAAA.jpeg,gallina
OIP-u2i0X4o7rtrbRPOyr0NfUAHaFj.jpeg,ragno
OIP-u2JO_RxMsX9ldRPHOVhS1AHaJ4.jpeg,elefante
OIP-u2K5hJLlXZtCOFjc6Lx8gQHaFc.jpeg,ragno
OIP-u2p7bbpwNEJlffZGqjCREAHaFj.jpeg,elefante
OIP-U2UUL7isivbRVA5mx4UzNAHaJ4.jpeg,elefante
OIP-U3BC_akr9SZCOBzTbMDy9wHaFN.jpeg,cavallo
OIP-U4j-7gGZYUKwYPruf3_aPgHaEl.jpeg,elefante
OIP-u4n3l7Ke0-Mjc7U4CuGn9AHaE6.jpeg,elefante
OIP-U4OGDMpfvQUt59YNxNdVFgHaFi.jpeg,gallina
OIP-U4P7a-eZ3zWhDj-eyGLP9gHaHW.jpeg,elefante
OIP-U4wOLGTiUq5biXP7VQ6TGgHaE8.jpeg,gallina
OIP-u5FgbAEhiROUL92boj53DQHaDr.jpeg,elefante
OIP-U5uifwFqr02osWh7MAY5tgHaFj.jpeg,cane
OIP-U65HnzI0AJMSAAo4iUiWogHaE7.jpeg,mucca
OIP-U67h6AxgUAvW9Pr1AERU2QHaEK.jpeg,gallina
OIP-u6kYfrWhnJsMpLP85uRz0AHaE-.jpeg,elefante
OIP-u6lqPFS4QqqKCwy0Lv0v-gHaE_.jpeg,cane
OIP-u6MXeHBsGWDgUbr6S7a29AAAAA.jpeg,elefante
OIP-U6OsrBIeFdy1_m4eqiGBSAHaHa.jpeg,elefante
OIP-U6vKLVwZt3CiggXeJZd4dgHaE0.jpeg,elefante
OIP-u6yhStFsXR5OW_AIWi1CmwHaFA.jpeg,gallina
OIP-u6Yqc65h4BXEcsEwsqQ4QAHaFj.jpeg,cane
OIP-u7-KgvBFflFZvXSbmtGtsAEMDo.jpeg,ragno
OIP-U7_91V1pc3YNLn7_P6XhmgHaGO.jpeg,farfalla
OIP-U7C4_etocUTfBg99QXHowwAAAA.jpeg,elefante
OIP-U7CoGeopzcsF6any42WZzgHaE8.jpeg,cane
OIP-u7oNLNYh93lb8acX2r04dgHaK6.jpeg,elefante
OIP-u7peR0ULGcY_8IBStomgOgHaHa.jpeg,pecora
OIP-u8KR9dL_yN_UgXPChCn0-QAAAA.jpeg,scoiattolo
OIP-U8lj9ZeNgvoAB5dqhmYCsgHaEL.jpeg,mucca
OIP-U8OHeQ24gmc5EZTNSx4s3gHaHc.jpeg,pecora
OIP-u8v9gMh9aRNnGEi0GZQEDAHaFj.jpeg,cavallo
OIP-U9eMZDAK4mhSEsJfpWWPUwHaFN.jpeg,ragno
OIP-U9f5d9-fhtXVo3erxresdAHaJ4.jpeg,ragno
OIP-u9OkdEiYx8ONjUNHrvPKywHaFj.jpeg,mucca
OIP-u9slGe3LPiWnCPaDa94igQHaFp.jpeg,elefante
OIP-u_3zhHJ9odj-q4V_WNWKewHaID.jpeg,elefante
OIP-U_H346yNnzIcKHLYzUHT4QHaGc.jpeg,pecora
OIP-u_JMQjon1pooolwlMwhPmAHaEo.jpeg,gallina
OIP-Ua4sBrVsqQl91d4lLQ8EQgHaFf.jpeg,scoiattolo
OIP-UAb2QXLU4Zq8wQVMQHN5DgHaFQ.jpeg,elefante
OIP-UANhQ3T71YSXFcwAt4iPTAHaEo.jpeg,elefante
OIP-UaWRYkuXfFuXHaX7eiEqSwHaE8.jpeg,elefante
OIP-uAxMn79-q0SnBkH2AVyiSwHaFj.jpeg,gallina
OIP-UB0mB8bK4rhLhu8ckbVa_QHaFP.jpeg,ragno
OIP-uB6Kuukn7XmPK5meOkAoXQHaFk.jpeg,gallina
OIP-uB6mXt7WyJrkuTWC9RIP1gHaFj.jpeg,elefante
OIP-uBDA4VvyhRTOoWj9O0zhVwHaFL.jpeg,elefante
OIP-UbGxsAkebKntmJOZgjdJBQHaFJ.jpeg,gallina
OIP-UbMCFAirOpIiyYhVK1id9AHaFo.jpeg,elefante
OIP-UBuflda6ycpk4LP4h1jcqgHaHa.jpeg,cavallo
OIP-uByanHxuMYNU5dnK_gPQ5wHaFT.jpeg,gallina
OIP-UbZjZsKGjt8Qs7wiLLpY9gHaE8.jpeg,pecora
OIP-UC7i4w44om031AE_e-nu_wHaEo.jpeg,farfalla
OIP-UCiSipXr_Fiib8w20M2YYAHaFj.jpeg,gallina
OIP-UcRuVw4LKiYQW1vuUI61KAHaGZ.jpeg,elefante
OIP-uctw3EaVeAk729RT34wzugHaFj.jpeg,ragno
OIP-uCWPd9Q7HcjW6B2nWkugewHaE7.jpeg,elefante
OIP-uD0INsqzerh5xp2Y6ZWKDAHaFS.jpeg,elefante
OIP-uD2PCQJ8Ktd32_CsVoMZ9AHaFj.jpeg,elefante
OIP-UdiTC7bgnVYQz5f1H0QcEgHaNK.jpeg,elefante
OIP-UdMdDoH1fHOWpMStI8BBOgHaEK.jpeg,gallina
OIP-uDtQGJMZU3s1KKm5IT8dywHaE7.jpeg,cane
OIP-Udvi0cautLU3O-Dpb4qWjQHaFp.jpeg,elefante
OIP-ue-DlsitayfpFJtnfWEcIgHaHX.jpeg,elefante
OIP-Ue1EdEa0Z_rmqf9LxJhV8wHaE8.jpeg,elefante
OIP-Ue3oB-kKJoPwqknf4SqfqAHaFj.jpeg,mucca
OIP-uE5MlCoRBH08gYvc8VrYYAHaFj.jpeg,mucca
OIP-UectaHAaCVsbtf9HfkrpdQHaFj.jpeg,cavallo
OIP-ueeopVd8OELDx9oeMWB7iAHaGs.jpeg,gallina
OIP-uEeZ4M0qnKRMihH4SXZuIQHaE9.jpeg,elefante
OIP-UeF4V_y-5nGFljich6lf0wHaFj.jpeg,elefante
OIP-Uejj_lc_lZmGYJKfoQgtXQAAAA.jpeg,elefante
OIP-UElTwXZBi4obQhYzPK_u6AHaJ4.jpeg,pecora
OIP-ueOp0-GC1GoLKaGBSnfX5gHaFj.jpeg,gallina
OIP-uf6rgbY_Y_BbdbSIcpQ6-AHaFj.jpeg,mucca
OIP-uFBO0WfQsa593k-32eJC0QHaE9.jpeg,farfalla
OIP-Ufce4nldwucDk3A_6j41NAHaFj.jpeg,pecora
OIP-uFH7FNWCt0boV9otPkcYhgHaFl.jpeg,gallina
OIP-ufK7HWG_kEuvZD0swoyV9gHaE8.jpeg,elefante
OIP-ufNHIx_cJtJOSz9eCXSg5gHaFj.jpeg,ragno
OIP-uG5Xllcb-l6pnG9ysc0HSAHaJP.jpeg,elefante
OIP-uGeREPYBGH2Ta1_iOCaonwHaEw.jpeg,elefante
OIP-ugHvCfRkge3BVeRuC571AgHaKD.jpeg,gallina
OIP-UGRqfL8ZLFmpMQfzOiD-twHaFK.jpeg,gallina
OIP-ugSBKd8y_G2Wan07pBcoiwHaFj.jpeg,mucca
OIP-UGyDlR6GXGPr9lr8_ERmOQHaJv.jpeg,farfalla
OIP-UhF-rMdzamQi6DOpYp2sPwHaFp.jpeg,gallina
OIP-uhJVztuXEE4d5E5vgXbaNAHaE9.jpeg,cane
OIP-UHKFKLPSpL4BCBaPFISN6wHaFi.jpeg,mucca
OIP-UHLXbry-8XIF6p3TSqi4WwHaEu.jpeg,mucca
OIP-UhmiDaJwntE9lEdfNFKSrwHaFj.jpeg,elefante
OIP-UHQPfAjFGM7JXgJRyTRREAHaFj.jpeg,gallina
OIP-uhT1O6YZQM86lOctzHGgVwHaE0.jpeg,elefante
OIP-UhtCnrQV7_a9HzgsJXzcAgHaFj.jpeg,cane
OIP-UHuTgHpCMZLEorUwR-eQzQHaE8.jpeg,elefante
OIP-UHVfQq3YqKCvI0SkQwkgtgHaDj.jpeg,ragno
OIP-Ui3VPCmtqWngvNR4juPO8AHaEc.jpeg,ragno
OIP-ui8bEc80hwUo3lSuT8u_9QHaFj.jpeg,ragno
OIP-UIaRRHLQCVGLjafl10Jw9AHaHa.jpeg,ragno
OIP-UidAZK5yIvVD1RlJLmr-iQHaFS.jpeg,ragno
OIP-uIdIacG18Y3zSKr8Fvz-RAHaFj.jpeg,elefante
OIP-uifB1efbPt_apwXpYAQsmAHaLG.jpeg,gallina
OIP-uiS-ZryZUU4FwQrYIYEMigAAAA.jpeg,ragno
OIP-uiSpkeBWnrt7RgzINiJ8FAHaFj.jpeg,farfalla
OIP-uIWani1KJvsayNN_ZvHFeAAAAA.jpeg,cane
OIP-uIWypFgYCMxqZS2V0kndmgHaG_.jpeg,cane
OIP-uIXn1UwZLnlQYB-Q7VEo2wHaF0.jpeg,pecora
OIP-Uj1GtYLItwJxnT-wNHdXZAHaEo.jpeg,elefante
OIP-UJ1Qid-dMsT6fKtJe36_yAHaE8.jpeg,gallina
OIP-Uj2q7GnIjT-fHyiO-eQ_wQHaJ4.jpeg,elefante
OIP-Uj4Apb-bREc4me_XHmX-QQHaE6.jpeg,elefante
OIP-uj6xzipAIHJHbXLBraw-6QHaFj.jpeg,gallina
OIP-Ujb7HVHN1dc2MrNifrlXUAHaF7.jpeg,elefante
OIP-uJB9pRIrSeaXmgOhGWWJEQHaFi.jpeg,scoiattolo
OIP-UjMtwLvlhdenV7TV2ZShcwHaHr.jpeg,elefante
OIP-UjO-MAf0VNeU9SYwurLDQwHaFi.jpeg,gallina
OIP-uJP3nrXa_cQSQzl4Dj9guAHaE7.jpeg,pecora
OIP-UjPPHqB3FIs4znzVI0ZTigHaF7.jpeg,scoiattolo
OIP-UJUfj8aTfwIqYdbm3CyKkgHaE8.jpeg,cane
OIP-UJX5bV0i1Clqw72etVxt1AExDM.jpeg,elefante
OIP-ujY44uPVx8ZfrZp9LEffXgHaFj.jpeg,elefante
OIP-uk1w2kFUUr3SWE2rlRBicwHaFj.jpeg,elefante
OIP-UK2jTZtbtbS-6EiIMIE3rAHaE8.jpeg,mucca
OIP-uK5S01BFg2VkupcfWXncOgHaFj.jpeg,pecora
OIP-UKJ36N7YdPe0-JU6btzQqAHaGD.jpeg,ragno
OIP-UKq08OYHzEjyow89Y9XSlAHaEn.jpeg,elefante
OIP-UkuPCUjVhzrrMGrqnG2vdgHaE9.jpeg,elefante
OIP-ul8v8v2iQDRkTWyJm0r5-QHaGl.jpeg,farfalla
OIP-ulL_pYpYRk1pC0g3kJhgmgHaFz.jpeg,gallina
OIP-ULLRx5hzpo24JqkbAnzpEwHaFc.jpeg,ragno
OIP-uLN3H6n2sgmePSYk2vNm0wHaHz.jpeg,mucca
OIP-ULORaCgLkzvd2CEizAljfgHaEK.jpeg,gallina
OIP-ULsAkvFUQrOEGCZd-YvWXAHaDY.jpeg,ragno
OIP-uM7Y89fTymCWHtDb6ad4pQHaF7.jpeg,elefante
OIP-uMaK0ztCUHDNOITnUVE8NgHaDZ.jpeg,gatto
OIP-UmFEX09Q8OsVqR1-OGcvogHaE7.jpeg,gallina
OIP-ummVmmyCR2xycFrdbBgb9wHaEa.jpeg,cavallo
OIP-uMoOJv3dcdr1b8Ptb5KBGgHaFj.jpeg,pecora
OIP-umQ6IEleSjltthuMWQR4hAHaEc.jpeg,elefante
OIP-umqniSZjV5pw0tx1PhdsIwHaFj.jpeg,elefante
OIP-uMTU4TUqI2ihP8mBXHGX7AHaEK.jpeg,elefante
OIP-UndA3lLxOmM3epkLDBddYgHaFJ.jpeg,ragno
OIP-UNDIv2N_E3EfxWJ8qVBizAHaFj.jpeg,mucca
OIP-uNePBa1FMePOOqdgm8iS9gHaHj.jpeg,elefante
OIP-unhkLzLLmPq9ypDJ976ahwHaE8.jpeg,cane
OIP-UnJLR13JzBLvMDUgjWcgUwHaJ3.jpeg,gallina
OIP-unxx7R-8F-EirvU7Aof_IAHaFj.jpeg,ragno
OIP-UNZCFQGuDCTp0CdSAL-2sAHaE6.jpeg,ragno
OIP-uo19HNQ7ktUQB0L-Hua5ygHaFj.jpeg,scoiattolo
OIP-uO4568Rzi2GqOlEWok38LQHaE7.jpeg,gallina
OIP-uO7pm2wtlnVjjm-owrTJcAHaHa.jpeg,ragno
OIP-Uo7t_kFSjWzfxUTa-VGuWgHaE9.jpeg,ragno
OIP-UOiUhMFIAGzG8k0oylT21QHaEc.jpeg,scoiattolo
OIP-UojeNe7e6yl5kQwg5F42TgAAAA.jpeg,farfalla
OIP-uONCENVWE7UmE-r7yk_-xQHaE7.jpeg,gallina
OIP-UoplqXzODkuKfQY3q6_5nAHaF7.jpeg,elefante
OIP-UoTN8fKDcP_p2vr3AhhwcQHaFj.jpeg,elefante
OIP-uOVyTLjf4YMd94AiOT44WAHaFj.jpeg,mucca
OIP-UOX2POFCIE-Qs_bYuBEYLQHaFk.jpeg,scoiattolo
OIP-uoYtaNjuM3dq1jLSMVrSpgHaFj.jpeg,cavallo
OIP-uoZ_Z_EheRxpAG5TQeyVsQHaHW.jpeg,ragno
OIP-UoZF7RlazkRxtnwB_pdILgHaJ4.jpeg,mucca
OIP-up6_IqAc0ooYcZrro-tm7gHaEj.jpeg,pecora
OIP-upavFDHVi4rIZ05zgP9-tQHaE8.jpeg,elefante
OIP-UpbGe15PIjO4IfWJbye_DgAAAA.jpeg,gallina
OIP-UPBqbmKc9JYrDOccd07ZtwHaFc.jpeg,pecora
OIP-UPBuTzXKsJ59xEFKNrw4EgHaEo.jpeg,gallina
OIP-Upi7Jtev92rv7rr0BnxUbAAAAA.jpeg,ragno
OIP-Upki2jsN0w7FE6fATNZNdwHaFj.jpeg,elefante
OIP-UpWsMCODO1P0D8WEhXbOmAHaEo.jpeg,cane
OIP-uPZhBpF9Za39BNRyYS1VYwHaFj.jpeg,scoiattolo
OIP-upzMEqLFWoS-4ahDKeniFAAAAA.jpeg,elefante
OIP-uq-g2hXvwWM6kTGcVl0-lwHaFj.jpeg,elefante
OIP-UqAMb59MW9dG78cEaxpbsgHaIc.jpeg,elefante
OIP-UqD2KESAw_qv8GdY6eaBIgHaFd.jpeg,gallina
OIP-uqFQxTe9jVtYPej7v7TrywHaFj.jpeg,elefante
OIP-UQoCo2P-ILOaycuDG2jNyAHaFK.jpeg,farfalla
OIP-UqosdzdsOMpWVUF0QTDf6gHaJX.jpeg,gallina
OIP-UQsaXXg6E05twXAV4dfobAHaE8.jpeg,gallina
OIP-uQTyGeKbMrJvRoAPnlAKJAHaLH.jpeg,pecora
OIP-uQW44wJ7GNTusF_1ValLuAHaFD.jpeg,gallina
OIP-uqYisqr17L43pQ7fwE14kQHaFK.jpeg,gallina
OIP-uR-3N6OjU4yMRwsZ6FoR_AHaE8.jpeg,pecora
OIP-ur0fCti6iYJzRi_l-O56GQHaDQ.jpeg,elefante
OIP-UR8a1gizXV3doT5gFKGsTgHaFS.jpeg,gatto
OIP-UraOCE6sySufeyDEfOLaowHaE7.jpeg,scoiattolo
OIP-urcaOtVQqOB28Dbia4_F5QAAAA.jpeg,elefante
OIP-URhkIP5bRihFvPytG1SIGQHaFj.jpeg,gallina
OIP-urjShV7YjHZWHaMzn575RwHaKB.jpeg,elefante
OIP-UrpjGTqoKnW-w3dAtaT_MQHaGl.jpeg,gallina
OIP-UrQxc6ZuSVIm9I39fyeD-AHaDf.jpeg,elefante
OIP-uRR8WAQepTyVIWPk6ojB2AHaEK.jpeg,mucca
OIP-uRr9gsAvFiyZUDA5S4UNPgHaKl.jpeg,cane
OIP-us-r-TgcJK9ldv95lP5G0gHaFh.jpeg,gallina
OIP-uS0W5UR8obA-5xZRo1fXZQHaFj.jpeg,gatto
OIP-Us_ZeZUQvuSTBL8ISTkofwHaHw.jpeg,gallina
OIP-UsC_rJlk3pTIH5LhT5xSAAHaEK.jpeg,mucca
OIP-usCnY5mnu_p6UJnzzA_yDQHaE8.jpeg,cavallo
OIP-uSkvZcinnrMwz5EgZSexlgHaJ3.jpeg,cavallo
OIP-uSmRUXh-uuUUKC2y7zWF5wHaGY.jpeg,pecora
OIP-uSO4DEpWlmaLBSuTSy-YXQHaFb.jpeg,elefante
OIP-UsrvLFIG1ktdhVO9MCxiqwHaE8.jpeg,gallina
OIP-USt4kduXeaF_MEsWfYIpdQHaGy.jpeg,gallina
OIP-uT4F_VuOJR4xVk2Ka-jQzAHaLM.jpeg,gallina
OIP-ut7IoMEyIKeIr_HR8zBlIQHaFG.jpeg,gallina
OIP-utdd6pCHL4E9tnjP2YMxUQHaGS.jpeg,scoiattolo
OIP-UtEHDGc9gy47khDGHT9xiAHaJ4.jpeg,farfalla
OIP-utKSMJwquJsQqjREROaxSwHaE7.jpeg,gatto
OIP-utpc_ZqFcuafkEMd30WvVAHaFj.jpeg,pecora
OIP-uTQvk4Idu2YOnNMc_XahOQHaE7.jpeg,mucca
OIP-uTR7G5zrglS362BY3htLIwHaG_.jpeg,cane
OIP-utUn8wm35u54VZCq3CNZagHaFk.jpeg,gallina
OIP-UTZh58HZESV0TgiXwsO04QHaE7.jpeg,elefante
OIP-uU5yHtYhsUIjKTIgSJlZPQHaEu.jpeg,cavallo
OIP-uUAVkRsSZ7Asc6jF_5HRQQHaHa.jpeg,mucca
OIP-uueBL-3FpDH5ATuWBdUmmgHaC8.jpeg,cavallo
OIP-UuIygPpGdoz-LgkvIVZe5gHaEK.jpeg,scoiattolo
OIP-UujS86xRKYwzuLeqV4n6FwHaGm.jpeg,pecora
OIP-UuLm7tFq_i_td835TWNG5QHaF9.jpeg,cavallo
OIP-uULufZ5H3gEl24BPyLNsLAHaFj.jpeg,cane
OIP-UUmls8RiIQDknQFkFrprgQHaCd.jpeg,elefante
OIP-uUrCIwORhpLT6gpfco16DAHaJ3.jpeg,elefante
OIP-uUvRtT_UTjmvmWTroerrvAHaE7.jpeg,mucca
OIP-Uv68oE10ltC21us2zj2YnAHaFj.jpeg,gallina
OIP-UV9k8gWM5tUkgA45mckJjQHaE7.jpeg,elefante
OIP-UVDb_9R9ETkp7D0-SDf3GwHaF2.jpeg,gallina
OIP-uvIXBe2qQJu09PZN8-vTYAHaHa.jpeg,pecora
OIP-uVK6VATYER8gaghGG5mE0QHaFj.jpeg,farfalla
OIP-uvlwRDrd_8RH0T0FFw5-cAHaJ4.jpeg,elefante
OIP-uvTocdwQs2YQ1iCV3YL_iwHaFP.jpeg,cavallo
OIP-uvtqZ_gkXG4vwNlZF79cRAHaE9.jpeg,elefante
OIP-uvUYGZDjkr01eK2XZZlB-AHaEI.jpeg,cane
OIP-UvzHXLLJxdL8gbjhMEf3pQAAAA.jpeg,cane
OIP-UVZomHpJdomCy5VQ2-B06AHaE8.jpeg,gallina
OIP-Uw7PywOUgRgVARTXZZslfgHaFR.jpeg,ragno
OIP-UWbLla0JyQmH-b_fGtnd7AHaFN.jpeg,cavallo
OIP-UwebrGDrUBSw37rTsKjZyAHaJ4.jpeg,elefante
OIP-uWfuddG6ndehjChE2G43CgHaEK.jpeg,elefante
OIP-uWkOctyY2lQ-_3fdmZEAGgHaE7.jpeg,gallina
OIP-UwoMnEYUjz5yayDh-4rgCAHaEJ.jpeg,ragno
OIP-uwSqjRdhLXrlITNphLPObwHaHF.jpeg,gallina
OIP-uWuyTlAomjXpfTZfBjADLgHaFc.jpeg,gallina
OIP-uWxsvaqwKfsKxFqW067i6gHaFj.jpeg,ragno
OIP-uWyK0fYPlUvXT76lqZtU4wHaHa.jpeg,mucca
OIP-ux3VAZF2ULQWLNA7YvNopQHaJ4.jpeg,mucca
OIP-uXa85mH3TaWg6_aM-WlP3QHaGb.jpeg,gallina
OIP-uXM1HPppDRdmKZX3EYdkygHaFj.jpeg,elefante
OIP-uxv0A909Oo9rEjcdw5thBwHaFf.jpeg,elefante
OIP-UxVEL0ORKEky_Be8oRi4VQHaFj.jpeg,gallina
OIP-uy3PaDOMuUrw6f5CN2l96gHaGd.jpeg,gallina
OIP-Uy7-kHnw_W3B9tf63AqZwQHaFd.jpeg,gallina
OIP-uyc3-UURo5PxaTa_b_6VEwHaPN.jpeg,gallina
OIP-uyfgOie0wbX6QM5SXlz01AHaJ4.jpeg,pecora
OIP-uyi37gE3qhWlNycVXmC8JgHaE8.jpeg,elefante
OIP-UYrjx6-oxj0jLqEKI8u9qwAAAA.jpeg,pecora
OIP-UYuZO6zQz41OfCB1CV4KdAHaHa.jpeg,ragno
OIP-uYVhg2mMv28s5EimyjodhwHaFC.jpeg,gallina
OIP-UYYL31frF1LjFmZMJ7glCQHaFj.jpeg,gatto
OIP-uZ0n3otW4uyRWBZMcX2XqAAAAA.jpeg,gallina
OIP-UZ6jXG3eMTkennRibCmJRwHaD4.jpeg,gallina
OIP-Uz78mxju3aJEpAnjZMoA0QHaFS.jpeg,ragno
OIP-Uz_gbQ71Ft9m70i_P7UJYQHaE8.jpeg,mucca
OIP-UzCFBBXOqmshkRpOAO4BdAHaE7.jpeg,scoiattolo
OIP-UzEwy5JdDIp3Qr7TZR-7SgHaEK.jpeg,elefante
OIP-uZGFvMLCXF-OazaW3eeXIwHaFj.jpeg,gallina
OIP-UzIqIyMlxop7TMUjKqB4iAHaEc.jpeg,cane
OIP-UZl4c6nKJcQjXt6nhTlizwHaE7.jpeg,elefante
OIP-UzODknO6u9I9ClGcCIEFkgHaFj.jpeg,cane
OIP-uzu6pKElD8czoRvA0weZGAHaF9.jpeg,gatto
OIP-UzVAkXbKg_W9yS1XMH8cPgAAAA.jpeg,mucca
OIP-UZX85ZKQBBrLcGtQldzzcQHaFh.jpeg,pecora
OIP-UzxfkKkYu_VJW_YXXJrlDwHaH2.jpeg,ragno
OIP-UZXUMpu0GZ9gD3myE2R0nQHaFi.jpeg,gallina
OIP-V-cdkyrRQr-JpDZstWX13QHaE9.jpeg,ragno
OIP-V-RuXDD2fLD294LXCbaYvQAAAA.jpeg,gallina
OIP-v-Urpe47ZJYBM1WxeqXAnQHaE8.jpeg,farfalla
OIP-v-uSIvqrbqEuP8rVltspyAHaFf.jpeg,pecora
OIP-v-uZYEg0xumUzWnRytd86AHaIx.jpeg,pecora
OIP-v-wtmJOYa2g1r__75MVHdgHaEz.jpeg,elefante
OIP-v02hj9zYnxBIs1lfH-7UbgHaFj.jpeg,elefante
OIP-V03BMyDGVAt3lTfFMJc6JAHaGm.jpeg,cane
OIP-v0fw4lUKrLg594HxSpwuRAHaE6.jpeg,ragno
OIP-v0g0Ez_Iti8xWfOZmS7UewHaFj.jpeg,pecora
OIP-V1sU2Ttq6HDEeyyJHNm7FgHaEc.jpeg,pecora
OIP-v1zoAzA3_DkE1PnoaSznngAAAA.jpeg,cane
OIP-v2mJoCr_xzufyzDdYMV2RwHaFj.jpeg,elefante
OIP-V2Vp5dqvQ42jKiVVVfKFLAHaFo.jpeg,elefante
OIP-v37BghNPYt1SxujMXiZQuwHaHa.jpeg,mucca
OIP-v3dCwkKzdjvHc8s3p7-BJAHaJM.jpeg,mucca
OIP-v3i2nZO3Gfv_ytGSlzZE6QHaFt.jpeg,elefante
OIP-v3L1NjKKKYQJuyU-ZzHamAAAAA.jpeg,gallina
OIP-V3LUAi1oK3DAQIlrlMUpjwHaE8.jpeg,elefante
OIP-v3NdNeQcpkkkSZ2cE2NY5gHaE8.jpeg,gallina
OIP-v3NuVXWogw3B2zGUxBJ9RQAAAA.jpeg,pecora
OIP-V3tt7Vgd38E2D6mNINdEWAHaEo.jpeg,elefante
OIP-v3vvLDdrTPZrmCQ55EZoowHaEK.jpeg,elefante
OIP-V46xF5Hs5kyRdw44VW8_DwHaE8.jpeg,elefante
OIP-v4DcUeXD77eAbtTMnSFFTAHaG4.jpeg,elefante
OIP-v4Js1f8LjyJ2iAVrUjN9qAHaE7.jpeg,gallina
OIP-V4QoOepSJy-W5rpAofcIygHaFk.jpeg,elefante
OIP-v4tE0PV7UJ4FCReG58Rx_wAAAA.jpeg,elefante
OIP-V5A9YtCR-OOXgrDjansSSQHaE8.jpeg,scoiattolo
OIP-v5b-HJ9QkIeTmEEKXFBp7QHaHX.jpeg,scoiattolo
OIP-V5DXl2rhdwRfF03uLD09uAHaE7.jpeg,cane
OIP-V5nKSsFvBwRSkQfNU6ko6QHaE7.jpeg,ragno
OIP-v5pnvqdnX9KYUma3PhWijAEiEs.jpeg,gallina
OIP-V5POyTuUINe8RmYF2f8A7QHaKD.jpeg,pecora
OIP-v5wR-1yzmcRJKEdpNsvZLwHaFj.jpeg,elefante
OIP-V6cAvwr6vkbFqn0BW9qj3QHaE7.jpeg,pecora
OIP-V6ccV_xDAAGo-2VByv7cIwAAAA.jpeg,elefante
OIP-v6MyLthVeR6riEGluNFh9QHaJ3.jpeg,ragno
OIP-V7mPMpebGKAoL6iaQWyBrwHaFj.jpeg,pecora
OIP-v7ScRsYbU4x_vfgx-AurJAHaF9.jpeg,elefante
OIP-v8-0dZvrtJQvIIbw5FyeRQHaC_.jpeg,cane
OIP-V8Bz0PnGlw-fgyQYj6Qt3QHaFj.jpeg,elefante
OIP-v8LdUJh4aDabyadOFGTqAAHaFJ.jpeg,elefante
OIP-v8rK-S1Dyn7gKqnay546lAHaJ8.jpeg,ragno
OIP-V8WpsRhFjGZoqlelgs4CmwHaFP.jpeg,ragno
OIP-v9-r0dP8I1_HQB7BjOuQgAHaE8.jpeg,cane
OIP-v90VTYoPfJpblGsHDrnMyAHaFC.jpeg,ragno
OIP-v94KvX6cSON55KR78uqkLwAAAA.jpeg,gallina
OIP-v961rZNy_PtzQG9lm54ijQHaE7.jpeg,mucca
OIP-V99v4DsLpK1ZQwOKF0sEEwHaFv.jpeg,farfalla
OIP-V9iVk6UWvxYKBfEa21I0-QHaFj.jpeg,elefante
OIP-v9q8vw_uVnK_VqAprvKqBQHaF7.jpeg,farfalla
OIP-V_5PNTq2ezvyyS23d99UAwHaGd.jpeg,pecora
OIP-V_8M0tqnPh9-GmnIMqvtOAHaFG.jpeg,farfalla
OIP-v_S3uRzbG2S4ca5HsCne2gHaFj.jpeg,elefante
OIP-V_yFVFKuH4g2NojmcUnghgEdEs.jpeg,ragno
OIP-va2J-BLCfLvln-hrUaWwJgAAAA.jpeg,elefante
OIP-Va_nMEyZLi5unR-qGqOliQHaE9.jpeg,elefante
OIP-vaaw-wQN3zj6xyZabYgehgHaJI.jpeg,cane
OIP-vadjFJ8pOeSkz1eRCFteCgHaFc.jpeg,elefante
OIP-VagxG6Ot6Vj8HBsZCHyl6gHaE7.jpeg,gallina
OIP-VasOYWUfpMh7hSLXYirVNAHaIj.jpeg,pecora
OIP-vAuCuJFVqtatv1dQzuHdEQHaH1.jpeg,gallina
OIP-VaZqufxmIDX_MH6nHysaUQEsEn.jpeg,ragno
OIP-VbJOXfK5oQhZgQoSu3n3rgHaEK.jpeg,elefante
OIP-VbMRyOvCv524V1M947WqggAAAA.jpeg,elefante
OIP-VbzaOJF3vr6ubbDHwhhq9wHaFi.jpeg,farfalla
OIP-Vc6qTu0MOzZpMiKV27i19wHaJO.jpeg,ragno
OIP-vCFARhz5wxNF25-ghEHfyAHaE6.jpeg,ragno
OIP-vcitGAPAl37RiBu6dILXNAHaFr.jpeg,pecora
OIP-vck4x90xMwomJI4u8jV5vwHaFK.jpeg,elefante
OIP-vCl1CZXifesbVvMemjCe3gHaFj.jpeg,elefante
OIP-VCn5FQVYq3o4yuAGtm5FlwHaG4.jpeg,elefante
OIP-vCqJObP5dkzqTldFL7LJSAHaGl.jpeg,gallina
OIP-VcqyKxCEl6NQkuSIsYTA1gHaFj.jpeg,elefante
OIP-vCtBXe_oEsx9iS0c-NETEAHaJ5.jpeg,elefante
OIP-vcXcbQMT6R3RxpGPE1nSlAAAAA.jpeg,pecora
OIP-vCyEvijOe9f2vcyecvvs9wAAAA.jpeg,farfalla
OIP-vd4SJFK9SbjyWadU5yGytAHaEm.jpeg,elefante
OIP-vdc6I-wV44ooOXDKkqZ97gHaFj.jpeg,gallina
OIP-vDEfh1JEquik1FqMYZ18ngHgHK.jpeg,ragno
OIP-VdIbOe3tAHnAibowklpC3wHaFj.jpeg,gallina
OIP-VDkH85RO3ERj4YeKdRMWtgHaG4.jpeg,gallina
OIP-VdMhMmsgLUzFR5CvpLwJfQHaJ4.jpeg,elefante
OIP-vdna1UkZFpGF0DdlrX7d5wHaE7.jpeg,elefante
OIP-VDnWQFFOy6XL-Fqc5MhJSQHaFj.jpeg,gatto
OIP-vdQbmMeJtO534JFNjZYaTgHaFj.jpeg,gallina
OIP-vdQLJcXbLcUXAOZrUfxC_gHaD0.jpeg,elefante
OIP-VdrGyWmhDbdbYTykb-I5KgHaLH.jpeg,pecora
OIP-vDS1yqlpTSFcmsC4SQhmDQHaFO.jpeg,cane
OIP-VE7-fTEKigfw56Vdf5UytgHaFr.jpeg,pecora
OIP-vEC2D7KAZdRLItTVw_MAMAHaFj.jpeg,elefante
OIP-veHOWJ_FZZyaHScC_KdRBgHaFS.jpeg,ragno
OIP-vEoiZNkceJgW7PEjWswAvAHaIM.jpeg,ragno
OIP-veVtG84w-eLYa2Ns4HdwWwHaHk.jpeg,gallina
OIP-Vew8cVqCYJsYJR6S0A8AWAHaE7.jpeg,pecora
OIP-vf3YDZGkkt2psrRhV2DHIQHaE7.jpeg,gatto
OIP-Vf7DQAgpcswoy-xNiDQhywHaKw.jpeg,elefante
OIP-VFaq3W5NZnP7VjC_iQr-IAHaFj.jpeg,elefante
OIP-vfGmHioBCBIkrmEBWhiBygHaJZ.jpeg,cavallo
OIP-vFjG2XuJTFGZWv3bd2BPuwHaHa.jpeg,cane
OIP-VfoYXp3VIqVQ2sBlqG148wHaG6.jpeg,mucca
OIP-vfv_LYV7MCkwtFuJelUPqAHaFn.jpeg,pecora
OIP-VfwjDe5CbdMlRM6OorpskQHaIp.jpeg,ragno
OIP-VfXBw0zSBwJHs1WOl00LCAHaE8.jpeg,gallina
OIP-VfyWsNBpqvO5_ySHYhMFSgHaFi.jpeg,elefante
OIP-VG-s2kFk1AT7cFfwrqgwWQHaIk.jpeg,farfalla
OIP-Vg1htIABRj1AZ3tU3i857AHaFQ.jpeg,elefante
OIP-Vg1nhQ-n_jL2nffk1y-cmwHaFc.jpeg,gallina
OIP-VG62Ak_GHs3mgdLacsY_HgHaFc.jpeg,mucca
OIP-Vg96dxf6yP4BG5flN05pKQHaFj.jpeg,pecora
OIP-vgAxY4ijyhYbf08USmLGVwHaE8.jpeg,elefante
OIP-vGhbTc2e427LOSeEHruFLgHaGH.jpeg,cane
OIP-vGHEy8hup_Bg2pQBJ9jzDwHaNI.jpeg,elefante
OIP-vgkbrcqhNuCNKR0eWcu5jQHaFN.jpeg,cane
OIP-vgkDI030hLDjxjXhhgvTGgHaFj.jpeg,pecora
OIP-vgLbi7iiZc2lZMaQyYFvUgHaLF.jpeg,ragno
OIP-vgOzmjcLf_g1Q1-rb6oLbAHaDf.jpeg,gallina
OIP-VgqDNVZIbLZ45mC71amHzAHaE8.jpeg,ragno
OIP-vgQwKKs7vNfn9tiN4jIxgwAAAA.jpeg,elefante
OIP-VGWCrR1IGXOxoKS3vNgReQHaJo.jpeg,elefante
OIP-vGZ0H8KqKcxiDsM99WnL9QHaFj.jpeg,cane
OIP-Vh1y7B4fKjKT6keqByhmnwHaEK.jpeg,gallina
OIP-VH8_cl48bmfWXQijJoUAzQHaEJ.jpeg,elefante
OIP-vi0nmsOe-ToUBrCRoIJnXQHaFj.jpeg,scoiattolo
OIP-vi4bG9uM92_F0K9r6YgmrwHaFj.jpeg,gallina
OIP-vi_I_o4t_FvrhjE99mzjEAHaFj.jpeg,pecora
OIP-VIAmFD1RTvP4yzfHHYrgWQHaEK.jpeg,elefante
OIP-ViatpK3wPwmHEX4vCFBZVAHaE8.jpeg,cane
OIP-ViRHjsHw2zYc5AjCpIIJ4wHaE2.jpeg,pecora
OIP-vj5y2Xk60LCgQ7MtbnAeIgHaFj.jpeg,gallina
OIP-vJBEI2brmXqNU5h4kqebgAHaGF.jpeg,mucca
OIP-VJC0gty4E9m70A28BjuGJwHaEq.jpeg,pecora
OIP-VJCb6hjpTqqpiemoMGLr-AAAAA.jpeg,pecora
OIP-VJDT-ehqJBmlYTDDfBb94AHaHS.jpeg,elefante
OIP-vjMXcwl0_YSNRcRYc4TVcAHaFj.jpeg,ragno
OIP-VjQi1a47v34Mo0rbUnTpdgHaE8.jpeg,elefante
OIP-VJRDX-Jq70Mj0dli1jfh_AHaFj.jpeg,elefante
OIP-vJxE1OK6m6B3lmzl_NvCzgHaFj.jpeg,elefante
OIP-VJY2zsTrbhRagV2bXoIVNQHaGc.jpeg,ragno
OIP-VK1jaRFozcEr7St3HP4epgHaE7.jpeg,elefante
OIP-vK2mEsSHKBu4ihglNgda8gHaE8.jpeg,elefante
OIP-vKBKzw2y2zR25lJ2avDD7wAAAA.jpeg,elefante
OIP-VKIaSxbQSybMzGWBzr9SYwHaJ4.jpeg,gallina
OIP-vKiBGH0ARNIXUHnNFM048wHaFU.jpeg,pecora
OIP-VkOoxXkjW1KycgktNiNnIgHaFj.jpeg,elefante
OIP-vKT0fWCJZzjXqbVIAazsCAHaFj.jpeg,mucca
OIP-VktrvPmUCK7fWhTgZ0LHOwAAAA.jpeg,elefante
OIP-vl2vGpynTLqCCNBiMXH9vgHaFM.jpeg,scoiattolo
OIP-vl3Qmz8AFJ5MXcSPHF5DpwHaHQ.jpeg,gallina
OIP-vL91T1VNt1TsDZk6xVv4sAHaEc.jpeg,gallina
OIP-vL_uS7zs2WYfbNImPcm1ZAHaEK.jpeg,elefante
OIP-VLCQ36MxRmIwbBF1SNMHPgHaF0.jpeg,mucca
OIP-vLK4A7JGGPjWnCQn2FFi5QHaEk.jpeg,ragno
OIP-VLMEOQKLxfTOHw99v4XnGgHaE-.jpeg,elefante
OIP-VlqHC4J8NC8GL3cH9G5VuAAAAA.jpeg,farfalla
OIP-vM-LI7fzKBMg0pVb1nFNoQHaFX.jpeg,scoiattolo
OIP-VMdvcy6gYA4Lyj2G0iLtXAHaEK.jpeg,elefante
OIP-VMfIo6twe610F9NxWHB3XQHaE7.jpeg,scoiattolo
OIP-VmpYWdXLTA29jjLm54-yqQHaHS.jpeg,gallina
OIP-VMsRcPuxSLf_o-rDHd-QBAHaEK.jpeg,farfalla
OIP-VMYUiIBOqzjC_Z_LEHwmvwHaFc.jpeg,elefante
OIP-VN3NgQgrEAF6CK8AfFHn5gHaJ4.jpeg,pecora
OIP-vN3yeDxLnkyFtogK7RQr9wHaEI.jpeg,gallina
OIP-Vn5avrGnBaz7jDd4dsoT1wHaFj.jpeg,farfalla
OIP-VneqEzJLobG9CdbwttpMWgHaFj.jpeg,ragno
OIP-vnGq3l_pqvmpb5baHvlB-gHaC8.jpeg,elefante
OIP-VnIlJ2G-MxFc-SCdg3oy1wHaJA.jpeg,elefante
OIP-VnlFPAF2BpAJi6cnx6lOgwHaFO.jpeg,ragno
OIP-vNMTTo423b1b1P4Yd2QyuAHaEe.jpeg,elefante
OIP-VnTAy_nOkqF3l7pjVFo42gHaF7.jpeg,gallina
OIP-vNtvQb8FxTuqWLhuR21B7QHaE8.jpeg,pecora
OIP-Vo7oj39_hrp5z8N7NWxwYgAAAA.jpeg,farfalla
OIP-Voch2thR7MaZsf-BawtVcwAAAA.jpeg,elefante
OIP-VoHaGJTUGysQK0g0zoqr3AHaE6.jpeg,elefante
OIP-VOJagJZmLSbf8yP5FgjebwHaGq.jpeg,gallina
OIP-volD-T0of5cnR_xURFG-agHaEk.jpeg,ragno
OIP-Vosv2FwXxPyKAJEyKy_mvwHaF2.jpeg,elefante
OIP-vp1yUvZxXEdL9oPdMMXvSgHaNd.jpeg,elefante
OIP-Vp8RnQnWTr-QKyltj1WAMwHaLH.jpeg,ragno
OIP-VPfbm-6jUnz8VGojTcjFIQHaFT.jpeg,cane
OIP-VPFDJ0MwQCWCE3RMdPse0AHaE9.jpeg,pecora
OIP-vpFV_QWB09afPh_IsCaV8gHaFj.jpeg,mucca
OIP-VPI4x4xRfQlS3UgmkhCewAHaFk.jpeg,elefante
OIP-VpiOc6W4JGaIM39qYbpa0QHaFj.jpeg,elefante
OIP-VPJJXvc5D3plj54Ak7S5rwAAAA.jpeg,gatto
OIP-VpRo47p1p5-LmL2zu7uU8wHaHa.jpeg,gatto
OIP-VpsrSxkxnsfCq86odHo5ggEsDr.jpeg,pecora
OIP-VqaKxsLkl3IyDwvkPNXjHwHaE7.jpeg,pecora
OIP-vqGUrmvRrnOMmWrNTLsYHAHaE7.jpeg,scoiattolo
OIP-vQiWLvylifrNj1NJo13_DAHaEw.jpeg,elefante
OIP-vQxkbSq7BJCeewrBC2BSCwHaFj.jpeg,gallina
OIP-VQzKjGXpZ9vrfHIb4EjRDQHaE7.jpeg,cane
OIP-vR9CjSrpLdt_MCsyVhKY4QAAAA.jpeg,elefante
OIP-Vreu4P7S7rRMv2GLG1S4pgAAAA.jpeg,gallina
OIP-VRGx255vpfWGb9mw7LRehAHaKH.jpeg,gallina
OIP-VrhzdaxCGg-8yEiRng9kjQHaE8.jpeg,gallina
OIP-VRigvTknyMrXH3b7VoWEDQHaFj.jpeg,elefante
OIP-vrkDXexGsA7FqQrbK69hRwHaGe.jpeg,cavallo
OIP-VRMnt5UoQct-rvLTzBB7_wHaFj.jpeg,elefante
OIP-vrnBWfJmf8hBn2Q0V79H2gHaE8.jpeg,pecora
OIP-vrTpppC8Ih0tDzPTdiJy4wHaFi.jpeg,pecora
OIP-vrUYJLdx0TiC6MaBFEfoHQHaE8.jpeg,gallina
OIP-vrwiz3DXMkBE-pdQEm-bwwHaE8.jpeg,elefante
OIP-vrx7NVyGBBUIFF0l3FVX0gHaFj.jpeg,pecora
OIP-vrXC7GYV2IvKWIRsXSp01wHaFS.jpeg,gallina
OIP-vS2Q-RQoHVlLD4yQS6uxvgAAAA.jpeg,gallina
OIP-vs4lsXkHnwiWC1_ly65l8QHaHa.jpeg,farfalla
OIP-Vs7ezmrtdHa8wtuN8zwCVQHaE7.jpeg,elefante
OIP-VsajlH5CwR5OOBvqWCzitAHaK7.jpeg,gallina
OIP-VsB7HJHiKaeP75qZ1sZpBAHaFj.jpeg,mucca
OIP-Vskn75KO34VTqVff9P0xIAHaE7.jpeg,gallina
OIP-vSXL6KiI0ibTiwS34hSr4AHaFz.jpeg,gallina
OIP-VSxwUzT6oEGcB5nvone7pQHaE8.jpeg,mucca
OIP-VSZ3e0PyzPlDvcXi6njXXQHaG_.jpeg,cane
OIP-vT6pcDuNzdRNiHygWuI9uwHaHa.jpeg,gallina
OIP-VT8ggY3NVjP_mX7UAE57jgHaGE.jpeg,gallina
OIP-vt8ymsIaHfJPulTiHOCV0wHaHU.jpeg,farfalla
OIP-VTALbHE6MjH7AHywCjew-gHaNL.jpeg,elefante
OIP-vTcvdVjBh113ZCh6Lfh1GQHaEr.jpeg,elefante
OIP-VTfl9wPSUS7HryFXLKjjCAHaE8.jpeg,elefante
OIP-VtGtpLgsjfMfw4v3tdqHmwHaK3.jpeg,elefante
OIP-vTgVnZBFqJzWzn8uZPusFQHaFj.jpeg,gallina
OIP-vTHXgESFUqpx-1KPo6DORwHaE9.jpeg,farfalla
OIP-vTmZzhNEnBS7TK4bhgpTfAHaEi.jpeg,mucca
OIP-VTPRSuymlEadriMNZ209qAHaHa.jpeg,elefante
OIP-vTYm2k1cVvkiMlLOxyAS9QDVEl.jpeg,elefante
OIP-vtySZRQKWXq_RqvEuqBLnwHaFL.jpeg,gallina
OIP-vU0g6vZArHy1h5ihdbmR_AHaFb.jpeg,gallina
OIP-VubXXACl_ElNiiN7eI6VMgHaEo.jpeg,elefante
OIP-vuduJX3sKBG5EGsJL65-wwAAAA.jpeg,gallina
OIP-VUFWlkxifg-i1OWP-iAxvAHaHf.jpeg,elefante
OIP-VUJjBhXN5Dksi5-B6Q3vRwHaFi.jpeg,mucca
OIP-vUluSoFD-0zwb1ynGpchHQHaHa.jpeg,farfalla
OIP-VuoIRFdC5gi6PGiHXpsopAHaFj.jpeg,scoiattolo
OIP-Vv79APoKDeMo01SB6B38ZQHaHa.jpeg,gallina
OIP-Vv86BlTTeNhGaEu-3xoCXQHaE7.jpeg,ragno
OIP-VV8_bfxg_vBaOjUH4dpACgHaFL.jpeg,scoiattolo
OIP-VVbsWFcGcQd-qaUHkrkyjwHaE8.jpeg,elefante
OIP-vvE_nSCApamk4t5ilVHIoAHaL3.jpeg,pecora
OIP-Vvg0gumdnHUAf6IlU3nd6wHaLF.jpeg,cavallo
OIP-VVh_bA9absUFvQgkhspXFwHaFj.jpeg,cane
OIP-VvumdtwFn8nwKXSyxhNE2AHaGl.jpeg,cane
OIP-vVVAqIlaC8UlNB4i2LanlgHaGb.jpeg,elefante
OIP-VW2gD_rN0yitq83dVBWLEQHaE9.jpeg,elefante
OIP-vwGF3MmWkt0JxmyzE-J-OAHaEK.jpeg,elefante
OIP-vwgJni7e9iw8Q93g5lFMqgHaHa.jpeg,cane
OIP-VwH6kf3Mpe9OVlIDqfZbAgHaEo.jpeg,pecora
OIP-vwHIN2LyvRHoxNBCNshEJQHaKk.jpeg,gallina
OIP-vwJSUhRR_jfr3Y9G-aAGiQHaIo.jpeg,ragno
OIP-vWW91BcouGbdUZL5Sg3SJQHaFj.jpeg,elefante
OIP-VX89WVH9Tdlpp0Jfmo22WAHaDe.jpeg,farfalla
OIP-vXFvT5t4sPMrJhF0O1_qjQHaHH.jpeg,elefante
OIP-VxOo16Sez8kva0axKaihAAHaFE.jpeg,elefante
OIP-vXpEwSobwm4xGwV9PRTg_QHaHA.jpeg,pecora
OIP-VxTnp0oxS2dnrFSycjhu-QHaIj.jpeg,gallina
OIP-VxuOOVIyxbwgjtU2eU4vAwHaHc.jpeg,elefante
OIP-vXV2Oqnduy5lg9SKwuHK5QHaGp.jpeg,gallina
OIP-VXzta99qHxQvQd3mwoHmvQHaFj.jpeg,elefante
OIP-vYC4fCQzaHzFytB-eYr5iAHaFj.jpeg,elefante
OIP-Vycwh0qm2vpbZvT8uVbn4gHaFs.jpeg,elefante
OIP-VYeHLaMjpBRNqKDdoAwoLQHaJ4.jpeg,gallina
OIP-VyhGsm3QN5WkVWHWRXpwNwHaFc.jpeg,elefante
OIP-vyK0sSYn3yPZ0OgvU207sAHaFc.jpeg,elefante
OIP-vykyJIdIyTQEAkDNNNERfgHaFT.jpeg,elefante
OIP-Vyn-kIOwFAe07O5pdjD4-AHaHp.jpeg,farfalla
OIP-VyQJM10iIgRaJuxoKR422QHaFu.jpeg,scoiattolo
OIP-vz05Tbca7DdFG0eL0tK4xAHaNK.jpeg,elefante
OIP-vZ2k8gS0kbyLcfNF9HarNwHaF5.jpeg,pecora
OIP-vZ59C_tM-OmpcAF7TervHAHaFj.jpeg,gallina
OIP-VzajWRQWUK_3wetnW9wxVgAAAA.jpeg,cavallo
OIP-VzdfVdQQsIk7IoQIHfZnWAHaE9.jpeg,scoiattolo
OIP-vZK2q1e5r4-uPtslb1JGLgHaE7.jpeg,elefante
OIP-vzkzyLM_yC7-0OBgSUAfiQHaDt.jpeg,pecora
OIP-vZl3X2txEUROVf0R1inXNgHaFj.jpeg,pecora
OIP-vzT2T4VSvcH3TbYTl3d-hwHaE7.jpeg,pecora
OIP-VzubOr7Fzau8e31_GWHtcQHaJj.jpeg,scoiattolo
OIP-vzUk2n8IreT80FoKiSWX6QHaEL.jpeg,ragno
OIP-vZXwcK_3eYCW8SVUG5WAIQHaFj.jpeg,elefante
OIP-VzyFjmACbd2GU0ltD6dRBwHaFh.jpeg,gallina
OIP-W-MzrPE7N5joQR4tMgmTNQHaE8.jpeg,gallina
OIP-w-Py8SUvgJIMysBQHzdqigHaFj.jpeg,scoiattolo
OIP-w14LJL4kD8DOPA4ZDQTmCgHaFe.jpeg,elefante
OIP-W1lR4tVz8UN9fbRk_hVmjQHaE6.jpeg,gallina
OIP-W1XDuPUekcmUQUGiCBI0DAHaE9.jpeg,elefante
OIP-w28N2IFidkfFI8CT8Nl8yAHaFj.jpeg,gallina
OIP-W2A5TlJTNa4ry4u_sutz5AD2Es.jpeg,ragno
OIP-W2ao8BbXx89mBjM_9pWsCwHaFj.jpeg,gallina
OIP-w2vuDHetxHvhSx_nCL0ypgHaE7.jpeg,elefante
OIP-W3qL0M1pvaOZTZKrY33d7wAAAA.jpeg,scoiattolo
OIP-w3uGOoHDIQcrpCprgpK3KAHaFs.jpeg,elefante
OIP-w3vuZkZy7qnRXkh6TKhCaAHaG1.jpeg,ragno
OIP-w3Y8wA4lYYPTis8STR5dzgHaFa.jpeg,pecora
OIP-W45b-xa8djTaBbg0HmmyqgHaFj.jpeg,elefante
OIP-w4COlXBVpPU-b5OfbJyf_AHaE8.jpeg,elefante
OIP-W4m8qDURcZP_0cEYqv7hmgHaE8.jpeg,elefante
OIP-w4tI2NrxJtukZBABzYhMlQHaJ6.jpeg,pecora
OIP-w4uJEjYJxbo3B-SkBMbPGwAAAA.jpeg,gallina
OIP-w4w2vPpr5bq-J8Nc7qtaTwHaFL.jpeg,elefante
OIP-w59yazuO7xWtEwqud6IAUQHaJ8.jpeg,gallina
OIP-w5FIrgsVaUesYWiB-u5HPwHaFx.jpeg,gallina
OIP-W5iNnfrjrKYQyqhpQiTScwHaEI.jpeg,mucca
OIP-W5lUowEvz3xK2FC6IQG-rAHaGl.jpeg,gallina
OIP-w5s7HCYPDt6fyoY01CKXAAHaFj.jpeg,gallina
OIP-w5t--QghgCVBD3L9OeDJSwHaHa.jpeg,mucca
OIP-w5VlhaCIEfKrqAXwJHTMTQHaFj.jpeg,gallina
OIP-w6AKwA7CaypQiMnqo-N-uQHaGk.jpeg,pecora
OIP-w6DkNnu1xoyB-JVuQslrrAHaFn.jpeg,ragno
OIP-w6LF82HwKckQVSfQ2VteMwHaIH.jpeg,elefante
OIP-W6lutVtXF2WiDtZbuBVYdQHaFj.jpeg,scoiattolo
OIP-W6oaJTyYl86Ny9MacLqisgHaHa.jpeg,pecora
OIP-w728CCWtpO7yJin-naycVAHaE9.jpeg,pecora
OIP-w76Pb-FCCZrSG0tO0-i3tAHaIo.jpeg,gallina
OIP-W78XBYQ0JibkWl4at4_kOAHaIJ.jpeg,gallina
OIP-W7Oj6hmiJIBhEMu5Zv1YkwHaFa.jpeg,cavallo
OIP-w8cbkQk4LPLrJpjnXHXICgHaFV.jpeg,elefante
OIP-W8MR_y2t4vJ0O0QVYrGHIgHaGM.jpeg,elefante
OIP-w8RUppT3Mjs0uaUg1WRLsAAAAA.jpeg,elefante
OIP-w8tUovk8d4Wm9FlZKZFEdwEsCp.jpeg,elefante
OIP-W8W98bVbPJ7_dZbtRF4UxgHaFE.jpeg,cane
OIP-W8XovJhbAzIZBcDc4_12dwHaFK.jpeg,pecora
OIP-W91hivlz6hGbsu_3Oy44dQHaHJ.jpeg,elefante
OIP-w98T5wQLcgsiWeJGhYl52wHaJ4.jpeg,elefante
OIP-w9Y2lihMJzbN60Ua05nPcAHaID.jpeg,elefante
OIP-W_Jchi0SMSIOZesQhhrykwHaD8.jpeg,elefante
OIP-w_yfTyzRNftC7BJ8Dgh-dAHaE7.jpeg,gallina
OIP-WAc23FpqIrZS5vei-pqxTQHaFj.jpeg,gallina
OIP-WaDG7K026rozet70M52CygHaF7.jpeg,gallina
OIP-waFVQl4EQMhHWsswPm9vKAHaFs.jpeg,pecora
OIP-Wahu93H9f7fv2_l286SCxQHaE7.jpeg,scoiattolo
OIP-WAi8bxQRX-MvYL_Jk5Q4dwHaJ3.jpeg,cane
OIP-WamrhJV8RD40zIUsbaO34AAAAA.jpeg,cavallo
OIP-WaVxBatrIrUTfdqwhVcOeAHaFj.jpeg,gallina
OIP-wb4IoFgar01kaXxMl93yxgAAAA.jpeg,elefante
OIP-Wba2pZB1m10z1DS71jkJsgHaFj.jpeg,pecora
OIP-wbM_B7Ajiw9TQxcH-pMmvAHaF0.jpeg,gallina
OIP-WBn5mHLjmeJjX7xAdPPflAHaEL.jpeg,elefante
OIP-WbOzihzMDwGOkziZ_NjUzwAAAA.jpeg,gallina
OIP-wBQxQjpLYYrOzFahXLYQ3AHaFi.jpeg,elefante
OIP-WbuZ75AY9MCcixI5CvfsgAHaEj.jpeg,elefante
OIP-WC4mDfan79XzhmiGjMO40QHaEL.jpeg,cavallo
OIP-WccY0eTDjpsb805sKCegXgHaE8.jpeg,elefante
OIP-WcD0ZkEyaVwMuAXpvbjHlAHaGl.jpeg,gallina
OIP-wCeAtviBScM0YZhP_sZmlQHaFb.jpeg,elefante
OIP-wCjBpxqpFsZw8yYI7BhTwwHaEn.jpeg,pecora
OIP-WcxADz6qRKDiUDvFOhYKSwHaEK.jpeg,elefante
OIP-wcYX17cyRNviiVFy3FhUTgHaE8.jpeg,farfalla
OIP-Wd-WhHvLrLOcNJZGwGBhHAHaE6.jpeg,elefante
OIP-WDPPYbAWTrPVEz5VP20GDAHaE8.jpeg,elefante
OIP-WDsz9u6N8HJvHzgoiCl3GwHaFj.jpeg,elefante
OIP-wdYoc2SpAQc0tDzqLVclvAHaEo.jpeg,elefante
OIP-Wea5oFUBSHa2mmJsYhP27gHaFj.jpeg,cane
OIP-WeH9hw8s4LxMyQYDP3S3fQHaE8.jpeg,elefante
OIP-WehJfzY92ekV4IFgsT8FiQHaFj.jpeg,elefante
OIP-wEHOGvllck7ztqFDrSdW-gHaHb.jpeg,mucca
OIP-WEMrCPqmibil8jjbvYTCDgHaGa.jpeg,cane
OIP-weNICbJEJ3PboAF1nFwosAHaFj.jpeg,elefante
OIP-WEnliuPNRRmKlQEMKv2DmgHaEg.jpeg,scoiattolo
OIP-weP1Nu8eGMZJBX9l4aZcOwHaJ4.jpeg,elefante
OIP-weprMwJkFgWw7YiFDPdGHwHaE8.jpeg,pecora
OIP-WetH-_qh4MRKUVeBNzkBjwHaHi.jpeg,scoiattolo
OIP-weuIr_LHTQ2iX_P1ek3hxgHaHa.jpeg,elefante
OIP-WexlCqIkYyLuCkswwVi21QHaE8.jpeg,pecora
OIP-Wey6bCUofh3z6G4QjQSaZAHaE9.jpeg,gallina
OIP-wf60tdq1lqZb13Kfb7AvzwHaFj.jpeg,elefante
OIP-WfBYYUvtWno7dC_FiFO3EgHaE7.jpeg,ragno
OIP-Wfef36KDBciBotufuTG5NwAAAA.jpeg,cane
OIP-wFn7xh67YohwVcqVSCKg1QHaFP.jpeg,elefante
OIP-WFpfKAXsKIIgeLGbGbVDJAHaEK.jpeg,pecora
OIP-wfqs6G730sklvbzPKtVMwAAAAA.jpeg,mucca
OIP-wFS044XzyS-Zhsqs3dzfOgHaFj.jpeg,elefante
OIP-WfukF187NfSDkU_EU4ZczwHaEo.jpeg,cavallo
OIP-WFUnqs0BFNrQiKJoCyJC6AHaD6.jpeg,cavallo
OIP-wFwycOrDJOrnm-jGas88-wHaFW.jpeg,elefante
OIP-wfYDNpqk2YrBYxwFsXfVGwHaHa.jpeg,gallina
OIP-wG3e6QuKtGxAdX0kT_Z94QHaE7.jpeg,elefante
OIP-WG9mnDbXZ-6buke0pWMTKAHaHa.jpeg,pecora
OIP-Wg_dyeVXtfFw8X3EK3xyPAAAAA.jpeg,scoiattolo
OIP-WgC1NE7SdDPMYZ3DUn2zPgHaE7.jpeg,elefante
OIP-wglAa4YhgVKrXc2W7yxzWAHaGx.jpeg,ragno
OIP-WGmA1bvXDd4-nTMfT2UOVgHaE9.jpeg,scoiattolo
OIP-wGmMWBTdekGvTwqpBHhXNAHaEL.jpeg,pecora
OIP-wGq4cqbM8pFPMIt6V9cAQQHaFc.jpeg,gallina
OIP-WgqAZhqNKgqwIcMOAT5RigHaE0.jpeg,pecora
OIP-Wh0hCplThW2kYuVstFS4xQHaFj.jpeg,gallina
OIP-wHe99Iau9yrJ-WPlliiV0AHaD2.jpeg,elefante
OIP-WhoeU4jl_9tp0UaSr9ODJgHaJ6.jpeg,elefante
OIP-wHuAhutYwq1-KeKV1VRlCAHaJ6.jpeg,elefante
OIP-whvERiWyecSKskXtgofrHAHaG4.jpeg,elefante
OIP-wHYa82Q7o1u5_l7lsHyQSAHaFm.jpeg,elefante
OIP-WI_ZjUm9hM6qK4fQh8hoowHaFo.jpeg,cavallo
OIP-wIAoJuFmJeLvkmFAXmlYngHaGD.jpeg,gallina
OIP-wiHMBEz-yrUtjAV7rW77eAHaFY.jpeg,gallina
OIP-wilEcnz5oPVGzT9HTJ5ngwHaKe.jpeg,gallina
OIP-wJ1I1zQ99XuBk1cabOl-MwHaGY.jpeg,mucca
OIP-WJ21ewrst9QSjKzhRb9ANwHaFr.jpeg,ragno
OIP-wJ5rnW16GKlrF8fA195DDgHaE6.jpeg,pecora
OIP-wJ_WBXeKsmn_oVoOWEluQwHaE8.jpeg,elefante
OIP-wjC5BF__qYpe1T6IqZCTMQHaFj.jpeg,elefante
OIP-WjEcz1lVJXKHUKrwgEbqWQHaEp.jpeg,cane
OIP-wJhu6MT8aVn48WZN5-U_CAHaGX.jpeg,scoiattolo
OIP-wjLOVz9ExMjUGb0EpSaomQHaE4.jpeg,scoiattolo
OIP-wjmPExUlVvKzO0XBTCNrkgHaH0.jpeg,mucca
OIP-wJnm33xQjbp8JFC2eF2cxAHaFj.jpeg,elefante
OIP-wjusV3SpcNczVA_C6OeIsgHaEo.jpeg,gallina
OIP-wjvIPtydX5Ofrmzvw-F1lgHaFj.jpeg,gallina
OIP-WJxvhloGShaxE8pp0wBCZAHaFj.jpeg,gallina
OIP-WJxXXybWuStdW83awVhMoAHaFj.jpeg,cavallo
OIP-WjZu09gJSXPAU77LzECiGQHaEy.jpeg,gallina
OIP-wK2KzCaQFxAxYfyfkk2NCwHaLC.jpeg,ragno
OIP-wkAKWzlqcG01KWtkfi01KAHaEc.jpeg,pecora
OIP-WKC-yycV_F6WUMcIS7C5ZQHaGg.jpeg,gallina
OIP-WkMUge94pWg4sJwoNIxsrQHaE1.jpeg,gallina
OIP-WkNdW9sjhSivob9AsQL16AHaJ2.jpeg,elefante
OIP-wknzwnUFkYy_rlppRGRBDgHaLH.jpeg,gallina
OIP-wlNed81LzEKoEZg2KtvTagHaFj.jpeg,pecora
OIP-wLoJMNLAHbhmv5DuI1wSdAHaH7.jpeg,elefante
OIP-wLYB9ozRGQpGxNP75oK5dwHaE6.jpeg,ragno
OIP-wm0RF28ZqRnSmjBRgQE_lgHaKn.jpeg,elefante
OIP-Wm3zkAW7V-32yLpIkyY2BwHaFj.jpeg,elefante
OIP-Wm5vZi59JPnF80f3W4Gb_gHaE6.jpeg,gatto
OIP-Wm9Ffw1Mm4IFOfXubkYB9QHaE7.jpeg,ragno
OIP-wmbXmjVWEDsnrFxW3VJotAHaFj.jpeg,scoiattolo
OIP-wmDPGUE_hDyBpuBi2bsuggHaE8.jpeg,gallina
OIP-wMdZ_1hPXqgLY5jjnQQdogHaE8.jpeg,elefante
OIP-wmFTsniolVN8DJ2UlypK1AHaE8.jpeg,elefante
OIP-wmGB4TGQKnAieopoFxXllwHaF1.jpeg,ragno
OIP-wMiAzngvUpDH-ndYlIoVzQHaE8.jpeg,elefante
OIP-wmlrz98DPpqYNZ5JcXWfMQHaGs.jpeg,elefante
OIP-WmyhcagRJQIksFNeWis0AwHaF-.jpeg,elefante
OIP-WMZfFa2Dn9R_lnf-yqd_vQHaFt.jpeg,pecora
OIP-WMZp_UvlwJ_13tPLZZfYuwHaJ5.jpeg,elefante
OIP-Wn-u1R3USgv0GN-mMkzvMQHaFj.jpeg,gallina
OIP-wN0sz9OQxsApMl5slokASgHaGl.jpeg,gallina
OIP-WNb7KKNAohHYYpnqjnJibgAAAA.jpeg,farfalla
OIP-wnCzGa2YMCgDSPElspTBAgHaFI.jpeg,elefante
OIP-WnE4eVzYdQCbr1M8rj_IqQHaEK.jpeg,elefante
OIP-wNFVMamXuzTG7X_rv12qzAHaE7.jpeg,elefante
OIP-wngmMgwYiW2esyBOe-nyfwHaFj.jpeg,gallina
OIP-wnh3L_bkGhXEyNkFq6OIlQHaHo.jpeg,elefante
OIP-wNmWrFJWc1IBn4sbqtO3oAHaFx.jpeg,gallina
OIP-WNNaLa9g10BeEaoe85TA7QHaIh.jpeg,mucca
OIP-wNv_c-PexDCk2MDr739XlwHaFj.jpeg,gallina
OIP-wO3j3MnmigXJwkWPzOZ6jQHaFr.jpeg,gallina
OIP-wo_t9Qb3QJ0Ox5CIsmKluQHaFj.jpeg,elefante
OIP-WoBlwPywbUunAGkav8oS2wHaFP.jpeg,elefante
OIP-WoDZyUGFn2oSOKC2exaYmgAAAA.jpeg,elefante
OIP-woFyUUldu3PSn3QPfXjhDAHaE7.jpeg,pecora
OIP-wOgoVPA-EtWVe2_585km_gHaDt.jpeg,elefante
OIP-woJkmoeL_aMW9VRuOspHEAAAAA.jpeg,pecora
OIP-WoK8f0No03mfUwSyM3fy2QHaE7.jpeg,gallina
OIP-WOkFjH2v6hXB0DWIJjK3GgAAAA.jpeg,elefante
OIP-Wp4ovgFJodVcM_mAOaMVWgHaIE.jpeg,farfalla
OIP-wpaoCzH7RGNlJ-0tZFUUjQHaHO.jpeg,elefante
OIP-wPAsDUhk20RyxqpcCn3nQwHaFb.jpeg,elefante
OIP-WPFBxxtJQv5WpjiYqQj8aQAAAA.jpeg,gallina
OIP-WPmwhBaaayTAj2kjfWIFtQAAAA.jpeg,gallina
OIP-wPOLVvntaEybQAoZQxro3AHaE8.jpeg,farfalla
OIP-wPRwhnFw3ZNaNDhcQOfwiQHaHa.jpeg,gallina
OIP-wpSZjxbXu_RUpdwGrVv-pwHaFB.jpeg,gallina
OIP-WpwFgPLhM4JszSkpeoLOAwHaE8.jpeg,gallina
OIP-wpwxA1MIYJveBoMhe_6DDAHaJ6.jpeg,ragno
OIP-WQIhkpmApyEBEf8heKcOzgAAAA.jpeg,farfalla
OIP-wqj5Hzu8Gs7NhSBrSqIBCQHaFS.jpeg,ragno
OIP-wqKP--YjfNXxYmkqxNepFQHaLD.jpeg,ragno
OIP-wQN0WD9EbFw2pH_Q4OtSigHaFj.jpeg,cavallo
OIP-wQOmAbCre0YrtKai_Ui56wHaDt.jpeg,elefante
OIP-wQPrK9Su36WHfDPmGWEOnQHaE5.jpeg,gallina
OIP-WQRHgbXEU7IURVWhksMf2AHaNK.jpeg,elefante
OIP-Wr0xuz-H3we96U2h06c4QAHaLG.jpeg,ragno
OIP-wR_Pn33_qwAKcLERwVJOFQAAAA.jpeg,scoiattolo
OIP-Wre8KAMEtPifbbgXkZmrJQHaC0.jpeg,elefante
OIP-WSd03JuDbdqOl2e9HRV4YwHaFj.jpeg,elefante
OIP-WSED64KacGyqlIX36jatrQHaLH.jpeg,elefante
OIP-WSF034Ua1FTAlmOiHgCfNAHaFE.jpeg,elefante
OIP-wsn1eE9Z4Lei3UO9K3D1KQHaFH.jpeg,gallina
OIP-WsTZhtAO3OQVuWktoX-IUAHaE9.jpeg,farfalla
OIP-wt8mnRiEaqs48gnQ-SqgWwHaKO.jpeg,elefante
OIP-Wt_Ea5fO0yhW3quSIg8b7AHaFj.jpeg,elefante
OIP-WtbN-_xqCUEcs1qRowALYgHaLH.jpeg,gallina
OIP-WTdlrkMb78P0XqTb_DoypwHaHa.jpeg,cane
OIP-WTFhQqD88fBJqFbfVlHSEwHaFa.jpeg,gallina
OIP-wtgNElQHU9FtH2YUI-VG4gHaE6.jpeg,ragno
OIP-WTkndM8a1EED3lpiFJKuHwHaE-.jpeg,elefante
OIP-wtNQjilmsorXC0pdg2SIkQHaEk.jpeg,elefante
OIP-WTnRvEkrkJtoOgad0QDb_gEgDY.jpeg,elefante
OIP-WTrqF7EJxQ3DiS3Mw3vdIwHaFj.jpeg,elefante
OIP-wtZ1WIdMpsWvauhCK0ElQQHaGJ.jpeg,cane
OIP-wu8pLIRGjAw6TTJM2PfGlgHaH4.jpeg,elefante
OIP-wu_uEceBYWUW3eur1apiigHaG5.jpeg,ragno
OIP-wu_w7ncADQ9Vh5QqcCCXbgHaE8.jpeg,farfalla
OIP-WuAbibr1sF9LzkKqS6PPzgHaFl.jpeg,gatto
OIP-wUfr56atZrSlV9zrUA8PUgHaFR.jpeg,gallina
OIP-WugffvfwTLvscqh5Y5qhmQHaFj.jpeg,elefante
OIP-wuGlaTGrPnpDPMY77vHcHAHaE6.jpeg,elefante
OIP-WuI4f2DpWOZuKT1epHsa5wHaHa.jpeg,gallina
OIP-wuk6UjoTI_SVXP-2BTzBxAHaEv.jpeg,elefante
OIP-WunXBG3mMB_hLCDnp_N27QHaE6.jpeg,cavallo
OIP-WUO9_uC4tDQkxRFwfw4zVAHaFj.jpeg,elefante
OIP-WUt3IOqhdvzn29Qg74MBLQHaHg.jpeg,ragno
OIP-wuwAtiCPjDNoeRZe9oDWqgHaE7.jpeg,elefante
OIP-wuZWufcV0ndXd69A-shAoAHaJ4.jpeg,gallina
OIP-WV3AV0AER7ow9bKhbkf_uAHaFj.jpeg,elefante
OIP-wv9eIefbFqs4ONjRsU7h9AHaGa.jpeg,mucca
OIP-wVAmBvPpLc-2tjz3b6ymIAHaE7.jpeg,gallina
OIP-wvC8wQ46CjP8MNNwH5iHTgHaE8.jpeg,elefante
OIP-WvDm7zHBeyp-YDhROGQKxwHaEK.jpeg,gallina
OIP-Wvjf6by7rQwvDB8t-FV7VwHaHo.jpeg,ragno
OIP-WvKCGlAssBwbgcXB0_fq1AAAAA.jpeg,gallina
OIP-WvKqBqznWavK7uosNE7GOQHaFj.jpeg,gallina
OIP-WVlkn8rm7Q--hAnIRgWO8QHaE8.jpeg,gallina
OIP-wVrvFhWSPtYijQnLY2xmvQHaFS.jpeg,elefante
OIP-wVsE0wbGtVkgIhOC2LNFqwHaGL.jpeg,gallina
OIP-wvv2NZnKhscHXMdXCAuy6gHaI7.jpeg,cane
OIP-Wwf9anT0-by4HYTribqN2AHaHa.jpeg,elefante
OIP-WWFZXI-Sp4NQnSRKCxK-ygHaFi.jpeg,elefante
OIP-wwG30XMXkCBg37i4AbLTkgHaOL.jpeg,cavallo
OIP-WWPTi27AZ62J3ZgS0OGBxwHaE6.jpeg,elefante
OIP-wWV0GeHUiO2J4c_mqvkrgQHaFj.jpeg,pecora
OIP-wWvGwlvm8uPJe2Lk3UunlAAAAA.jpeg,pecora
OIP-wwydM_nSjR4syjDzl3NV3AAAAA.jpeg,elefante
OIP-wX1_OanXkh5Nk5NChD623AHaEo.jpeg,elefante
OIP-wx41Rb-vF01wM2JKXpUbzgHaFe.jpeg,elefante
OIP-WxCtElJfOBam7buQspsRdAHaE8.jpeg,elefante
OIP-wXJ6DO8w_s3eLhbT-E4RIwHaFj.jpeg,elefante
OIP-wxKaLAcA94Sf5lyZ65A08gHaFs.jpeg,pecora
OIP-Wxm2QlAzZ7yOwa8DOxpp9wHaHi.jpeg,gallina
OIP-wXP5oHVZqbIYX_ptdL7PBQHaFL.jpeg,gallina
OIP-WXQnawzJnavgJQrAG0hXQwHaE7.jpeg,pecora
OIP-wXQYTcHD-zQsu4MNu83tpgHaF_.jpeg,gallina
OIP-WXrxR1iy58T-84JSzZbTywHaEl.jpeg,mucca
OIP-Wxs7WUFRZ_Sj3JfPdFtCxQHaFX.jpeg,ragno
OIP-wxYUvc6Qnm_vjjL9c9QZZwHaFj.jpeg,elefante
OIP-wy_MwzyDEbQ8Uqv38A1e9QHaFj.jpeg,elefante
OIP-wYAQ5t0n29TRNPZleLxTDgHaE8.jpeg,elefante
OIP-wYm0uf6oTmZ28486H2eDZgHaKO.jpeg,elefante
OIP-WYnViEIifkGjHsCHgafktwHaHE.jpeg,scoiattolo
OIP-WYooAKLg0Zm1e556xXPLkQHaE7.jpeg,scoiattolo
OIP-wyRNL94t8xbLHe3lqxmQ5gHaG2.jpeg,gallina
OIP-wYScQm7wyxoQuUdbUVtBzAHaE-.jpeg,cane
OIP-WyUH_Kr0IU1bDEC5z4CwjQHaDO.jpeg,scoiattolo
OIP-WyxhZvWDczsf4gCDhexq4QHaEK.jpeg,scoiattolo
OIP-WyYdlZhhbbM1D0QoMbguSAAAAA.jpeg,gallina
OIP-WYZvVRjTMa6U6kX8dlSNTQHaFj.jpeg,gallina
OIP-WZ-az-AqKuUR0SuOn2g4JwHaFj.jpeg,gallina
OIP-WZ6ZmPpywpcZUCnqE_6cxwHaFH.jpeg,pecora
OIP-WZ8jmYdHahySJ1yKVC_9zgHaEK.jpeg,gallina
OIP-wZE2UxDS2vNxmnXSuSpJ6wHaFw.jpeg,ragno
OIP-wZi8rVRIynW2fNAJAb9d3AHaFu.jpeg,pecora
OIP-WZqiyBv97f5fkp5jXO9YuAHaE8.jpeg,pecora
OIP-wzRVVYCmsBJdnWa4jYe2FwHaEK.jpeg,gallina
OIP-wzukzoRO00rDBtM0I3o4UQHaEK.jpeg,elefante
OIP-wZXgkanUsl1q7Mzh0IliegHaEK.jpeg,elefante
OIP-X-6To3pyhPOK3sDPmNVHYAHaE8.jpeg,gallina
OIP-X-7heV71-K4qFIZwBxHzzwHaID.jpeg,cavallo
OIP-x-NEa_XPJcfcN1Tz3j337QHaE9.jpeg,ragno
OIP-x-T0cc_QnQMYehCbCJF4QgHaFj.jpeg,gallina
OIP-x-Ys6Gup0J-aF4fOpILCegHaEH.jpeg,elefante
OIP-x05i_4vOnjRzKJtPQJk3MQAAAA.jpeg,elefante
OIP-X0bF7rxRrJi2OLSBl29CngHaFa.jpeg,pecora
OIP-X0fOsD8rYnzPBJu58_ruJAHaFj.jpeg,scoiattolo
OIP-x0iiLob-rUcBGmnik9E1uAHaE8.jpeg,mucca
OIP-X0ocSrQqvPeEThJvxAYfCAHaEK.jpeg,gallina
OIP-X0rI4MBnS7L-Ou04MBa2KwHaHa.jpeg,cavallo
OIP-x1221SmHfHYxYhi-h8EhPQEsDJ.jpeg,elefante
OIP-X1AH4cGy1z5RD2P8uX8fqgHaEg.jpeg,gallina
OIP-x1dmwXyO7sHratpL_SI8VQHaFC.jpeg,cavallo
OIP-x1kP3z5W79sdVE9-EX-XAgHaFb.jpeg,elefante
OIP-x2e0nJJuV_iFvpOQzn7yGAHaE8.jpeg,gallina
OIP-X2E1a_EouTDQRkNephligQHaF7.jpeg,cane
OIP-X2IpEQq3e2WMlPz0dUzwYQHaER.jpeg,elefante
OIP-x2N9royPLMYg5YR3Jq-EBwHaGB.jpeg,cavallo
OIP-x2S3w9PMWd1RD2vZq9orEgHaJm.jpeg,farfalla
OIP-x2ylUNu28q4V3LeCtPGh-gHaFS.jpeg,elefante
OIP-x3ds-GLfBdrjkAMkSfQSDwHaE9.jpeg,gatto
OIP-x3j4dh5yqBXjD-hhy3UiZAHaEK.jpeg,elefante
OIP-X3j4x3DwAXwRBYkFuuimPgDIEs.jpeg,elefante
OIP-x3KN3jQLURJlZ0Ddw2ZpOwEsDH.jpeg,elefante
OIP-X3vfaN5PsndVnae8mcdlcQHaGl.jpeg,gallina
OIP-x4e6igonpr1ImnMoQG0POQHaFj.jpeg,farfalla
OIP-x4zOVsLV23fNe1uSD80MbAHaE8.jpeg,pecora
OIP-X4Zv3O65DUGXtrCWdoplIgHaE8.jpeg,ragno
OIP-X5I-OsXafG1Vj11-mRbQTwEnDT.jpeg,gallina
OIP-X5QZiLUvlFdC1SHrJV87jAHaEI.jpeg,ragno
OIP-x6RElHPuDxtEHl_xRxGrXgHaJ4.jpeg,elefante
OIP-X6S-X5KAyxVrp_6B0hrMuQHaFj.jpeg,elefante
OIP-x7TlMccOxT4A6ddemFGBygHaLH.jpeg,gallina
OIP-x87eI76ayUWmQ2iAfxvNMgHaFT.jpeg,elefante
OIP-x8F4iEAgWHTwovvRCcehzwHaHT.jpeg,elefante
OIP-x8UDEPzZFdaklbBY4wlFSgHaF4.jpeg,gallina
OIP-x8UREud4Xv9ZLKcjGlvdGgHaFc.jpeg,pecora
OIP-X8wnH2QcpVRn_MCRQZhVyAHaDf.jpeg,elefante
OIP-x96A6eQAvSBELmZfUpzE2AHaFj.jpeg,ragno
OIP-x9DC-u9s3LrRvHK2d3qvQwHaI2.jpeg,elefante
OIP-x9E02WEN9UxGcgXj3VblhAHaE8.jpeg,pecora
OIP-X9fLNZDvdqCvsuXclGgElgHaHa.jpeg,elefante
OIP-X9NDHfv4RPGsdq946burgQHaFb.jpeg,gallina
OIP-X9NfkuWHt8gVP7Ejyck5iAHaF7.jpeg,elefante
OIP-x_5yzPAHxHrgrGGFFDtJRAHaFP.jpeg,elefante
OIP-X_l3TNL9VgL7NLk3Wc6y-wHaGR.jpeg,cane
OIP-x_NZ3IJd0PDNwDqR9rUcwwHaIo.jpeg,elefante
OIP-XA3st4apEJUBWSSW_SBXigHaFj.jpeg,elefante
OIP-Xa9PvNZZH3CXAty_NoZC5wHaE7.jpeg,gallina
OIP-xaiawbgYYJSU8sEl9rgvfwHaHa.jpeg,elefante
OIP-xAM1BZ7i0uSpLTzc0ORUCgHaHa.jpeg,gallina
OIP-XARSde5vRx4md3MicumNgAHaH2.jpeg,gatto
OIP-xAs5GWkLXO3uUM4ahxOmAwHaE5.jpeg,cane
OIP-xATD-TaiypckbsJ3gjLIGAHaEK.jpeg,elefante
OIP-XaWu3oAZTTIBtOuSaMGndAHaFn.jpeg,ragno
OIP-XaY_8caZjAoQPqk7LuALSgHaE_.jpeg,cane
OIP-Xaz1S_qI71y4KMxSUBkXbgHaE8.jpeg,farfalla
OIP-xBeDxoB7JvirS76ZY_FYTQHaFj.jpeg,gallina
OIP-xBH5IZcGx1ykrX0-j7V59wHaE_.jpeg,elefante
OIP-xbHvqxV9bvly5jPWJ7M_hwHaHa.jpeg,cane
OIP-XbNfQqykzwkleYqfuMjNpwHaLI.jpeg,elefante
OIP-XbZThqzeVaU6b5spXnImRQHaD0.jpeg,farfalla
OIP-XC86OfGsFlKyRzQJLBLVCgHaLS.jpeg,gatto
OIP-xc8Cj3JJ7uw5SAmbvXxFLwAAAA.jpeg,ragno
OIP-XCbjKuMA-wPyRgoZ69xgIAHaFS.jpeg,gallina
OIP-xccgCwlldhBeqZiX5BSgLgHaFj.jpeg,pecora
OIP-XCfV9WZD9__QeifuV1hFKQHaE8.jpeg,farfalla
OIP-XCiSoZgoAOa_UTV8gjA0UQHaJl.jpeg,pecora
OIP-XCjHW9nCK8OX_6m6itp9-wHaE8.jpeg,elefante
OIP-XCWDD_YxhGH2HEmvVv8DlwHaFn.jpeg,gatto
OIP-xD17liR4DvY10zbOCNl4ggHaE7.jpeg,mucca
OIP-xdFnuPTRHgsXzNBFRWX_MAHaD4.jpeg,scoiattolo
OIP-XdJOkr8hCvXQ3mh34bKHAwHaE7.jpeg,elefante
OIP-xDlYQ0qANUY0KleKPXLgAwHaNJ.jpeg,gallina
OIP-xDV4LueDw5KMFnknqNY4YgHaFQ.jpeg,cavallo
OIP-xdXuJfdwkBVVbXWf_SoQOQHaEJ.jpeg,cane
OIP-XdyNLcngOq4jXUGEf1QQLAHaE8.jpeg,cane
OIP-xe8DkcG25_Fco7XFhB4QLQHaHa.jpeg,elefante
OIP-xEArvWOocr5H8TNsoU3pWgAAAA.jpeg,cane
OIP-xekdCC8_B13txwXWs8xy9AHaE8.jpeg,pecora
OIP-XeMJjKcNnMcc4xa3TYQIlQHaJ4.jpeg,gallina
OIP-XeoBGVIlWNd2t-Pl5GRFwwHaJB.jpeg,gatto
OIP-XeP2Sa6kuP8-X7JYQIpdJAHaG_.jpeg,gallina
OIP-xeQEhr_GDmC61igAb0NHNwHaE7.jpeg,elefante
OIP-XeRVyi3T2sAqk5mQMnJU-gHaFy.jpeg,elefante
OIP-xexQEqpEE-Mye61_ddq_egHaFI.jpeg,elefante
OIP-xf8n1B_teLq_I2S03QmjRAHaH5.jpeg,elefante
OIP-xfdbuJ-wnrwwmiiQcb3tPwHaG9.jpeg,gallina
OIP-XfhNag6hOAMM3FwSFrhyUQHaKs.jpeg,gallina
OIP-XFK_mksXhILOMkPiTMXA3gHaFI.jpeg,scoiattolo
OIP-xfK_un2sv5DINGCyCff9mQHaFj.jpeg,elefante
OIP-XfmqUh28rhn1WIdiL-SeOQHaKA.jpeg,gallina
OIP-XFqNpA_rpqF52C2CSjHQDwHaFd.jpeg,elefante
OIP-xG0w41Y3RCTk8EuFgU2pBAHaFG.jpeg,gallina
OIP-Xg4Rv-IzKp4yXHvJnOPHPAHaFj.jpeg,elefante
OIP-xgax_8izswzmRrA2aVbq0gHaE8.jpeg,elefante
OIP-XGdXxP-VD6sIfocHYT4HcQHaFj.jpeg,elefante
OIP-xgFf-Ml32-4VU0wOFwUf0gEsD3.jpeg,elefante
OIP-xGMduV9344nHRhCIhqUtvAHaGg.jpeg,gatto
OIP-xGpgXZpogr4n-JG5h8PBWQHaFk.jpeg,gallina
OIP-Xgvx8oy3gCgXb51b8vRcnQHaHa.jpeg,elefante
OIP-xgWzr1awS6F7dHs9-MQLZQHaFi.jpeg,farfalla
OIP-xgXQ0j3farIVmhbCxgyCBwHaHN.jpeg,elefante
OIP-Xh-FAj1FvJ4XzL3zjTP2zgHaFq.jpeg,elefante
OIP-XH1xtiJuRA8kTfTZo_M9cgHaDj.jpeg,farfalla
OIP-XHhbkyELHtbvdoDrAV8XygAAAA.jpeg,gallina
OIP-XhINKQckEZ0aN6Ses20eIQHaF1.jpeg,ragno
OIP-XHOCcbaY-6rmr4Mql18bJQHaLH.jpeg,elefante
OIP-xhqN2cyZJTYKa8wryHxaJQHaE8.jpeg,gallina
OIP-XHrr9AeiI8Egrt85dSx7mwHaFj.jpeg,gallina
OIP-xhvaGvk1X9a6HnCRtkkkdgHaFc.jpeg,gallina
OIP-XhWDQgiElgZ0RUvLgceIvgHaFa.jpeg,gallina
OIP-xI--YlHB1jevVW4BILAAlQHaE6.jpeg,gallina
OIP-xi24hSp3o9X1HlD3nitpVAHaEQ.jpeg,gallina
OIP-XI7MSVRPpxYBL6iKNb_8lAHaFj.jpeg,pecora
OIP-xibDKLEnsvibR3BNi3RpQwHaE8.jpeg,scoiattolo
OIP-XiF1RUb7TbgkN2VNc76DbwHaHa.jpeg,pecora
OIP-XIfcDgSMAy2MFqnx5JKtgAHaH_.jpeg,elefante
OIP-xIFJvxXdNGYLrh0lWsIusgAAAA.jpeg,gallina
OIP-xivJnBzB5PM6LatQ8ksyQgHaEK.jpeg,elefante
OIP-Xix63IsK-GdQjCDjvCF1aAHaFN.jpeg,farfalla
OIP-XIxzwE9ixKLSxbKEE4AJEwHaE2.jpeg,cane
OIP-xj31ayOYpjGj5cuVHYS8SQHaE7.jpeg,elefante
OIP-xjA0WRLkFZOYus8274RMZAHaFj.jpeg,elefante
OIP-xjaXHdCZGkQbTuQdxhb6TwHaGX.jpeg,elefante
OIP-xjg1RYHyhy70B1Hdb_D6xAHaFj.jpeg,gallina
OIP-XJiHIz-8BUDlvXsr231QEQHaFj.jpeg,cane
OIP-xjKAgPIdyArSOeG9W66qfgHaFH.jpeg,cane
OIP-XJKqwheChY2YcgXqIq_rxAHaE7.jpeg,elefante
OIP-xJovQjBJqwsvDbEQPcoXqwEGDt.jpeg,gatto
OIP-xJuqSpaD-Dmm7S7eH4KrtQHaE3.jpeg,cavallo
OIP-XjWpWM0RpFa8QmH7CarydAHaF_.jpeg,pecora
OIP-xjyAFPhVJqREX6AfbEUfhgHaFj.jpeg,pecora
OIP-Xk_CPJhWflyTymfyBZQ3agHaFz.jpeg,elefante
OIP-xkGaM89OeDrKof-JVV1uWgAAAA.jpeg,pecora
OIP-xKgWfq9Q9TG7VAhFEDcWDQHaH6.jpeg,pecora
OIP-xKMPrqdjbZsT-vxs9wugXwHaEK.jpeg,cane
OIP-xkoD5bJxT8NFeLO0cW1NPgHaJ4.jpeg,gatto
OIP-xKYyIS33z6yU98q05sF5yAHaHn.jpeg,pecora
OIP-xL0WlnatzXlu5meDmwGBEgEyDM.jpeg,cane
OIP-xL61vfwfVd3Cqg_lsG08pQHaF4.jpeg,elefante
OIP-xLHLEqixAm57Y4YfKtJJEgAAAA.jpeg,elefante
OIP-xLI-wXmRlAnrkYW4xDwljQHaFw.jpeg,elefante
OIP-xlJ7Bbj-tB9y3FnMROH0igHaII.jpeg,pecora
OIP-xLNc3GbpaRqyQC-QZR1rFgHaFj.jpeg,farfalla
OIP-xlRR0uZ29SdQYRQn6nJgawAAAA.jpeg,elefante
OIP-XLZj3HDw-v6-fRjrcOosvQHaEo.jpeg,gallina
OIP-XM-9quCuvL5sGvykoN-DUwHaE8.jpeg,elefante
OIP-xME8rmiVy0f-Uv5U0vLL9QHaF7.jpeg,gallina
OIP-XmmfOGvHGszF-97NrQSudQHaEH.jpeg,elefante
OIP-Xn-uLe0J8rqODaV1mOvfxgHaFH.jpeg,elefante
OIP-xNagVXREBuTlI9CGrUb-ZAHaFs.jpeg,gallina
OIP-XNbG3FAas6bgwVIYuvp1BgHaE8.jpeg,elefante
OIP-XnHARS5OlQmpGLH8LEsnJgHaFY.jpeg,elefante
OIP-XnhVmXAJTkcFK6M9W9HnegHaFE.jpeg,elefante
OIP-XnpSXDgrjq8zKHO3Sm-iLwHaEp.jpeg,elefante
OIP-xnQTHJHQggyRE5rL4PlESAHaF7.jpeg,gallina
OIP-xNZvfMo9RC3fv1GSIwzwdwHaFo.jpeg,gallina
OIP-xo1IN2RI2Z83fE9Hqr1K8QHaJ4.jpeg,pecora
OIP-XO7fDhXahM4kmRF_22ingQHaCl.jpeg,farfalla
OIP-XOFHmo_qcKEAUgqQxESs5AHaE7.jpeg,ragno
OIP-xOGvUjYRIiGOrvCmFc8f8QHaFk.jpeg,gallina
OIP-XOHBs6_V9kqFgVxveqObVQHaEM.jpeg,gallina
OIP-XOxGkpdBZxNlcJC1e2UmsAHaFC.jpeg,elefante
OIP-xP0b130PZ-PymU5-rXl_AgHaE8.jpeg,gallina
OIP-XPb5_MZwMY4VgQwwSPE6LQHaLN.jpeg,elefante
OIP-XPC291X_oWtudpetYQ7jrQAAAA.jpeg,elefante
OIP-XPfKqLYlNEz3QN18AjM2_wHaFj.jpeg,elefante
OIP-XPgDf89xL54qsuUt6TgAZAEsDH.jpeg,gatto
OIP-XPKLZT_zNEnOncl_ImJK4AHaE7.jpeg,scoiattolo
OIP-xPm8S--gHdlkK593BTm8ZgHaFj.jpeg,ragno
OIP-xPn_heQ0QSwQCGfuqQhCqQHaEW.jpeg,ragno
OIP-XPO-RkDvIEO8nexFHL8gEgHaFe.jpeg,elefante
OIP-xPRvy13TPTjifBnxmot5JQHaFj.jpeg,elefante
OIP-xPVRmSlWGZleObiuuQoBMwHaFi.jpeg,ragno
OIP-xq5e35WizCPvhmM2Md3RdAHaEK.jpeg,gallina
OIP-xq6HLyxyjJo5OXWSBqCrHQHaF7.jpeg,elefante
OIP-XQIMZnKXhphiGNPR4Va3kAHaJ3.jpeg,elefante
OIP-xqKAL3QjekKjtPZXFe-knwHaFS.jpeg,elefante
OIP-xQks8k3CEmBDxGiEISClKgHaJ4.jpeg,elefante
OIP-xQZWGR40fZe2oT9QGy0EMwAAAA.jpeg,gatto
OIP-xrAOu2XuZhTmkSJziRunrwHaFj.jpeg,pecora
OIP-XraQ7-bvFpRwSAcMXtv8_AHaLH.jpeg,farfalla
OIP-xRFiYwe9Vo-2iv_TqXEQ6gHaE8.jpeg,gallina
OIP-XrHR6piFxinj80Nga0LNkAHaGC.jpeg,cavallo
OIP-XrJoJf6WRgNiLvMXn3k1FgHaE8.jpeg,mucca
OIP-xRUJ5vM6GX9-kI3DoW48pQHaEw.jpeg,scoiattolo
OIP-XryCjPhfY9vZx7s-kjBF3gHaGd.jpeg,elefante
OIP-xsAC6ySnO3BwfOe15K2OmwHaEe.jpeg,scoiattolo
OIP-Xsjv01g6Wh3LiiqcLXad5gHaGQ.jpeg,gallina
OIP-xSkwg8pef-uIilK26ryB_gHaEK.jpeg,elefante
OIP-XsMLWOZi5f2TDQDVY2vNBwHaE6.jpeg,elefante
OIP-XsQnodYtW5JJiuenehj6qgHaFj.jpeg,pecora
OIP-xSVp9iG_8XlitJ0pHSZnEQHaFj.jpeg,elefante
OIP-XT0tWDjKpxqOlDHhoTK-cQHaE7.jpeg,gallina
OIP-xT_8wnOkyUmZTHVfn0PCIgHaFj.jpeg,scoiattolo
OIP-xtBuYZdAiTtFzImJUkc8rwHaE8.jpeg,elefante
OIP-XteFfmeQD1gfJMcU_VcUMwHaFj.jpeg,gallina
OIP-xthnqbNgb2DfWdoKLeeIJQHaE8.jpeg,gallina
OIP-Xtm4bBiTZAaBmGaD5Ka6RAHaEj.jpeg,gallina
OIP-XtvtS9GJ85ry4OJkWchJSgHaFj.jpeg,gallina
OIP-XTWh0RU8cNtOUq_r8vEtCQAAAA.jpeg,gallina
OIP-xTWXtSCYSYh3qh2d7T8eFAHaH4.jpeg,gallina
OIP-xU25y2pehtyd7kxR-Y55YAHaE8.jpeg,mucca
OIP-xU5dK02_CLVjBNwXpiTu-AHaE8.jpeg,pecora
OIP-XuEpdEl6VogyBJfduKTx4wHaEK.jpeg,cane
OIP-XUjPCECCw4-s-B-Ofn_EQAHaE8.jpeg,gallina
OIP-XuQRQxABomsH3gUkF2FNtQHaE6.jpeg,elefante
OIP-xuSE7c8cHRVtfr9o5eSl3AHaNJ.jpeg,cavallo
OIP-XV0iu_gTCvVtt7Bn7G9k5AHaFj.jpeg,farfalla
OIP-Xvb76XinVWyl_fSt_z4zvAHaGS.jpeg,scoiattolo
OIP-xVKXioG-VDc7sr-tIXRk4gAAAA.jpeg,elefante
OIP-XvLf1ehMbz_HXHxiX3Au0AHaE8.jpeg,gallina
OIP-XVnONsQuh6kWaIV5mcOGigHaFe.jpeg,pecora
OIP-XvnpSR3mUGTugVTo0i4GLAHaFj.jpeg,scoiattolo
OIP-XvoUl3bgWbFk-kqKW6PLTgHaEi.jpeg,pecora
OIP-xvp64XcRJcoJyTwAfD-SYwHaFj.jpeg,elefante
OIP-XVzWDq29AxtrsQyS0H1SUgHaE8.jpeg,scoiattolo
OIP-Xw1nTJh2k3JavqslsIG5sAHaFi.jpeg,elefante
OIP-XWGEslsdy_OCPIME7p_BKQHaH2.jpeg,elefante
OIP-xWHpZNoLQU9qtULk9_Lf2wHaD3.jpeg,gatto
OIP-Xwrb1TvTrl8Sbs840vPpTgHaFc.jpeg,gallina
OIP-XWSJ78EoxeASIzoAZ6qDtQHaFj.jpeg,pecora
OIP-xwWrIzvhJ1vaokUaLyZ50AHaFc.jpeg,gallina
OIP-Xx5vjoJokcipm_GBo1L4OgHaE8.jpeg,gallina
OIP-XXf5Q-vPAJSHlTgXrc1s2wHaJH.jpeg,gallina
OIP-XXHDFSk08xqSIx9Gz8L6fwHaFS.jpeg,cane
OIP-Xxit8lK1fEePHp-p08U8nAHaHa.jpeg,gallina
OIP-xXjPOeMolc93KhJW3BU1JgHaHz.jpeg,elefante
OIP-xXppqCqAAttfrEER-aFOOAHaE7.jpeg,elefante
OIP-XXU-UVxagMmTGKavsoG0vgHaFj.jpeg,elefante
OIP-xXXmecEfboeclfZL9gB6ywHaFV.jpeg,elefante
OIP-xYFcNyVCYEU0TsoSau2CzgHaEr.jpeg,scoiattolo
OIP-xYFWagaRX9-95vlSlZwsWwHaG3.jpeg,elefante
OIP-XyK2DoFrXxFrVLUXrQM7yQHaGK.jpeg,pecora
OIP-XYMvKeBIUFfkGvdOjjbYMAHaE7.jpeg,gallina
OIP-xyTTY_k-EaNms6ATJIBwjgHaFe.jpeg,gallina
OIP-XYUJfzJU2Ej_5ZIovzPreAHaE8.jpeg,elefante
OIP-xZcCyV5OXjD00MxFECO-kAHaFk.jpeg,elefante
OIP-xZD2U2o_YLgZ4G2bTDndzAHaE6.jpeg,elefante
OIP-XzHjf6XNzIst1n_4gGes5gHaFj.jpeg,gallina
OIP-XzhnN5dzJoEcwTPVi9kb_gHaFS.jpeg,elefante
OIP-xZpzZdr5tWT1E_UaU5tF6QDYEg.jpeg,farfalla
OIP-Y-NFwRJwRSswpu7BWHqwVQHaLH.jpeg,pecora
OIP-Y-X8BbNXpQyqGzz1HXbG_wAAAA.jpeg,scoiattolo
OIP-y0-tSXP6aFTs3SQVWMTYfAHaE6.jpeg,elefante
OIP-y02zWIannKiylrMwzV6psgHaF7.jpeg,pecora
OIP-Y0O4gcL8TRLLlnfPkGTVOgHaMi.jpeg,cane
OIP-y0siLNRjkEIOHudV0Ou2lgHaFj.jpeg,pecora
OIP-Y14MPMvMxlMFG7DRYOId4gHaJy.jpeg,elefante
OIP-Y156rMlWam7MWXtUGU1MzwHaFw.jpeg,cavallo
OIP-y1esZHSNyI9N0ToyF9fyHAHaF7.jpeg,elefante
OIP-Y1eVnNfZsvHfH9dzSXe1uAHaE7.jpeg,gallina
OIP-y1jzx2IDv-tzHt3DC280ZgHaFj.jpeg,pecora
OIP-y1lu1zaVNOsILG6rukr65QHaHk.jpeg,ragno
OIP-Y1MB2tBaRG5-ePPidka4BwHaGG.jpeg,elefante
OIP-Y1OLC6HhNFoD9ZRsFgtdAgHaE7.jpeg,ragno
OIP-y1p9YOHKaBS1ULUnykxztAHaE8.jpeg,cane
OIP-Y1RP23n3nqXGPJUISaBCyAHaKC.jpeg,elefante
OIP-y1urE3pUZ870x5mEWO8K-gHaEo.jpeg,gallina
OIP-Y1v8FDNXhLoognJawr4zGQHaEU.jpeg,elefante
OIP-y1YKGWZxd_mPEVVB-cThuAHaFj.jpeg,gallina
OIP-y26yPV9EgCbFMmfxfVaiQQHaFj.jpeg,elefante
OIP-y2kh2-MUfwrTSE4n5P2d-AHaFj.jpeg,elefante
OIP-Y2tYbJoZ3JjAzANxph84JAAAAA.jpeg,elefante
OIP-y3-siq4gNkpdfq4MS4_R0gHaFj.jpeg,gatto
OIP-Y34LmK6r5NH5MKyVgdfM4QAAAA.jpeg,gallina
OIP-y3DKM9Si91MNY5Ryx-sB2QHaGc.jpeg,pecora
OIP-Y3K0S6_5FG8w9LRcpNKv5QHaFj.jpeg,cavallo
OIP-y4-NIaT4zWXWyxpKpQ0dSAHaGN.jpeg,gallina
OIP-y4KpgwUcehzdI2Cw7qBszQHaE8.jpeg,farfalla
OIP-y4rOk6frkDGnpN7cNMVSAAAAAA.jpeg,scoiattolo
OIP-y4RWFwEn-MOgDI-F8rxqyQHaFj.jpeg,gallina
OIP-y4v3qpWNrEeyOQTQGDhstQHaFj.jpeg,pecora
OIP-Y52ybHIto3hesIw0qK-uCQHaFn.jpeg,farfalla
OIP-Y5_dpYEmm7Gar2Dyn_EZcAHaHa.jpeg,elefante
OIP-y5ArpgV1LJUZbgnlZVQrHAHaEK.jpeg,pecora
OIP-Y5LqV9FHAH_UlZJDAz8xKgHaEm.jpeg,farfalla
OIP-Y5nUSgbSLxT2eW3aqVHZrgHaFZ.jpeg,elefante
OIP-y5UP4TSobvmIDDTULbgQTQHaF6.jpeg,gallina
OIP-Y63AFgv8Dp4VJ_2yfJui3wHaE7.jpeg,gallina
OIP-Y6_rxGV23EeP8KPdNR4A0gHaHa.jpeg,scoiattolo
OIP-Y6B78QaOUn4qrlkEvguK3AHaEK.jpeg,gallina
OIP-Y6BQuvYoeS0tmqv4NnBLYgHaHk.jpeg,mucca
OIP-Y6Wbzl2gI2dcGduo5FESSgAAAA.jpeg,elefante
OIP-Y7br128-4XlDtsP2J4vjogHaEP.jpeg,elefante
OIP-y7f97MUcG6cwDWljxiF8dAHaFo.jpeg,farfalla
OIP-Y7FMzuqD4OlBRJiYV1S00wHaFd.jpeg,elefante
OIP-Y7KyhD1odFEC5rJ8zPMJHgHaEI.jpeg,farfalla
OIP-y7ONc_RIBeqYfcRFxNTi6QHaE9.jpeg,farfalla
OIP-Y7QK-nZ80d5-VKTMRiT3HwHaFj.jpeg,elefante
OIP-y7wQfy1f8qpp_nRNsbCBJwHaFr.jpeg,gallina
OIP-Y7Y1ZwJzWuB35O7hhBOXcQHaFe.jpeg,elefante
OIP-y8GPU8H1a3IvDSJhat_KNQHaFj.jpeg,farfalla
OIP-Y8Nk9wL4NlBrykJ98mvWwwHaF7.jpeg,elefante
OIP-Y94j2ic6dGAfayZSSDaotwHaFD.jpeg,elefante
OIP-y9hTivzT1cwzWlpeslmk9wAAAA.jpeg,cane
OIP-Y9LeROM_MRB9DaqFyt3IWgHaFL.jpeg,scoiattolo
OIP-Y_FnOETZgKXNyapx78PrDQAAAA.jpeg,elefante
OIP-y_k9wnt_j5pZZZe0yfd6dwHaFj.jpeg,scoiattolo
OIP-Y_qUC89aWJb7hu_Iw7KfmgHaFU.jpeg,gallina
OIP-y_xAZ9t26VqfNW0rKV-azAHaH4.jpeg,cavallo
OIP-YaAyNdJ4k-DJ8lGSarWxhwHaFj.jpeg,gallina
OIP-yAE2NMX23E1bMvcyPVKPmQHaE8.jpeg,farfalla
OIP-yAerSi_WJnJZzT4CLWirAgHaE8.jpeg,elefante
OIP-YafEJ2K8cxLmuSNnnj0pYwAAAA.jpeg,gallina
OIP-YaG-7zWoe_kY8_E5JDS5BgHaEK.jpeg,elefante
OIP-YaqYGs5PIFCaeypbu9sMIwHaD_.jpeg,elefante
OIP-yaTVwgaziAC5tbx7KUaW0wHaFh.jpeg,gallina
OIP-YAvnfMi9Ffq4da3syr8-rAAAAA.jpeg,gallina
OIP-YAwNBGdtq2aIMbdf695DBAHaGu.jpeg,cane
OIP-Yb8ChKk1TAvbwdbpnZxiAwHaFj.jpeg,ragno
OIP-ybht0YmqhxsHokbwu8owMQHaE8.jpeg,elefante
OIP-YbHUEBJHfwoQc7TpkokeEgHaE9.jpeg,gallina
OIP-YbJOabgiKvYTUCwQbjKBKQHaFj.jpeg,gallina
OIP-ybqM9IuDWY2tkqM3clTWNQHaFj.jpeg,gallina
OIP-yBv80z117f6vV4EN8e7d4QHaLL.jpeg,elefante
OIP-Ycj4mb0p67wmhGHXVfju-QHaE8.jpeg,cane
OIP-yCLSXJnB9EmSnWc5UzBQAAAAAA.jpeg,pecora
OIP-YcRtCRbFIC_L7GYBKbl-PQHaEL.jpeg,scoiattolo
OIP-YcT0_2zcWgFyy8KGQJB76wHaFn.jpeg,gallina
OIP-yCWEU_ZFts2hKPG70J20kAHaFj.jpeg,scoiattolo
OIP-ycxyJ5k8La6dDi2GbEwmLQHaFj.jpeg,gallina
OIP-YdCAP-1wOVr9rJTIAcTGbQHaE8.jpeg,gallina
OIP-yddgW7tU1pGEKkFinOvIOQHaFc.jpeg,cane
OIP-YdDkhy8AMPk9jQA4Zc087wHaFn.jpeg,gallina
OIP-ydJRsFASAIeZsDEu3T-ymgHaFO.jpeg,gallina
OIP-YDM4pr9FakA-w6XWG_aqTwHaE8.jpeg,gallina
OIP-YDmNBz4LvjEilNvRb5cDWQHaHa.jpeg,farfalla
OIP-ydOEHQBFSFfDLI6QkgLyygHaHa.jpeg,gallina
OIP-ydRdSimr8Q58BQAqXZKD4AHaEJ.jpeg,elefante
OIP-yDzy0tpddmUF9cdEocyeUQHaFU.jpeg,elefante
OIP-YE9OFJVKN8oTj_oDLcV2-wHaFj.jpeg,pecora
OIP-YEfQoFAFUq09PdvmlyndvwHaKq.jpeg,gallina
OIP-yeIFN-pyg-Ewti8esESt9AHaFj.jpeg,gallina
OIP-YenG4YuU1dBbEaRLp_AYugHaF2.jpeg,scoiattolo
OIP-yERX030eKf4ERBXZn7RfAAHaFk.jpeg,gallina
OIP-yEZXHC25wN0aaUGHgJE_JgHaE6.jpeg,gallina
OIP-yf8ZOdTdNRqs_ji3BGxvNwHaFj.jpeg,gallina
OIP-yFCsrW17X-oilPwJNdLiOgHaFj.jpeg,pecora
OIP-yFGxz3djgyy1y0QbobQBSwHaHa.jpeg,elefante
OIP-yFkf6c5jYoBpaQnet10UBgHaHS.jpeg,farfalla
OIP-YfkPOg6mv0zH9-2vMuYWywHaGC.jpeg,gallina
OIP-yFNpklFwbbwaGnhHF1tcxwHaE7.jpeg,elefante
OIP-yfuzLEFPv8c3V3Vj2_UxtwHaHD.jpeg,elefante
OIP-YFyAL6frLpA7UopWeG1FJgHaE7.jpeg,elefante
OIP-YgAccNVLfBfzHEBhygyjJAHaE6.jpeg,ragno
OIP-ygDZzFQIlEpSCXKwJPoG8QAAAA.jpeg,elefante
OIP-ygfPaNnmUlnetNn9zAZMdQHaEo.jpeg,elefante
OIP-YghQVlDnrRY6_HM6Z8ErwQHaFS.jpeg,elefante
OIP-ygMp0ySnR1ksxSPGLe8_EwHaE8.jpeg,elefante
OIP-YGO_Nzx8o2ODcXeZW0zKZAAAAA.jpeg,pecora
OIP-YGoGMvaerGjTgVOCePHjTAHaEo.jpeg,farfalla
OIP-YGTnQXoAewDJkJrSG-J7RAAAAA.jpeg,scoiattolo
OIP-YGutz0dHYgYaRK6GUAKlTwHaDt.jpeg,gatto
OIP-Ygx8HBXB1ItA1muvsljM7wHaE8.jpeg,elefante
OIP-Yh0vCV3UtNn_5asbtvj9fgHaFj.jpeg,elefante
OIP-YharsH9zZ9W6weJadUawKwHaE8.jpeg,elefante
OIP-YhbtsN3qwQJx9XN3ws66iAHaFy.jpeg,gallina
OIP-YHiOUZCimTWatJOEG3z_2wHaGo.jpeg,ragno
OIP-Yhiv7nSkTScLudsOfVhREgHaE6.jpeg,ragno
OIP-yhsoTARxcdAAObddIUCizAHaEK.jpeg,cavallo
OIP-YhSyjBc2spk5y8oN6maaIQHaF9.jpeg,ragno
OIP-yHtCCcWeKSf1f5ZSpDF5hgHaFj.jpeg,elefante
OIP-YHuW9cZ-N0KknPVKZWllYAHaEK.jpeg,elefante
OIP-yhxTD_VnYe_rE3dYB8_fEwHaFE.jpeg,elefante
OIP-YHyLhAJjDfbyuq4CHw58xgHaE7.jpeg,elefante
OIP-yI-e_vU-SkuaFpqaVIC84gHaFj.jpeg,gallina
OIP-yI-jQFDMofeukpa6PJqI9wHaFj.jpeg,scoiattolo
OIP-yI1b8Oa4nZtUYxFbJxsfOwHaFj.jpeg,elefante
OIP-yIG73ofFttfk9gGumKyVQQHaEc.jpeg,pecora
OIP-yImgX_ieA4Hl4frj_X29sAHaF5.jpeg,pecora
OIP-YinEwz-cVGsYW2NUDlflpwHaE8.jpeg,elefante
OIP-yiScgxRUruIv56_1ziafWQHaKS.jpeg,cavallo
OIP-YiUU9cAJM0jA_43YRG7MqwHaK2.jpeg,elefante
OIP-YiVGgzdh3yFYOCVEViO8LQHaFj.jpeg,gallina
OIP-yiz21nly_eu3Fuuby9nA0gHaE8.jpeg,elefante
OIP-yJ-9nmzFjRckSjmr_WnvtAEsDT.jpeg,cavallo
OIP-Yj0uEpfMjfgIcw7KQM-mFgHaFj.jpeg,mucca
OIP-YJ2FwLZzwZfvOucJenqJLQHaHa.jpeg,pecora
OIP-yJ2pIjN9Lr1HMYWbUZ9asQHaHa.jpeg,farfalla
OIP-Yj8ApFNAo_ozPhE637_kZAHaEX.jpeg,gallina
OIP-yJB7K-70pklUpUEaaEkCegHaHa.jpeg,gallina
OIP-yJIxn36Q3pSZhsSEph2h3QHaFK.jpeg,gallina
OIP-yjk5EGydup78Lj5ACVCkpAHaEr.jpeg,elefante
OIP-yjuaGm887pQuqyyAM7PB7wHaH7.jpeg,elefante
OIP-yJYwAYCXKlGvOi47_P9GzwHaFj.jpeg,gallina
OIP-yjz3HDAtK0E94baTZOq0vAHaFP.jpeg,elefante
OIP-yk0X7agqk7b--fOVDE5uyAHaFu.jpeg,gallina
OIP-yK6p7z0xmd5_3Z3EbX-niQHaJ4.jpeg,mucca
OIP-yka4v1ZUQe3hUWhp6Aq7tQAAAA.jpeg,elefante
OIP-YKaq1J-q7ptSBjYObU_HfgHaE9.jpeg,elefante
OIP-Ykdgvuj4eXxamEVLON4wLQHaF7.jpeg,elefante
OIP-YkfQ-POULAyJ6QgTwGMVbgHaHa.jpeg,ragno
OIP-Yks4l6PKEBREHOZe75DqpQHaFj.jpeg,ragno
OIP-yKsdCMmOVq14HoO2lLE4IQHaEK.jpeg,elefante
OIP-Ykv4UIvJtjedkWi9QPbfGgHaFj.jpeg,mucca
OIP-yKw7S21EZslwi83ZcNGNigHaEn.jpeg,cane
OIP-yL0XrlEm6DPqAbSLO2X3EAHaHa.jpeg,cane
OIP-yL1IijOW9pU1bGqRmd1Q6wHaFI.jpeg,elefante
OIP-YLBNzdH1VeVPLNLUI-r3BQHaE0.jpeg,scoiattolo
OIP-YlE_6-e4sx9KCCHOZzEQdAHaE4.jpeg,elefante
OIP-YLflLOE1XPSDnIC4EoD8ogHaJZ.jpeg,elefante
OIP-yLJovM5_nAzGbqDQZ1SEhwHaJo.jpeg,elefante
OIP-yLPxCv0d8yJGudDbf7LbKwHaFj.jpeg,farfalla
OIP-ymBanFBh8sMCwIq_ZMAwEgHaHr.jpeg,gallina
OIP-yMGhUmTwn_tzRtgWU3mzwgHaKa.jpeg,gallina
OIP-ymOzmVNmuXASXZXF8DxdYgHaE7.jpeg,cane
OIP-Ympr9MUUzlGzFjjrtE1c5QHaE7.jpeg,elefante
OIP-yn-HWD8oZUQ47FhOFBbTZwHaLp.jpeg,gallina
OIP-Yn7gTUmMkgKDvV6FyYzpiQHaFj.jpeg,elefante
OIP-yn99HUpTmYRJI3ttmUkYOQHaFN.jpeg,gallina
OIP-ynAoUW23rzwGY5YT8WwnhgHaFA.jpeg,gallina
OIP-ynBaRLCcIBEDsdCnnYCxjgHaE7.jpeg,elefante
OIP-YNdo4JVO8Zv-razWemwX8wHaFj.jpeg,ragno
OIP-YNdsWHK2HcrkWmHMWSKxGwHaEt.jpeg,gallina
OIP-YnKLqp8AjcA2RfMYDNukAQHaE7.jpeg,elefante
OIP-YnOgPF6iyEbmrPr_mG8KhAHaGJ.jpeg,pecora
OIP-ynPgue9MX5T_rLNTIdixTQHaGL.jpeg,elefante
OIP-YnpmR1tuD84ujm6GDl-t5AHaFi.jpeg,elefante
OIP-YNqBf_ZQHJthXHKsk-UE2wHaF7.jpeg,gatto
OIP-YnyHpkrf-BOXAVTWM8XWRgHaFj.jpeg,elefante
OIP-YOD9YX07m7dz3gxH33dcZAHaFj.jpeg,scoiattolo
OIP-yOHK5ZIP967zD4Yl2-32QwHaFj.jpeg,cane
OIP-YoLyyzHee6BHTx01rbqSEQHaFh.jpeg,pecora
OIP-YOOVDZNPXOAnjg-88ikvrQHaFH.jpeg,elefante
OIP-yOs7IBqMlgZvVbQjCcA4JQHaJL.jpeg,elefante
OIP-yovrYUSoMXp_nM7QIJDVzgHaF7.jpeg,elefante
OIP-YoVY2RIlr9E8uCxaYRU0YQHaE6.jpeg,scoiattolo
OIP-yP--Rnl7fF601Kc_UBOqoQHaGV.jpeg,elefante
OIP-yPcAcmqAt-WrHbIl-nb4uwHaE8.jpeg,gallina
OIP-ypckWrHiAmrRlokFOX12rAHaIn.jpeg,elefante
OIP-ypKTu5jpW99DTvpdc2SmJAHaFj.jpeg,elefante
OIP-yPnoy1IkDhxesASdsRhxqwAAAA.jpeg,cavallo
OIP-yPPD3M1EmCOpAs5KnERxTAHaF9.jpeg,scoiattolo
OIP-YPveGp_G4SlpcfThQOv2kgHaFj.jpeg,ragno
OIP-ypvnupPWTKy395NuuNHdBwHaE8.jpeg,gallina
OIP-yPzJ4vhOeFkEDm8em0aNrgHaES.jpeg,elefante
OIP-yqcuOBW2EiwbSTkVsn1vTwHaHa.jpeg,gallina
OIP-yQOkOWMC6j5lByDZgBPb0gHaE8.jpeg,elefante
OIP-YQXaeXxaHofNUT_VI4ZyXgHaDB.jpeg,scoiattolo
OIP-yr0ipS-MVSM_4SamCIG6hwHaE8.jpeg,elefante
OIP-yR0qOT2mrMxJ46dgjKSXcgHaHc.jpeg,pecora
OIP-yr3arwBSVWn3SZM_eo8bfwHaHa.jpeg,gallina
OIP-Yr4dHZUsE06rDsl5feGXCwAAAA.jpeg,gallina
OIP-Yr6M5g4v3plj-XggL9giOAHaE7.jpeg,elefante
OIP-YRb_rnyhYLQsiVPqRCTnZgHaF2.jpeg,elefante
OIP-yrDnVDB2X0pTQapZWX4MfAHaE8.jpeg,gallina
OIP-yRiKrj6uzbfj-mhUD2ERiwHaLF.jpeg,elefante
OIP-Yriy34724s3GpwU1My6_pAHaFj.jpeg,ragno
OIP-yRk1uhrwPUlXtjRsmpXctgHaE8.jpeg,elefante
OIP-YrkykgfBRezEr041yzYScQHaE-.jpeg,ragno
OIP-YRlnNiIVpOdUi54zRktYRAHaFl.jpeg,elefante
OIP-yrLONRQAYFpV6BiZ9F5psQAAAA.jpeg,scoiattolo
OIP-yRS3j_l2qeYrkcZA2HWbggHaD3.jpeg,gallina
OIP-YrzFuIdeX9RobM34GUQLXgHaFj.jpeg,elefante
OIP-YS5iZo21-pBOXrTToPlOGAHaE4.jpeg,pecora
OIP-YS9vWezpqOjB9Q6H4640CwHaE6.jpeg,elefante
OIP-ysBAYy3a2FHEeEOtGMHzYQHaE4.jpeg,elefante
OIP-YSRlacJJHUH4pPbEBR8vqwHaFj.jpeg,ragno
OIP-YSvTbdQNxAe02w2JYQGj4QAAAA.jpeg,pecora
OIP-YSw6HhGlOq1Y07zDYuBjrwHaEI.jpeg,mucca
OIP-yt-rH0g40LggjQVhi8segQHaFz.jpeg,mucca
OIP-YTaI33wWraLDeGCCUVRMvQHaHV.jpeg,cane
OIP-YtAM3qUnSzZarSAC4_TurQHaFj.jpeg,cane
OIP-yTeONkbtKVAYsjeufhrBfwHaEK.jpeg,pecora
OIP-ytfT8p7tRAYsx1C05S7dFQHaGf.jpeg,scoiattolo
OIP-YTh510mkfo_UqI7miMVBxgHaF8.jpeg,gallina
OIP-yTlS82zJzQbFqYdkCJ_w1gAAAA.jpeg,mucca
OIP-YtMbQsIVkqi2bu8dV8cRhQHaFj.jpeg,elefante
OIP-ytmfl7C5pbd46M8cK_yBmwHaFN.jpeg,ragno
OIP-yTNK11ZqJttOACZpdXgp9AHaFj.jpeg,gallina
OIP-Yu2kx2hDn36E7q4K4zRhSQHaFt.jpeg,elefante
OIP-Yu32H_EhSqQXohNmDnEsSwHaIK.jpeg,ragno
OIP-yU4BOMVE14rEDOvLFUtKMwHaFj.jpeg,elefante
OIP-YuAodSflaDMG44Zzf-H1xgHaEL.jpeg,elefante
OIP-YuBkKW9eQnm7XLXRILrtWQHaEK.jpeg,scoiattolo
OIP-yuhmbEXH7xT-FxnjEECrTgHaHa.jpeg,ragno
OIP-YuITCI_kJLVOInd90bw_wgAAAA.jpeg,scoiattolo
OIP-yuJpSiKzuvcC48nduwgdiAHaNK.jpeg,ragno
OIP-YUSgUCsLyaiQjaTeRe4O5gHaHa.jpeg,cavallo
OIP-yuv-wjOySwOQ6gCs6fQ1IgAAAA.jpeg,gallina
OIP-YUvS8V0CpsBI3NmKsYJXBgHaIl.jpeg,pecora
OIP-yUYBYcKSr4yp9UZPqv8v6QHaE3.jpeg,cavallo
OIP-Yv9aWuGsO4tDrGqR0rgjaQHaHa.jpeg,cavallo
OIP-YV_bkku6-2WDHnvYFdhr2gHaJK.jpeg,elefante
OIP-YVCfYFO7v5cHWyF3rEZ_nQHaFj.jpeg,elefante
OIP-yvJGp2oyBrv7EogLNzm0iAHaHL.jpeg,ragno
OIP-yVqQcwtn40ll4fiFwNdhigHaGA.jpeg,elefante
OIP-yVvcukdQ_jr7ugBIvMn_OAHaE7.jpeg,mucca
OIP-yvVJ64OLgclnn1URvzuk0QHaFS.jpeg,farfalla
OIP-yWF_EEgza7h9rU5I4X7AkAHaHQ.jpeg,cavallo
OIP-YwIeC2PA80im2Y8TsIuCGwHaFd.jpeg,ragno
OIP-ywR1iTzpP4Rr083pQ1LmvAHaFz.jpeg,gallina
OIP-YWyEWQpk5sqNJAmd9BgswAHaFk.jpeg,gallina
OIP-yx1XVbO-S6f5upF0239H9gHaEK.jpeg,ragno
OIP-YX3Ih9d-Tm-EDxI2yHy8QAHaJ3.jpeg,ragno
OIP-yX7rCcMC3JEr6T_Er_u5owHaEK.jpeg,elefante
OIP-yxAk3DFaD1T7FNMbR2MmqwHaGx.jpeg,elefante
OIP-YxdHuyG3D_h2GxgPAoYkfAHaHa.jpeg,gallina
OIP-yXhdfSY05RCYJMGBAqvBAwHaEL.jpeg,gallina
OIP-Yxli2LPGStzYvTpdATH4RwDMEx.jpeg,elefante
OIP-YXmplfa9d5PKoDf3pu0DQwHaE2.jpeg,gallina
OIP-YXMWEIWQ0_rw3DZyNfjGGgHaJg.jpeg,ragno
OIP-YXPSyYO0Hbmgfx9CdK4SJQHaFb.jpeg,gallina
OIP-yXvYry0Az3Hy1heAsRR4QQHaFj.jpeg,elefante
OIP-YXYCzbuMYSZXgxcdGwGI0wHaE1.jpeg,cane
OIP-YychsYBQAfWPWw7BS7JI0wHaHg.jpeg,elefante
OIP-YyeauP0zuVc7i91Up3M41AHaFj.jpeg,elefante
OIP-Yyh4VlT0b49km9bkiO1-dgHaGS.jpeg,elefante
OIP-yyh6D2hwNQjC7LCX1CPg7QHaE8.jpeg,elefante
OIP-YyleXNhHclyVkSf4dwVD8gHaF2.jpeg,gallina
OIP-yytX-O_uKfGYQnuYWKJZWAHaFj.jpeg,elefante
OIP-Yz7FaJBXM5MtzQev8t_E4AHaHa.jpeg,cavallo
OIP-yZbyVzKmho9oZE28deTN4wHaKk.jpeg,pecora
OIP-yZFqF2DrDy1iyg6kR30N4wD5D6.jpeg,ragno
OIP-YzMC8-HNg6_XhpwU9Mjh-QHaEc.jpeg,elefante
OIP-yZNH3aOunKPHr-IaKLd5-QHaHa.jpeg,cane
OIP-YZv_9IdUTJrHFxxlsjt4_AHaGp.jpeg,elefante
OIP-YzWqoT2FDnOEiJ_BFAZGqQHaLH.jpeg,elefante
OIP-YzZWlCiYdyG6V0W0BZyZQAHaLJ.jpeg,farfalla
OIP-z-1iuYXizpdFzQR0H0CoAgHaFj.jpeg,ragno
OIP-z-Di2tlPDdinq2kU19r-CQHaFN.jpeg,elefante
OIP-z-OwfL4HykOFtwh3nOKizgHaEx.jpeg,pecora
OIP-z-wGiKZS7eADZtA9pq3wegHaF7.jpeg,elefante
OIP-z-xnE4MOlcK-Yiu544sF-wHaE3.jpeg,elefante
OIP-z0dJ7avs4Bn9eK95A0Pv-gHaFs.jpeg,ragno
OIP-z0DYdNL_0i2S_K47M6AYywHaHa.jpeg,gallina
OIP-z0hr4IZaZg-8dzMnFG9j9gHaIl.jpeg,gallina
OIP-z0UEPlOllV3uEYUIOS_W9gHaFp.jpeg,elefante
OIP-z1IPLHRjG7f0Mkh5iH-y6QHaFi.jpeg,elefante
OIP-z1px7tqiLGw-zjupGLZ0ggHaFe.jpeg,scoiattolo
OIP-z1WgJuO8vFGlaA1fLtRTogHaE8.jpeg,pecora
OIP-Z1ZqgSv6x9XXL7XlXCK3ggHaEO.jpeg,gallina
OIP-z2bfO2fjpATaiv3zBPyMRAHaFj.jpeg,ragno
OIP-z2PWlHdCu_wHu-NYY-_jOgHaE7.jpeg,elefante
OIP-Z3BKWz-1E0cLbVJdtTm-BAHaFV.jpeg,gallina
OIP-Z3L_2AYJiiAf6UberJpaFwHaE-.jpeg,pecora
OIP-z3LYZR9iY5AGzFuvYyVJTwHaGH.jpeg,ragno
OIP-z3ShXDgJMuN_0iynwvwRvAHaE4.jpeg,cavallo
OIP-Z3WkMp9I6ReS2K3YnutuqAHaEj.jpeg,pecora
OIP-z3YUw780WTCqYZwyy4hZUAHaFj.jpeg,elefante
OIP-z4IC2FMKTmQFMsQwskSH_gHaE8.jpeg,elefante
OIP-z4OZ9Sudx_MmdoZJLDLxuQHaFj.jpeg,cane
OIP-z4u7KUGvVDP9KYGm5CyM9AHaE7.jpeg,ragno
OIP-Z59fIyOC6I9ancMM8itDdwHaEK.jpeg,gallina
OIP-Z5iFmuSQcqpyh-LtYS_hsQHaE-.jpeg,cane
OIP-z5jsUtsimxNFbuhi3xqCywHaEK.jpeg,pecora
OIP-z5TOnpygrdKsNzeEYaXkyQHaGY.jpeg,ragno
OIP-Z5YNuXq6bNWpZYvlSc1YXQHaI0.jpeg,gallina
OIP-z6_541dmzAK5YKbyqjQavAHaE7.jpeg,gallina
OIP-z7glKET-e-ks3f1EIDFfFAHaE7.jpeg,ragno
OIP-z7mAkLenfVJ2awYPNoKaugHaEK.jpeg,gallina
OIP-z7r25MUl5U3OO1mBP46A7gAAAA.jpeg,cavallo
OIP-Z8_xxpuotauY24XqOos7zwHaEH.jpeg,scoiattolo
OIP-Z8a_JtxkQbTf-VD4v3OjyAHaFj.jpeg,scoiattolo
OIP-z8DeCKnKdIaOO1WWS90t_gHaFZ.jpeg,pecora
OIP-Z8dqXxfmW8DEkPn-OvESZgHaGQ.jpeg,ragno
OIP-Z8lNnM2djoJUItfzflz4yAHaE8.jpeg,elefante
OIP-Z8VmSzz7fPryDFXKjUP3TwHaFY.jpeg,gallina
OIP-Z935_sdh57W4khAKJh5F6wHaEK.jpeg,elefante
OIP-z9478vvs3cL19YaWH_8xVAHaJ3.jpeg,pecora
OIP-z9UOSKTAtKdLibhxr75hCQHaGH.jpeg,gallina
OIP-Z9wGusnpjaWEUwcU_gcMHgHaEA.jpeg,ragno
OIP-z9Zuh6Td4hQNO0BOP7VPlwHaE8.jpeg,pecora
OIP-z_9YifLhPW0QANVPHjl0KQHaIA.jpeg,gallina
OIP-Z_c2YyxIEvHSO_AqJgCtwgHaE7.jpeg,mucca
OIP-Z_sTu0S2KU4_wVLFRZfu_QHaE7.jpeg,elefante
OIP-z_vKf7Z8Gjs2JjkUTbbnrwHaGl.jpeg,pecora
OIP-z_Y26rFvbazALq6sfXjgxwHaE8.jpeg,ragno
OIP-zA-8SGBuT1jzA49Jp9pSKgHaFj.jpeg,scoiattolo
OIP-ZajAN2xucmQksYVzB_oZ8wHaF7.jpeg,ragno
OIP-ZapRpPspWsg92JPyPw9mmgHaE7.jpeg,cane
OIP-ZAqo38Y9H20h-jIQGXgX2gHaEK.jpeg,elefante
OIP-zAVQr5TqThBWgOI5q9QYKgHaJ-.jpeg,mucca
OIP-ZAWaYnMs4303J6JESfmFXAHaJ3.jpeg,elefante
OIP-zaY33YSyzBcvJq_2Fb504QHaE-.jpeg,gallina
OIP-Zaz8YSZFXDh7HG9deuHBUQHaIP.jpeg,elefante
OIP-ZaZUcVtt4LhxEhxN8lkWEAHaEI.jpeg,cavallo
OIP-ZbJ0uMSq6BoPcN1f6OQrWgHaFL.jpeg,cavallo
OIP-zBLDroFvP4STHoJsebax0AHaJ4.jpeg,cane
OIP-zbPZNqeqEZ8Nj5QmqSV23gHaE6.jpeg,ragno
OIP-zBsrXI6g_ZYAzwoue2NMUAHaE-.jpeg,ragno
OIP-zbUXSJNmOibSFjyz7u4OOQHaEK.jpeg,farfalla
OIP-zc9j7b7Y9dCi2C1Hr5Yb1wHaFj.jpeg,gallina
OIP-ZcEMYnF3VmKAFUBmzX9oQAHaF7.jpeg,elefante
OIP-Zcg2-US3hetdfvA9f-dAUQHgGq.jpeg,ragno
OIP-ZcrTZMsiqbAQFxbYveZxLgHaHa.jpeg,gallina
OIP-zctT-guO9-iobSGmbqkvigHaFi.jpeg,gallina
OIP-ZCvaGKVTKrosDOBXpRHdiQHaDf.jpeg,cane
OIP-ZCXag3dGIjz8qq-SU9a8IwHaGE.jpeg,mucca
OIP-ZcyFicUrQxAEJwL7c4LdTwHaEI.jpeg,elefante
OIP-ZCyiAHPvffWj6EJOO1NbkwHaLD.jpeg,cane
OIP-Zd0P5XxV3ovxMOScygdxIgAAAA.jpeg,elefante
OIP-ZDaHaew_nCxNQJbETJfMmQHaE7.jpeg,elefante
OIP-ZDgK7ytrgrX2FtKqYMyspAHaFN.jpeg,mucca
OIP-ZdKSrkpG8B2-f3fueXw44gHaE9.jpeg,elefante
OIP-zdLC6J2HBU8m5uGhQNupOgAAAA.jpeg,gatto
OIP-zdlrQG-LZm4b-jv7r0YUHAHaEK.jpeg,pecora
OIP-ZdOG7FaKX1_M9vzYKkRcCgHaFj.jpeg,cavallo
OIP-zdOz0yx9r54k41PRrpjAJQHaE7.jpeg,gallina
OIP-zdPrSDi5YmHIJOv9De3GXgHaFl.jpeg,gallina
OIP-ZDW-PcFwt0dQXjgL6dkiZgHaGr.jpeg,elefante
OIP-ZE8duPPFcmDEGhT3by3CtwHaFj.jpeg,gallina
OIP-zeC2W1-zIInkqY3PKd83xgHaJc.jpeg,elefante
OIP-zEcEUsfyZRh-hVf_ePJOjQHaE7.jpeg,gallina
OIP-ZEdZkoW6oxd5jmHCEkHnDgHaHR.jpeg,gallina
OIP-zEEYiHDGKLRRpR-OBn9BoAEgDY.jpeg,ragno
OIP-zEF5uw6Km8yKjLpbi1EK0wHaEK.jpeg,scoiattolo
OIP-ZeL22_dU7eRsi9ei7jwt6wHaFS.jpeg,elefante
OIP-zENwSwo-KnGjxb8Bc4k65QHaED.jpeg,elefante
OIP-zEUYFDm5HzhJ7-wwQ84RZAHaE8.jpeg,cane
OIP-zF1ZnxyoxV-lHuLT4boBXAHaEV.jpeg,elefante
OIP-ZF2axKBKZ3KReJUGQR5vZAHaE8.jpeg,ragno
OIP-ZF7jEtDdy5DLaBvpT8fYnAHaE7.jpeg,scoiattolo
OIP-zF8bLcX3upodflev7Tu86gHaFQ.jpeg,elefante
OIP-zfAPVLu-8OF35j4RhgKULgHaHs.jpeg,elefante
OIP-ZFC9JVSQL-2s8iq_VSYrAwHaE8.jpeg,gallina
OIP-zfeA9wGapLysaWn48PqzYgHaEK.jpeg,elefante
OIP-zFemtSiGbaKprNZnV4og_QHaGM.jpeg,gallina
OIP-Zff5N4-iYYjiI-GtyLyfzAEbEs.jpeg,elefante
OIP-zFfKtZS1I-OIPb7-wCLcegHaEo.jpeg,ragno
OIP-ZfInpXvNerSZ1ewQBj0R5AD6Es.jpeg,elefante
OIP-ZfjbfidsFSqegdRnpD7mvgHaLH.jpeg,cane
OIP-ZfpKmVO0DVFjREjxCETW9AHaEv.jpeg,pecora
OIP-ZfSUmbi9oWxUK-NXuWoyWwHaEK.jpeg,elefante
OIP-ZfVKB4-HF1QGda1dv-CA5gHaFj.jpeg,elefante
OIP-zfw5W7yP-utIh75Wrmaq4AHaE7.jpeg,gallina
OIP-zFWF4AQsVuw2a70awHTbXAAAAA.jpeg,elefante
OIP-zgixIlkLBC07RVBKtZSEnQHaFj.jpeg,gallina
OIP-zGMhX-rG1gdBG3kxgdhhiQHaEo.jpeg,gallina
OIP-zgnS7gkojYJDxtOmbA9fpQHaFd.jpeg,elefante
OIP-ZGnxE9nAtbq0cmgNyEvDUAHaLJ.jpeg,scoiattolo
OIP-zgqo-Q3nZAJiB-4_4V_OUgHaFj.jpeg,gatto
OIP-zGQZIl0zO8kIxvK_A6zgTgHaE7.jpeg,gallina
OIP-ZGR0nj-S61PznMq2QWngTAHaLH.jpeg,mucca
OIP-ZGX1oI93O0HvmEoGPcoZKAHaGh.jpeg,elefante
OIP-zgZsf661wyCOgzjRfbj38AHaE8.jpeg,farfalla
OIP-Zh384dOlRCWBqPO4Sg5zyQHaEX.jpeg,elefante
OIP-ZhKqdKho8_qO3c7CXlUWKgHaHa.jpeg,pecora
OIP-zHL-hANx1RAlnL_9kekd4wHaGY.jpeg,gallina
OIP-zhLz2NNZOh527Bvrz2dlpAHaFw.jpeg,gallina
OIP-zhnFC-h860YrXsW5WWTPjQHaEK.jpeg,pecora
OIP-zHqQXbPpyTcKdrtiEKbbXwHaGz.jpeg,scoiattolo
OIP-ZIHd95eojWAF6l6zVDkQMgAAAA.jpeg,gallina
OIP-zIqEHpGmFhqOyMlLRNAQaAAAAA.jpeg,pecora
OIP-ziReSR7reBXhoIa6gCHiggHaEL.jpeg,ragno
OIP-ziUOT6pWQWsIDuVXSRBQwwHaFj.jpeg,pecora
OIP-ZJ4NQHaP4ipubJbH0fe04wHaF_.jpeg,gallina
OIP-ZJ8Fnnp_r8c1S1jeciGhbAHaHH.jpeg,gallina
OIP-zJGASEhErhx8CxqcSfNe8QHaKO.jpeg,elefante
OIP-zJn_aY8l9BUxFuy5g9zDqQHaEx.jpeg,elefante
OIP-ZjrjjZM8y9QuxjNDA-PiGQHaFA.jpeg,scoiattolo
OIP-zjScwLpkDbmUwdDzUHxq8QHaE8.jpeg,elefante
OIP-zJu-WsFpPgF2gfSHQQGmcAHaFj.jpeg,cavallo
OIP-zjwTdUMrYqiDrreBmvv5ugHaE7.jpeg,mucca
OIP-zjYKa4rvgOJm-9h5jSVO4AHaGm.jpeg,scoiattolo
OIP-zk-oAHGbwhmqUW3FMCK3OgHaEs.jpeg,elefante
OIP-zK3SpUbEx7hwb89nsp7LDQHaFz.jpeg,mucca
OIP-ZKbRICDW0sZ4itZGiQLzBgHaE7.jpeg,farfalla
OIP-ZkcXNJCUaDWfZ4y_w4m87wHaFc.jpeg,elefante
OIP-ZKeylUj2fTa022E5zZXJ8AHaFU.jpeg,gallina
OIP-ZKGktyKoBONOeiw0WOIjcAHaFj.jpeg,elefante
OIP-ZkLJCBJl_tUYOjVb29kOeQHaFj.jpeg,pecora
OIP-ZksMkJMlUBD3ncLAqrsbXgHaE8.jpeg,elefante
OIP-ZKTALDphJE_c1bQzbS5KuAHaFj.jpeg,gallina
OIP-zKvHiNsp2VW3qDWiCV3sCQHaFj.jpeg,mucca
OIP-ZKzV6CSgJxhUCMfnw29qRQAAAA.jpeg,elefante
OIP-zKZYCV302FwIUMVrwSr4xgEsDh.jpeg,cane
OIP-ZL30TCUllw0zONKD_lIcvAAAAA.jpeg,cane
OIP-zL7yETkNB7S78GmYTChynAHaEK.jpeg,ragno
OIP-Zl_kISq13Uh-Vw2SxHGEMwHaFj.jpeg,elefante
OIP-zlAXM5j1lboH0YjCncT7VQHaFH.jpeg,gallina
OIP-ZLSdLYAEcerAWVQtygCgwwHaHI.jpeg,pecora
OIP-zlUzki_MaBGxXVkckgozRwHaFK.jpeg,gallina
OIP-ZLyl67cae3ie7KHw1c6AVgHaFj.jpeg,ragno
OIP-zlZydWefzVPcuE9dXXyVngHaEo.jpeg,pecora
OIP-ZM3zCSZBCqNR-eDIYBmbnAHaFj.jpeg,elefante
OIP-zM8VTZHy5c8B5h8ezqvZewHaHa.jpeg,scoiattolo
OIP-ZMh0DVVsWTq4yrX6AmqynAHaKa.jpeg,elefante
OIP-ZmHxJ_Am_lek-nWczOBQYAHaFm.jpeg,elefante
OIP-ZmiYanstKYj7l_5NVXCOgAHaK6.jpeg,elefante
OIP-zmRVKajikjdZP0t356uLcgHaE7.jpeg,elefante
OIP-ZmVr7z14oXAlYojDFOAWUwHaEU.jpeg,elefante
OIP-zMvSRiIhrcdO_ZBtkjRpaAHaCe.jpeg,elefante
OIP-zN1P5-JTE_2SKiZg7pJFcgHaJc.jpeg,scoiattolo
OIP-zN7aZgPbLjN9SRlIuoJruAAAAA.jpeg,cane
OIP-zn8nXe80DvItXz86mexfzAHaFx.jpeg,elefante
OIP-ZnauAQ46UquWGnAC4nJt6wHaEo.jpeg,elefante
OIP-zNFQQ9y8-0M9G1h2GuHm4gHaJ4.jpeg,mucca
OIP-Zngvb06BtiDCbO37L6jB3wHaFj.jpeg,farfalla
OIP-znqgr0VmxzrkWBjrNTiCXAHaF9.jpeg,gallina
OIP-ZnRocPhmLMXVaQ_4f3414wHaDf.jpeg,gallina
OIP-zNuTGA5UlMGm-i_m6PHfNQHaE7.jpeg,elefante
OIP-zNV98pab43B-kuYqFn_X9QHaE7.jpeg,elefante
OIP-zNxLKirgVasKD_fh5ldDLgHaG7.jpeg,gallina
OIP-ZNzQnP57qFI8HNkD5v9T_AHaFj.jpeg,gallina
OIP-Zo0o5pRic21vud5Rhb-pHwHaJ7.jpeg,cavallo
OIP-Zo1nfsyQHDFYpfk9Je_GsQHaGn.jpeg,elefante
OIP-Zoh3ThibbqWnLjYsgyYyhQHaFO.jpeg,farfalla
OIP-zoHwBHIQJhCJXArT68-DYwHaFj.jpeg,ragno
OIP-ZOioh0cZHOnAVBon7I8sEgHaHa.jpeg,elefante
OIP-zoNeR-sDqoFiOkMJrGWv-gHaG9.jpeg,elefante
OIP-ZoQOqLDfqs_4aJn2g3foWgHaEK.jpeg,pecora
OIP-ZOqWEIeGmrl9G365ih4qpwHaHB.jpeg,elefante
OIP-zOTn7DpTBUt6Vj77SkNS1QHaFj.jpeg,cane
OIP-zoUAGfrpjJabe0T5ISlb1gHaFK.jpeg,ragno
OIP-zOwza5XA87aWNn_EudLawgHaFj.jpeg,scoiattolo
OIP-ZOyf6IsZVT2XDWeu-z-5cgHaEy.jpeg,farfalla
OIP-ZoYZzBjBgliTblAgXK-udwHaFj.jpeg,scoiattolo
OIP-zP3DkKZgncNZmqcs4npYPgHaFj.jpeg,ragno
OIP-ZPCSWHunqfFdDtt05ZtigAHaE8.jpeg,gallina
OIP-ZpDA196A18SL-y1QFaPWMgHaE8.jpeg,elefante
OIP-zPP9nlL2_JjcM1cNZLalHAHaFj.jpeg,ragno
OIP-ZPRJ85QAzQ7hC4vp7vzErwHaE8.jpeg,cavallo
OIP-ZPwLGck6a6rklGzDgUaniQAAAA.jpeg,gallina
OIP-zPXC6YneJgfSyJvKsNzvygHaFj.jpeg,gallina
OIP-ZPyzKCXDaUNiB2n6_DomkwHaFj.jpeg,elefante
OIP-ZPzO4qSo0-oqNjIXNAKpEwHaD9.jpeg,gallina
OIP-zqbZCin6JdYbHCZbyZ06EgHaFj.jpeg,elefante
OIP-ZqcIu3iL9DhdfbRxre-dBQHaGU.jpeg,elefante
OIP-zQfPgwUXT4NzOlq7FfLaiwHaEo.jpeg,gallina
OIP-zqHdoYk0ht41DfCY_fvCwwHaE7.jpeg,cane
OIP-zQjbD8dhmeeDUj3q0c5sOwHaGA.jpeg,elefante
OIP-ZqM6QlEfnf8IzyNnMqwzLwHaEo.jpeg,gallina
OIP-zQujY-HIcgMhoYlOul6-kAHaFj.jpeg,scoiattolo
OIP-zqYnjyMopVxXFFJHoztbOQHaH7.jpeg,farfalla
OIP-ZR-NuMDLR_C-1CHKM7ST8wHaE6.jpeg,elefante
OIP-zR5JWwcGaAoyJfCuXA3HjQHaHa.jpeg,cane
OIP-zR60JU-svbwJ16LH2nJuFAHaE9.jpeg,gallina
OIP-Zr7NJoklRq2lbwewQC2B7gHaFj.jpeg,elefante
OIP-zRBYveq0GEFHEhexq5qergHaFj.jpeg,pecora
OIP-ZrhAiuqtoqFNcluCCsNAOAHaE6.jpeg,elefante
OIP-ZrLva7w18PY4HH2YckooQgHaE8.jpeg,pecora
OIP-zRof4W-2TVfXicih2EXAcAHaE8.jpeg,elefante
OIP-zRrQsa9zgLsrPKmaefCQjQHaJ4.jpeg,gallina
OIP-ZS5DInubc9q7kjR5Jors5AHaHE.jpeg,elefante
OIP-ZS7oxOok93GW-NiMlreTkgHaF1.jpeg,cane
OIP-ZSC8LZ2lvhcUZj3mYcIosAHaFj.jpeg,gallina
OIP-zSFRABsp-oQXzJ5ih61n3wHaE8.jpeg,elefante
OIP-ZsgJBfKIHpL34E1VQ3F-owAAAA.jpeg,cane
OIP-ZsJIFgVHbyWc7rtF5VahrwEsEs.jpeg,ragno
OIP-ZsM4fpsufFh5rhb-pFW1vwHaE6.jpeg,elefante
OIP-zSvrkLxfcHGXLXGA0HuAhQHaFY.jpeg,gallina
OIP-Zt9YgfsbfRSQf5Q3L5cFmQHaFR.jpeg,ragno
OIP-ZtABzmrUKzZaUAMTiaD1zAHaGe.jpeg,gatto
OIP-ZtGJCW4Yi5r8tnjJQQayMgHaE8.jpeg,pecora
OIP-Zth6cJmSmgGMbtpQzCPD-gHaFj.jpeg,elefante
OIP-ztjKO_kJHi9_7fIo8H2UZQHaFu.jpeg,pecora
OIP-ZtY1_4BSHElRMCqoCN2bFwHaGS.jpeg,cavallo
OIP-zTZOBQDSHImiSfPRFK7-awHaFj.jpeg,gallina
OIP-zUF_ra1ngpfADvA4_Nj-FgHaF2.jpeg,gallina
OIP-zuFC6GWsjwIPd_m6hD2d_QHaGC.jpeg,ragno
OIP-ZuscNSDaZ8h9OcpZNGdxSgHaFo.jpeg,gallina
OIP-ZUY7toQI0-7-VKHm0O8IzgHaEv.jpeg,gallina
OIP-zUyUGw9rBTpao-d069brPwHaFj.jpeg,scoiattolo
OIP-zvCqqr685P7kiWgMRFalKAHaHJ.jpeg,elefante
OIP-zVdQ446bd_EdeFKxA3-FhwHaFj.jpeg,gallina
OIP-ZvDRd0kuA-VSdDMa65xbQAAAAA.jpeg,elefante
OIP-zVErTw8mSPohwjPxvw6ehgAAAA.jpeg,cane
OIP-ZVEttZ3Lkl4un9LLPvOBDAHaGO.jpeg,gallina
OIP-ZVfa-rayFxx76OpQRDzlkQHaDt.jpeg,pecora
OIP-zVFfJKZOFNSyVGwkzFxK0QHaE2.jpeg,farfalla
OIP-ZVhEK6Z2rrD5gokYFruOFAAAAA.jpeg,gallina
OIP-zviraYI5chw-Hvzi_PwvHQHaE8.jpeg,farfalla
OIP-ZvjLwEF2kmARCQnz9EYFlgHaE8.jpeg,elefante
OIP-zVKU53Szo2PgWJZ9MMp1tAC7FN.jpeg,elefante
OIP-ZVofdfmT6nHfETl6y0BZEAHaFf.jpeg,gallina
OIP-ZVPwvKY3N2tqg00m_z92rQHaE8.jpeg,gallina
OIP-ZVWbAtNppZ_gvtzom5sBegHaFj.jpeg,elefante
OIP-ZVzrRQlCFB1GIgmwC2y1GwHaFN.jpeg,cane
OIP-ZW7g8PqUrwZTwFgbzQ1LGwHaFj.jpeg,elefante
OIP-Zw7kOwinhlE9mol5L4SJJQHaEo.jpeg,elefante
OIP-ZwaHaljnOjpKYFfWmCNaOwHaE8.jpeg,gallina
OIP-zWLfUk_v3RUz-PhLxMEd1AHaFj.jpeg,scoiattolo
OIP-zwsmvOpywbUHPDIiA9vLBgHaEK.jpeg,elefante
OIP-zWxNJGDglzWquS2Uu8JssgHaFj.jpeg,pecora
OIP-zX_hUPbuXD9Dg_8E6vJEowHaE8.jpeg,elefante
OIP-ZXlslUCo82OOxHlAotqIvwHaEK.jpeg,ragno
OIP-zY8UzN7mmii4lZgcGdovaQHaK2.jpeg,mucca
OIP-zYBdcDlCOtl_jVRthapcBAHaJr.jpeg,pecora
OIP-zYD_2_Leq1OPNGZxVLMlkQHaJh.jpeg,gallina
OIP-zYTwzDLkk_kueB-NEvT14AHaE8.jpeg,elefante
OIP-zYvaE-5JACx0_d0Z3VoxBwHaHS.jpeg,pecora
OIP-ZYWcVvCt3P-TlEkYuq84swHaE9.jpeg,cane
OIP-ZZhCD9PI4oWKdy_eaRjE7QHaFb.jpeg,gallina
OIP-zzkVMFiIk1M2U_QCfd0vLwHaKo.jpeg,cane
OIP-ZZoOuYOOpWwIuFxNtxD4VQHaL_.jpeg,ragno
OIP-ZZqnhvKvPMcxR-K6JoVpWwHaG6.jpeg,gallina
OIP-zztIh87vLG9VhslKsBt1ZQHaFr.jpeg,gallina
OIP-ZzvtXcnhCUa_WHoix4gEhwEsDG.jpeg,scoiattolo
OIP-zZw0W0S_upyoUULuc3u1SQHaE7.jpeg,ragno
OIP-zZzu2E_-qNiU86Zp23-l_gHaFj.jpeg,elefante
